,cells,total_score,chrom,start,end,strand,splice_motif,donor_seq,acceptor_seq,label_5_prime,label_3_prime,position_off_5_prime,position_off_3_prime,perfect_match_5_prime,perfect_match_3_prime,both_ends_transcripts,only_5_prime_transcripts,only_3_prime_transcripts,transcript_types,gene_ids,gene_names,transcripts_junc_5,transcripts_junc_3,gene_types
chr1_30943323_30943931_-,14,543,chr1,30943323,30943931,-,GT-AG,GT,AG,annotated on 5',annotated on 3',1,0,"['ENSMUST00000232841.1', 'ENSMUST00000233506.1', 'ENSMUST00000027232.14', 'ENSMUST00000076587.5', 'ENSMUST00000153681.1', 'ENSMUST00000130934.1']","['ENSMUST00000232841.1', 'ENSMUST00000233506.1', 'ENSMUST00000027232.14', 'ENSMUST00000076587.5', 'ENSMUST00000153681.1', 'ENSMUST00000130934.1']","['ENSMUST00000232841.1', 'ENSMUST00000076587.5', 'ENSMUST00000233506.1', 'ENSMUST00000130934.1', 'ENSMUST00000027232.14', 'ENSMUST00000153681.1']",[],[],"['protein_coding', 'retained_intron']","['ENSMUSG00000026064.16', 'ENSMUSG00000117310.1']","['Ptp4a1', 'Ptp4a1']","['ENSMUST00000232841.1', 'ENSMUST00000076587.5', 'ENSMUST00000233506.1', 'ENSMUST00000130934.1', 'ENSMUST00000027232.14', 'ENSMUST00000153681.1']","['ENSMUST00000232841.1', 'ENSMUST00000076587.5', 'ENSMUST00000233506.1', 'ENSMUST00000130934.1', 'ENSMUST00000027232.14', 'ENSMUST00000153681.1']",['protein_coding']
chr1_45311832_45321496_+,6,661,chr1,45311832,45321496,+,GT-AG,GT,AG,annotated on 5',annotated on 3',0,1,"['ENSMUST00000129611.1', 'ENSMUST00000087883.12', 'ENSMUST00000189818.1']","['ENSMUST00000129611.1', 'ENSMUST00000087883.12']","['ENSMUST00000129611.1', 'ENSMUST00000087883.12']","['ENSMUST00000198698.1', 'ENSMUST00000189818.1']",[],"['miRNA', 'processed_transcript', 'protein_coding', 'retained_intron']","['ENSMUSG00000105211.1', 'ENSMUSG00000026043.18']","['Gm47302', 'Col3a1']","['ENSMUST00000129611.1', 'ENSMUST00000198698.1', 'ENSMUST00000189818.1', 'ENSMUST00000087883.12']","['ENSMUST00000129611.1', 'ENSMUST00000087883.12']","['miRNA', 'protein_coding']"
chr1_88215882_88216137_+,9,2376,chr1,88215882,88216137,+,GT-AG,GT,AG,annotated on 5',annotated on 3',0,1,"['ENSMUST00000138182.7', 'ENSMUST00000113142.9', 'ENSMUST00000173325.1', 'ENSMUST00000073772.4', 'ENSMUST00000113139.1', 'ENSMUST00000150634.7', 'ENSMUST00000058237.13', 'ENSMUST00000113138.7', 'ENSMUST00000113135.5', 'ENSMUST00000113137.1', 'ENSMUST00000113134.7', 'ENSMUST00000140092.7', 'ENSMUST00000014263.5', 'ENSMUST00000097659.4', 'ENSMUST00000049289.8', 'ENSMUST00000073049.6']","['ENSMUST00000138182.7', 'ENSMUST00000113142.9', 'ENSMUST00000173325.1', 'ENSMUST00000073772.4', 'ENSMUST00000113139.1', 'ENSMUST00000150634.7', 'ENSMUST00000058237.13', 'ENSMUST00000126203.7', 'ENSMUST00000113138.7', 'ENSMUST00000113135.5', 'ENSMUST00000113137.1', 'ENSMUST00000113134.7', 'ENSMUST00000140092.7', 'ENSMUST00000014263.5', 'ENSMUST00000097659.4', 'ENSMUST00000049289.8', 'ENSMUST00000073049.6']","['ENSMUST00000113138.7', 'ENSMUST00000150634.7', 'ENSMUST00000073049.6', 'ENSMUST00000073772.4', 'ENSMUST00000113142.9', 'ENSMUST00000097659.4', 'ENSMUST00000173325.1', 'ENSMUST00000113134.7', 'ENSMUST00000113139.1', 'ENSMUST00000014263.5', 'ENSMUST00000113135.5', 'ENSMUST00000113137.1', 'ENSMUST00000049289.8', 'ENSMUST00000058237.13', 'ENSMUST00000140092.7', 'ENSMUST00000138182.7']",[],['ENSMUST00000126203.7'],"['nonsense_mediated_decay', 'protein_coding']","['ENSMUSG00000090175.1', 'ENSMUSG00000090145.7', 'ENSMUSG00000054545.17', 'ENSMUSG00000089675.1', 'ENSMUSG00000090124.7', 'ENSMUSG00000089943.1', 'ENSMUSG00000090171.1', 'ENSMUSG00000090165.8', 'ENSMUSG00000089960.1']","['Ugt1a9', 'Ugt1a6b', 'Ugt1a6a', 'Ugt1a8', 'Ugt1a7c', 'Ugt1a5', 'Ugt1a2', 'Ugt1a10', 'Ugt1a1']","['ENSMUST00000113138.7', 'ENSMUST00000150634.7', 'ENSMUST00000073049.6', 'ENSMUST00000073772.4', 'ENSMUST00000113142.9', 'ENSMUST00000097659.4', 'ENSMUST00000173325.1', 'ENSMUST00000113134.7', 'ENSMUST00000113139.1', 'ENSMUST00000014263.5', 'ENSMUST00000113135.5', 'ENSMUST00000113137.1', 'ENSMUST00000049289.8', 'ENSMUST00000058237.13', 'ENSMUST00000140092.7', 'ENSMUST00000138182.7']","['ENSMUST00000113138.7', 'ENSMUST00000150634.7', 'ENSMUST00000073049.6', 'ENSMUST00000073772.4', 'ENSMUST00000113142.9', 'ENSMUST00000126203.7', 'ENSMUST00000097659.4', 'ENSMUST00000173325.1', 'ENSMUST00000113134.7', 'ENSMUST00000113139.1', 'ENSMUST00000014263.5', 'ENSMUST00000113135.5', 'ENSMUST00000113137.1', 'ENSMUST00000049289.8', 'ENSMUST00000058237.13', 'ENSMUST00000140092.7', 'ENSMUST00000138182.7']",['protein_coding']
chr1_93343711_93346155_+,8,288,chr1,93343711,93346155,+,GT-AG,GT,AG,annotated on 5',annotated on 3',0,1,"['ENSMUST00000027494.10', 'ENSMUST00000185498.6', 'ENSMUST00000127141.1']","['ENSMUST00000027494.10', 'ENSMUST00000127141.1']","['ENSMUST00000127141.1', 'ENSMUST00000027494.10']",['ENSMUST00000185498.6'],['ENSMUST00000198980.1'],"['nonsense_mediated_decay', 'miRNA', 'protein_coding']","['ENSMUSG00000026275.13', 'ENSMUSG00000106302.1']","['Ppp1r7', 'Mir6902']","['ENSMUST00000127141.1', 'ENSMUST00000185498.6', 'ENSMUST00000027494.10']","['ENSMUST00000127141.1', 'ENSMUST00000198980.1', 'ENSMUST00000027494.10']","['miRNA', 'protein_coding']"
chr1_132007940_132014382_+,7,212,chr1,132007940,132014382,+,GT-AG,GT,AG,annotated on 5',annotated on 3',0,1,"['ENSMUST00000086556.11', 'ENSMUST00000027696.9']","['ENSMUST00000191034.1', 'ENSMUST00000086556.11', 'ENSMUST00000027696.9', 'ENSMUST00000146188.1', 'ENSMUST00000124579.1', 'ENSMUST00000146432.1']","['ENSMUST00000027696.9', 'ENSMUST00000086556.11']",[],"['ENSMUST00000146432.1', 'ENSMUST00000124579.1', 'ENSMUST00000191034.1', 'ENSMUST00000146188.1']","['processed_transcript', 'protein_coding']","['ENSMUSG00000100037.1', 'ENSMUSG00000026436.15']","['Gm29103', 'Elk4']","['ENSMUST00000027696.9', 'ENSMUST00000086556.11']","['ENSMUST00000086556.11', 'ENSMUST00000027696.9', 'ENSMUST00000146432.1', 'ENSMUST00000191034.1', 'ENSMUST00000146188.1', 'ENSMUST00000124579.1']","['processed_transcript', 'protein_coding']"
chr1_184822406_184822488_-,21,1437,chr1,184822406,184822488,-,GT-AG,GT,AG,annotated on 5',annotated on 3',1,0,"['ENSMUST00000068725.9', 'ENSMUST00000161359.7', 'ENSMUST00000161341.7', 'ENSMUST00000162261.7', 'ENSMUST00000162866.6', 'ENSMUST00000161821.3']","['ENSMUST00000068725.9', 'ENSMUST00000161359.7', 'ENSMUST00000161341.7', 'ENSMUST00000162261.7', 'ENSMUST00000162866.6', 'ENSMUST00000159293.7', 'ENSMUST00000161821.3']","['ENSMUST00000068725.9', 'ENSMUST00000162866.6', 'ENSMUST00000161359.7', 'ENSMUST00000161821.3', 'ENSMUST00000161341.7', 'ENSMUST00000157934.1', 'ENSMUST00000162261.7']",[],['ENSMUST00000159293.7'],"['miRNA', 'processed_transcript', 'protein_coding', 'retained_intron']","['ENSMUSG00000073481.9', 'ENSMUSG00000088559.1']","['Marc2', 'Mir1981']","['ENSMUST00000068725.9', 'ENSMUST00000162866.6', 'ENSMUST00000161359.7', 'ENSMUST00000161821.3', 'ENSMUST00000161341.7', 'ENSMUST00000157934.1', 'ENSMUST00000162261.7']","['ENSMUST00000068725.9', 'ENSMUST00000162866.6', 'ENSMUST00000161359.7', 'ENSMUST00000161821.3', 'ENSMUST00000159293.7', 'ENSMUST00000161341.7', 'ENSMUST00000157934.1', 'ENSMUST00000162261.7']","['miRNA', 'protein_coding']"
chr1_184822550_184832575_-,20,1363,chr1,184822550,184832575,-,GT-AG,GT,AG,annotated on 5',annotated on 3',1,0,"['ENSMUST00000068725.9', 'ENSMUST00000159293.7', 'ENSMUST00000161821.3', 'ENSMUST00000162501.6']","['ENSMUST00000068725.9', 'ENSMUST00000161359.7', 'ENSMUST00000162261.7', 'ENSMUST00000162866.6', 'ENSMUST00000161821.3']","['ENSMUST00000068725.9', 'ENSMUST00000161821.3']","['ENSMUST00000159293.7', 'ENSMUST00000162501.6']","['ENSMUST00000161359.7', 'ENSMUST00000157934.1', 'ENSMUST00000162866.6', 'ENSMUST00000162261.7']","['miRNA', 'processed_transcript', 'protein_coding']","['ENSMUSG00000073481.9', 'ENSMUSG00000088559.1']","['Marc2', 'Mir1981']","['ENSMUST00000068725.9', 'ENSMUST00000161821.3', 'ENSMUST00000159293.7', 'ENSMUST00000162501.6']","['ENSMUST00000068725.9', 'ENSMUST00000162866.6', 'ENSMUST00000161359.7', 'ENSMUST00000161821.3', 'ENSMUST00000157934.1', 'ENSMUST00000162261.7']","['miRNA', 'protein_coding']"
chr10_80828633_80828710_+,38,15109,chr10,80828633,80828710,+,GT-AG,GT,AG,annotated on 5',annotated on 3',0,1,"['ENSMUST00000060987.14', 'ENSMUST00000179894.1', 'ENSMUST00000177850.7', 'ENSMUST00000180036.7', 'ENSMUST00000179172.7', 'ENSMUST00000179620.7', 'ENSMUST00000179341.1']","['ENSMUST00000060987.14', 'ENSMUST00000179894.1', 'ENSMUST00000177850.7', 'ENSMUST00000180036.7', 'ENSMUST00000179620.7', 'ENSMUST00000179341.1']","['ENSMUST00000179894.1', 'ENSMUST00000177850.7', 'ENSMUST00000179172.7', 'ENSMUST00000179341.1', 'ENSMUST00000179620.7', 'ENSMUST00000060987.14', 'ENSMUST00000180036.7']",[],['ENSMUST00000157368.1'],"['miRNA', 'protein_coding', 'retained_intron']","['ENSMUSG00000035242.15', 'ENSMUSG00000087993.1']","['Oaz1', 'Mir1982']","['ENSMUST00000179894.1', 'ENSMUST00000177850.7', 'ENSMUST00000179172.7', 'ENSMUST00000179341.1', 'ENSMUST00000179620.7', 'ENSMUST00000060987.14', 'ENSMUST00000180036.7']","['ENSMUST00000179894.1', 'ENSMUST00000177850.7', 'ENSMUST00000179172.7', 'ENSMUST00000179341.1', 'ENSMUST00000179620.7', 'ENSMUST00000157368.1', 'ENSMUST00000060987.14', 'ENSMUST00000180036.7']","['miRNA', 'protein_coding']"
chr10_80828796_80828870_+,38,10513,chr10,80828796,80828870,+,GT-AG,GT,AG,annotated on 5',annotated on 3',0,1,"['ENSMUST00000060987.14', 'ENSMUST00000177850.7', 'ENSMUST00000180036.7', 'ENSMUST00000179172.7', 'ENSMUST00000179620.7', 'ENSMUST00000179341.1']","['ENSMUST00000060987.14', 'ENSMUST00000177850.7', 'ENSMUST00000180036.7', 'ENSMUST00000179172.7', 'ENSMUST00000179620.7']","['ENSMUST00000177850.7', 'ENSMUST00000179172.7', 'ENSMUST00000179341.1', 'ENSMUST00000179620.7', 'ENSMUST00000157368.1', 'ENSMUST00000060987.14', 'ENSMUST00000180036.7']",[],[],"['miRNA', 'protein_coding']","['ENSMUSG00000035242.15', 'ENSMUSG00000087993.1']","['Oaz1', 'Mir1982']","['ENSMUST00000177850.7', 'ENSMUST00000179172.7', 'ENSMUST00000179341.1', 'ENSMUST00000179620.7', 'ENSMUST00000157368.1', 'ENSMUST00000060987.14', 'ENSMUST00000180036.7']","['ENSMUST00000177850.7', 'ENSMUST00000179172.7', 'ENSMUST00000179341.1', 'ENSMUST00000179620.7', 'ENSMUST00000157368.1', 'ENSMUST00000060987.14', 'ENSMUST00000180036.7']","['miRNA', 'protein_coding']"
chr10_128511786_128511868_-,6,271,chr10,128511786,128511868,-,GT-AG,GT,AG,annotated on 5',annotated on 3',1,0,"['ENSMUST00000026427.7', 'ENSMUST00000220429.1']","['ENSMUST00000026427.7', 'ENSMUST00000220429.1']","['ENSMUST00000220429.1', 'ENSMUST00000026427.7']",['ENSMUST00000184514.1'],[],"['nonsense_mediated_decay', 'miRNA', 'protein_coding']","['ENSMUSG00000025366.8', 'ENSMUSG00000099292.1']","['Esyt1', 'Mir6916']","['ENSMUST00000220429.1', 'ENSMUST00000184514.1', 'ENSMUST00000026427.7']","['ENSMUST00000220429.1', 'ENSMUST00000026427.7']","['miRNA', 'protein_coding']"
chr11_98028468_98029394_+,42,8129,chr11,98028468,98029394,+,GT-AG,GT,AG,annotated on 5',annotated on 3',0,1,"['ENSMUST00000092425.10', 'ENSMUST00000017548.6']","['ENSMUST00000092425.10', 'ENSMUST00000017548.6']","['ENSMUST00000017548.6', 'ENSMUST00000092425.10']",[],['ENSMUST00000184365.1'],"['miRNA', 'protein_coding']","['ENSMUSG00000098992.1', 'ENSMUSG00000017404.12']","['Gm27597', 'Rpl19']","['ENSMUST00000017548.6', 'ENSMUST00000092425.10']","['ENSMUST00000017548.6', 'ENSMUST00000184365.1', 'ENSMUST00000092425.10']","['miRNA', 'protein_coding']"
chr11_98029515_98029774_+,42,8874,chr11,98029515,98029774,+,GT-AG,GT,AG,annotated on 5',annotated on 3',0,1,"['ENSMUST00000092425.10', 'ENSMUST00000017548.6']","['ENSMUST00000092425.10', 'ENSMUST00000017548.6']","['ENSMUST00000017548.6', 'ENSMUST00000092425.10']",['ENSMUST00000184365.1'],[],"['miRNA', 'protein_coding']","['ENSMUSG00000098992.1', 'ENSMUSG00000017404.12']","['Gm27597', 'Rpl19']","['ENSMUST00000017548.6', 'ENSMUST00000184365.1', 'ENSMUST00000092425.10']","['ENSMUST00000017548.6', 'ENSMUST00000092425.10']","['miRNA', 'protein_coding']"
chr11_106782693_106783958_-,17,781,chr11,106782693,106783958,-,GT-AG,GT,AG,annotated on 5',annotated on 3',1,0,['ENSMUST00000021062.11'],"['ENSMUST00000021062.11', 'ENSMUST00000130172.1']",['ENSMUST00000021062.11'],[],"['ENSMUST00000130172.1', 'ENSMUST00000175532.2', 'ENSMUST00000127481.7']","['miRNA', 'nonsense_mediated_decay', 'processed_transcript', 'protein_coding']","['ENSMUSG00000093273.2', 'ENSMUSG00000020719.14']","['Mir3064', 'Ddx5']",['ENSMUST00000021062.11'],"['ENSMUST00000130172.1', 'ENSMUST00000175532.2', 'ENSMUST00000127481.7', 'ENSMUST00000021062.11']","['miRNA', 'protein_coding']"
chr11_120347349_120347635_-,41,18231,chr11,120347349,120347635,-,GT-AG,GT,AG,annotated on 5',annotated on 3',1,0,"['ENSMUST00000071555.12', 'ENSMUST00000106215.10', 'ENSMUST00000131103.8', 'ENSMUST00000128055.1', 'ENSMUST00000141406.7']","['ENSMUST00000071555.12', 'ENSMUST00000106215.10', 'ENSMUST00000131103.8', 'ENSMUST00000128055.1']","['ENSMUST00000131103.8', 'ENSMUST00000128055.1', 'ENSMUST00000071555.12', 'ENSMUST00000106215.10']","['ENSMUST00000144868.1', 'ENSMUST00000141406.7']",['ENSMUST00000183615.1'],"['nonsense_mediated_decay', 'miRNA', 'protein_coding', 'retained_intron']","['ENSMUSG00000098955.1', 'ENSMUSG00000062825.15']","['Mir6935', 'Actg1']","['ENSMUST00000071555.12', 'ENSMUST00000131103.8', 'ENSMUST00000128055.1', 'ENSMUST00000141406.7', 'ENSMUST00000144868.1', 'ENSMUST00000106215.10']","['ENSMUST00000071555.12', 'ENSMUST00000131103.8', 'ENSMUST00000128055.1', 'ENSMUST00000106215.10', 'ENSMUST00000183615.1']","['miRNA', 'protein_coding']"
chr12_87266921_87268154_+,19,983,chr12,87266921,87268154,+,GT-AG,GT,AG,annotated on 5',annotated on 3',0,1,['ENSMUST00000021425.7'],"['ENSMUST00000223352.1', 'ENSMUST00000021425.7']",['ENSMUST00000021425.7'],['ENSMUST00000198146.1'],"['ENSMUST00000223002.1', 'ENSMUST00000223352.1']","['miRNA', 'protein_coding', 'retained_intron']","['ENSMUSG00000021037.7', 'ENSMUSG00000106561.1']","['Ahsa1', 'Gm47293']","['ENSMUST00000021425.7', 'ENSMUST00000198146.1']","['ENSMUST00000021425.7', 'ENSMUST00000223002.1', 'ENSMUST00000223352.1']","['miRNA', 'protein_coding']"
chr13_59762795_59769623_-,12,325,chr13,59762795,59769623,-,GT-AG,GT,AG,annotated on 5',annotated on 3',1,0,"['ENSMUST00000057115.6', 'ENSMUST00000225850.1', 'ENSMUST00000160628.1']","['ENSMUST00000057115.6', 'ENSMUST00000225850.1', 'ENSMUST00000225877.1', 'ENSMUST00000225581.1', 'ENSMUST00000160628.1']","['ENSMUST00000225850.1', 'ENSMUST00000057115.6', 'ENSMUST00000160628.1']",[],"['ENSMUST00000225877.1', 'ENSMUST00000225581.1']","['nonsense_mediated_decay', 'processed_transcript', 'protein_coding', 'retained_intron']","['ENSMUSG00000114763.1', 'ENSMUSG00000044792.7']","['Gm49354', 'Isca1']","['ENSMUST00000225850.1', 'ENSMUST00000057115.6', 'ENSMUST00000160628.1']","['ENSMUST00000225877.1', 'ENSMUST00000225581.1', 'ENSMUST00000225850.1', 'ENSMUST00000057115.6', 'ENSMUST00000160628.1']",['protein_coding']
chr15_58936460_58937351_+,35,3289,chr15,58936460,58937351,+,GT-AG,GT,AG,annotated on 5',annotated on 3',0,1,"['ENSMUST00000228787.1', 'ENSMUST00000022980.4']","['ENSMUST00000228787.1', 'ENSMUST00000022980.4']","['ENSMUST00000228787.1', 'ENSMUST00000022980.4']",[],[],"['nonsense_mediated_decay', 'protein_coding']","['ENSMUSG00000115463.1', 'ENSMUSG00000022354.4']","['Gm49356', 'Ndufb9']","['ENSMUST00000228787.1', 'ENSMUST00000022980.4']","['ENSMUST00000228787.1', 'ENSMUST00000022980.4']",['protein_coding']
chr15_76625205_76625988_-,22,1560,chr15,76625205,76625988,-,GT-AG,GT,AG,annotated on 5',annotated on 3',1,0,"['ENSMUST00000229545.1', 'ENSMUST00000229052.1', 'ENSMUST00000229261.1', 'ENSMUST00000229019.1', 'ENSMUST00000078803.4']","['ENSMUST00000229545.1', 'ENSMUST00000229052.1', 'ENSMUST00000229261.1', 'ENSMUST00000229019.1', 'ENSMUST00000078803.4']","['ENSMUST00000078803.4', 'ENSMUST00000229261.1', 'ENSMUST00000229019.1', 'ENSMUST00000229052.1', 'ENSMUST00000229545.1']",['ENSMUST00000165163.7'],[],"['protein_coding', 'retained_intron']","['ENSMUSG00000059323.14', 'ENSMUSG00000115987.1']","['Tonsl', 'Vps28']","['ENSMUST00000078803.4', 'ENSMUST00000165163.7', 'ENSMUST00000229261.1', 'ENSMUST00000229019.1', 'ENSMUST00000229052.1', 'ENSMUST00000229545.1']","['ENSMUST00000078803.4', 'ENSMUST00000229261.1', 'ENSMUST00000229019.1', 'ENSMUST00000229052.1', 'ENSMUST00000229545.1']",['protein_coding']
chr15_79035403_79035776_+,7,265,chr15,79035403,79035776,+,GT-AG,GT,AG,annotated on 5',annotated on 3',0,1,"['ENSMUST00000006544.8', 'ENSMUST00000171999.8', 'ENSMUST00000229276.1']","['ENSMUST00000006544.8', 'ENSMUST00000171999.8', 'ENSMUST00000229276.1']","['ENSMUST00000006544.8', 'ENSMUST00000171999.8', 'ENSMUST00000229276.1']",[],[],['protein_coding'],"['ENSMUSG00000006378.15', 'ENSMUSG00000116378.1']","['Gcat', 'Gcat']","['ENSMUST00000006544.8', 'ENSMUST00000171999.8', 'ENSMUST00000229276.1']","['ENSMUST00000006544.8', 'ENSMUST00000171999.8', 'ENSMUST00000229276.1']",['protein_coding']
chr15_98951336_98951468_-,39,4939,chr15,98951336,98951468,-,GT-AG,GT,AG,annotated on 5',annotated on 3',1,0,"['ENSMUST00000134214.2', 'ENSMUST00000097014.6']","['ENSMUST00000134214.2', 'ENSMUST00000097014.6']","['ENSMUST00000134214.2', 'ENSMUST00000097014.6']",[],[],['protein_coding'],"['ENSMUSG00000072235.6', 'ENSMUSG00000116358.1']","['Tuba1a', 'Gm49450']","['ENSMUST00000134214.2', 'ENSMUST00000097014.6']","['ENSMUST00000134214.2', 'ENSMUST00000097014.6']",['protein_coding']
chr16_18241873_18245200_-,30,2388,chr16,18241873,18245200,-,GT-AG,GT,AG,annotated on 5',annotated on 3',1,0,"['ENSMUST00000115645.9', 'ENSMUST00000052325.6']","['ENSMUST00000115645.9', 'ENSMUST00000052325.6']","['ENSMUST00000052325.6', 'ENSMUST00000115645.9']","['ENSMUST00000134035.1', 'ENSMUST00000232144.1']",[],"['nonsense_mediated_decay', 'processed_transcript', 'protein_coding']","['ENSMUSG00000116925.1', 'ENSMUSG00000005732.14']","['AC084822.2', 'Ranbp1']","['ENSMUST00000052325.6', 'ENSMUST00000115645.9', 'ENSMUST00000134035.1', 'ENSMUST00000232144.1']","['ENSMUST00000052325.6', 'ENSMUST00000115645.9']",['protein_coding']
chr16_18247425_18248547_-,27,1072,chr16,18247425,18248547,-,GT-AG,GT,AG,annotated on 5',annotated on 3',1,0,"['ENSMUST00000115645.9', 'ENSMUST00000123073.7']","['ENSMUST00000115645.9', 'ENSMUST00000052325.6', 'ENSMUST00000123073.7', 'ENSMUST00000134035.1', 'ENSMUST00000232144.1']","['ENSMUST00000115645.9', 'ENSMUST00000123073.7']",[],"['ENSMUST00000052325.6', 'ENSMUST00000134035.1', 'ENSMUST00000232144.1']","['nonsense_mediated_decay', 'processed_transcript', 'protein_coding', 'retained_intron']","['ENSMUSG00000116925.1', 'ENSMUSG00000005732.14']","['AC084822.2', 'Ranbp1']","['ENSMUST00000115645.9', 'ENSMUST00000123073.7']","['ENSMUST00000123073.7', 'ENSMUST00000052325.6', 'ENSMUST00000134035.1', 'ENSMUST00000115645.9', 'ENSMUST00000232144.1']",['protein_coding']
chr16_38349329_38352625_+,24,645,chr16,38349329,38352625,+,GT-AG,GT,AG,annotated on 5',annotated on 3',0,1,"['ENSMUST00000050273.8', 'ENSMUST00000144812.1', 'ENSMUST00000119704.1', 'ENSMUST00000134709.1', 'ENSMUST00000156026.1']","['ENSMUST00000050273.8', 'ENSMUST00000152868.1', 'ENSMUST00000144812.1', 'ENSMUST00000156026.1']","['ENSMUST00000144812.1', 'ENSMUST00000156026.1', 'ENSMUST00000050273.8']","['ENSMUST00000134709.1', 'ENSMUST00000119704.1']",['ENSMUST00000152868.1'],"['processed_transcript', 'protein_coding', 'retained_intron']","['ENSMUSG00000095464.1', 'ENSMUSG00000046516.10']","['Gm21987', 'Cox17']","['ENSMUST00000134709.1', 'ENSMUST00000050273.8', 'ENSMUST00000144812.1', 'ENSMUST00000156026.1', 'ENSMUST00000119704.1']","['ENSMUST00000144812.1', 'ENSMUST00000152868.1', 'ENSMUST00000156026.1', 'ENSMUST00000050273.8']",['protein_coding']
chr16_55966438_55966546_+,43,5168,chr16,55966438,55966546,+,GT-AG,GT,AG,annotated on 5',annotated on 3',0,1,"['ENSMUST00000023269.4', 'ENSMUST00000122365.1']","['ENSMUST00000023269.4', 'ENSMUST00000122365.1', 'ENSMUST00000126419.1']","['ENSMUST00000122365.1', 'ENSMUST00000023269.4']",[],['ENSMUST00000126419.1'],"['processed_transcript', 'protein_coding', 'retained_intron']","['ENSMUSG00000098371.1', 'ENSMUSG00000098274.7']","['Gm28037', 'Rpl24']","['ENSMUST00000122365.1', 'ENSMUST00000023269.4']","['ENSMUST00000126419.1', 'ENSMUST00000122365.1', 'ENSMUST00000023269.4']","['processed_transcript', 'protein_coding']"
chr16_55966622_55967059_+,42,5052,chr16,55966622,55967059,+,GT-AG,GT,AG,annotated on 5',annotated on 3',0,1,"['ENSMUST00000023269.4', 'ENSMUST00000122365.1', 'ENSMUST00000137811.7', 'ENSMUST00000126419.1']","['ENSMUST00000023269.4', 'ENSMUST00000122365.1', 'ENSMUST00000137811.7', 'ENSMUST00000126419.1']","['ENSMUST00000126419.1', 'ENSMUST00000137811.7', 'ENSMUST00000122365.1', 'ENSMUST00000023269.4']",[],[],"['processed_transcript', 'protein_coding', 'retained_intron']","['ENSMUSG00000098371.1', 'ENSMUSG00000098274.7']","['Gm28037', 'Rpl24']","['ENSMUST00000126419.1', 'ENSMUST00000137811.7', 'ENSMUST00000122365.1', 'ENSMUST00000023269.4']","['ENSMUST00000126419.1', 'ENSMUST00000137811.7', 'ENSMUST00000122365.1', 'ENSMUST00000023269.4']","['processed_transcript', 'protein_coding']"
chr16_55967170_55969509_+,42,4147,chr16,55967170,55969509,+,GT-AG,GT,AG,annotated on 5',annotated on 3',0,1,"['ENSMUST00000023269.4', 'ENSMUST00000122365.1', 'ENSMUST00000137811.7', 'ENSMUST00000126419.1']","['ENSMUST00000023269.4', 'ENSMUST00000122365.1', 'ENSMUST00000137811.7', 'ENSMUST00000126419.1']","['ENSMUST00000126419.1', 'ENSMUST00000137811.7', 'ENSMUST00000122365.1', 'ENSMUST00000023269.4']",[],[],"['processed_transcript', 'protein_coding', 'retained_intron']","['ENSMUSG00000098371.1', 'ENSMUSG00000098274.7']","['Gm28037', 'Rpl24']","['ENSMUST00000126419.1', 'ENSMUST00000137811.7', 'ENSMUST00000122365.1', 'ENSMUST00000023269.4']","['ENSMUST00000126419.1', 'ENSMUST00000137811.7', 'ENSMUST00000122365.1', 'ENSMUST00000023269.4']","['processed_transcript', 'protein_coding']"
chr16_55969646_55970111_+,42,3934,chr16,55969646,55970111,+,GT-AG,GT,AG,annotated on 5',annotated on 3',0,1,"['ENSMUST00000023269.4', 'ENSMUST00000122365.1', 'ENSMUST00000137811.7']","['ENSMUST00000023269.4', 'ENSMUST00000122365.1', 'ENSMUST00000137811.7']","['ENSMUST00000137811.7', 'ENSMUST00000122365.1', 'ENSMUST00000023269.4']",[],[],"['processed_transcript', 'protein_coding']","['ENSMUSG00000098371.1', 'ENSMUSG00000098274.7']","['Gm28037', 'Rpl24']","['ENSMUST00000137811.7', 'ENSMUST00000122365.1', 'ENSMUST00000023269.4']","['ENSMUST00000137811.7', 'ENSMUST00000122365.1', 'ENSMUST00000023269.4']","['processed_transcript', 'protein_coding']"
chr16_55970175_55971310_+,41,5456,chr16,55970175,55971310,+,GT-AG,GT,AG,annotated on 5',annotated on 3',0,1,"['ENSMUST00000023269.4', 'ENSMUST00000122365.1', 'ENSMUST00000137811.7', 'ENSMUST00000128581.1']","['ENSMUST00000023269.4', 'ENSMUST00000137811.7', 'ENSMUST00000128581.1']","['ENSMUST00000137811.7', 'ENSMUST00000128581.1', 'ENSMUST00000023269.4']",['ENSMUST00000122365.1'],[],"['processed_transcript', 'protein_coding', 'retained_intron']","['ENSMUSG00000098371.1', 'ENSMUSG00000098274.7']","['Gm28037', 'Rpl24']","['ENSMUST00000137811.7', 'ENSMUST00000122365.1', 'ENSMUST00000128581.1', 'ENSMUST00000023269.4']","['ENSMUST00000137811.7', 'ENSMUST00000128581.1', 'ENSMUST00000023269.4']","['processed_transcript', 'protein_coding']"
chr16_91388116_91391720_+,17,1195,chr16,91388116,91391720,+,GT-AG,GT,AG,annotated on 5',annotated on 3',0,1,"['ENSMUST00000023693.13', 'ENSMUST00000134491.8', 'ENSMUST00000117836.7', 'ENSMUST00000089042.6', 'ENSMUST00000139503.1']","['ENSMUST00000023693.13', 'ENSMUST00000134491.8', 'ENSMUST00000117836.7', 'ENSMUST00000089042.6', 'ENSMUST00000139503.1', 'ENSMUST00000161517.7', 'ENSMUST00000160764.1']","['ENSMUST00000139503.1', 'ENSMUST00000089042.6', 'ENSMUST00000023693.13', 'ENSMUST00000134491.8', 'ENSMUST00000117836.7']",[],"['ENSMUST00000161517.7', 'ENSMUST00000160764.1']","['nonsense_mediated_decay', 'protein_coding']","['ENSMUSG00000093701.7', 'ENSMUSG00000022971.18']","['Gm21970', 'Ifnar2']","['ENSMUST00000139503.1', 'ENSMUST00000089042.6', 'ENSMUST00000023693.13', 'ENSMUST00000134491.8', 'ENSMUST00000117836.7']","['ENSMUST00000139503.1', 'ENSMUST00000161517.7', 'ENSMUST00000089042.6', 'ENSMUST00000160764.1', 'ENSMUST00000023693.13', 'ENSMUST00000134491.8', 'ENSMUST00000117836.7']",['protein_coding']
chr17_24164608_24164698_-,34,7361,chr17,24164608,24164698,-,GT-AG,GT,AG,annotated on 5',annotated on 3',1,0,"['ENSMUST00000202853.1', 'ENSMUST00000151061.1', 'ENSMUST00000024932.11', 'ENSMUST00000098862.8', 'ENSMUST00000148541.7', 'ENSMUST00000156061.1', 'ENSMUST00000150647.1']","['ENSMUST00000202853.1', 'ENSMUST00000151061.1', 'ENSMUST00000024932.11', 'ENSMUST00000098862.8', 'ENSMUST00000148541.7', 'ENSMUST00000156061.1', 'ENSMUST00000150647.1']","['ENSMUST00000151061.1', 'ENSMUST00000150647.1', 'ENSMUST00000148541.7', 'ENSMUST00000156061.1', 'ENSMUST00000024932.11', 'ENSMUST00000202853.1', 'ENSMUST00000098862.8']",[],[],"['processed_transcript', 'protein_coding']","['ENSMUSG00000107169.1', 'ENSMUSG00000024121.13']","['Gm43796', 'Atp6v0c']","['ENSMUST00000151061.1', 'ENSMUST00000150647.1', 'ENSMUST00000148541.7', 'ENSMUST00000156061.1', 'ENSMUST00000024932.11', 'ENSMUST00000202853.1', 'ENSMUST00000098862.8']","['ENSMUST00000151061.1', 'ENSMUST00000150647.1', 'ENSMUST00000148541.7', 'ENSMUST00000156061.1', 'ENSMUST00000024932.11', 'ENSMUST00000202853.1', 'ENSMUST00000098862.8']",['protein_coding']
chr17_27630506_27631199_-,39,5476,chr17,27630506,27631199,-,GT-AG,GT,AG,annotated on 5',annotated on 3',1,0,"['ENSMUST00000233710.1', 'ENSMUST00000114882.8', 'ENSMUST00000114881.8', 'ENSMUST00000178774.2']","['ENSMUST00000114882.8', 'ENSMUST00000025052.13', 'ENSMUST00000114881.8', 'ENSMUST00000178774.2']","['ENSMUST00000178774.2', 'ENSMUST00000114881.8', 'ENSMUST00000114882.8']",['ENSMUST00000233710.1'],['ENSMUST00000025052.13'],['protein_coding'],"['ENSMUSG00000052146.16', 'ENSMUSG00000117338.1']","['Rps10', 'RPS10-NUDT3']","['ENSMUST00000178774.2', 'ENSMUST00000114881.8', 'ENSMUST00000233710.1', 'ENSMUST00000114882.8']","['ENSMUST00000178774.2', 'ENSMUST00000025052.13', 'ENSMUST00000114881.8', 'ENSMUST00000114882.8']",['protein_coding']
chr17_27631255_27632278_-,40,6577,chr17,27631255,27632278,-,GT-AG,GT,AG,annotated on 5',annotated on 3',1,0,"['ENSMUST00000233710.1', 'ENSMUST00000114882.8', 'ENSMUST00000025052.13', 'ENSMUST00000114881.8', 'ENSMUST00000178774.2', 'ENSMUST00000155071.8']","['ENSMUST00000233710.1', 'ENSMUST00000114882.8', 'ENSMUST00000114881.8', 'ENSMUST00000178774.2', 'ENSMUST00000155071.8']","['ENSMUST00000114882.8', 'ENSMUST00000155071.8', 'ENSMUST00000178774.2', 'ENSMUST00000114881.8', 'ENSMUST00000233710.1']",['ENSMUST00000025052.13'],[],['protein_coding'],"['ENSMUSG00000052146.16', 'ENSMUSG00000117338.1']","['Rps10', 'RPS10-NUDT3']","['ENSMUST00000025052.13', 'ENSMUST00000114882.8', 'ENSMUST00000155071.8', 'ENSMUST00000178774.2', 'ENSMUST00000114881.8', 'ENSMUST00000233710.1']","['ENSMUST00000114882.8', 'ENSMUST00000155071.8', 'ENSMUST00000178774.2', 'ENSMUST00000114881.8', 'ENSMUST00000233710.1']",['protein_coding']
chr17_27632356_27634071_-,42,7282,chr17,27632356,27634071,-,GT-AG,GT,AG,annotated on 5',annotated on 3',1,0,"['ENSMUST00000233710.1', 'ENSMUST00000114882.8', 'ENSMUST00000025052.13', 'ENSMUST00000114881.8', 'ENSMUST00000178774.2', 'ENSMUST00000155071.8', 'ENSMUST00000150763.1', 'ENSMUST00000145226.8']","['ENSMUST00000233710.1', 'ENSMUST00000114882.8', 'ENSMUST00000025052.13', 'ENSMUST00000114881.8', 'ENSMUST00000178774.2', 'ENSMUST00000155071.8', 'ENSMUST00000150763.1', 'ENSMUST00000145226.8']","['ENSMUST00000025052.13', 'ENSMUST00000145226.8', 'ENSMUST00000114882.8', 'ENSMUST00000155071.8', 'ENSMUST00000150763.1', 'ENSMUST00000178774.2', 'ENSMUST00000114881.8', 'ENSMUST00000233710.1']",['ENSMUST00000152982.2'],[],"['protein_coding', 'retained_intron']","['ENSMUSG00000052146.16', 'ENSMUSG00000117338.1']","['Rps10', 'RPS10-NUDT3']","['ENSMUST00000025052.13', 'ENSMUST00000145226.8', 'ENSMUST00000114882.8', 'ENSMUST00000155071.8', 'ENSMUST00000150763.1', 'ENSMUST00000178774.2', 'ENSMUST00000114881.8', 'ENSMUST00000233710.1', 'ENSMUST00000152982.2']","['ENSMUST00000025052.13', 'ENSMUST00000145226.8', 'ENSMUST00000114882.8', 'ENSMUST00000155071.8', 'ENSMUST00000150763.1', 'ENSMUST00000178774.2', 'ENSMUST00000114881.8', 'ENSMUST00000233710.1']",['protein_coding']
chr17_27634243_27634325_-,42,5403,chr17,27634243,27634325,-,GT-AG,GT,AG,annotated on 5',annotated on 3',1,0,"['ENSMUST00000233710.1', 'ENSMUST00000114882.8', 'ENSMUST00000025052.13', 'ENSMUST00000114881.8', 'ENSMUST00000178774.2', 'ENSMUST00000155071.8', 'ENSMUST00000145226.8', 'ENSMUST00000152982.2']","['ENSMUST00000233710.1', 'ENSMUST00000114882.8', 'ENSMUST00000025052.13', 'ENSMUST00000114881.8', 'ENSMUST00000178774.2', 'ENSMUST00000155071.8', 'ENSMUST00000145226.8', 'ENSMUST00000152982.2']","['ENSMUST00000025052.13', 'ENSMUST00000145226.8', 'ENSMUST00000114882.8', 'ENSMUST00000155071.8', 'ENSMUST00000178774.2', 'ENSMUST00000114881.8', 'ENSMUST00000233710.1', 'ENSMUST00000152982.2']",[],['ENSMUST00000150763.1'],"['protein_coding', 'retained_intron']","['ENSMUSG00000052146.16', 'ENSMUSG00000117338.1']","['Rps10', 'RPS10-NUDT3']","['ENSMUST00000025052.13', 'ENSMUST00000145226.8', 'ENSMUST00000114882.8', 'ENSMUST00000155071.8', 'ENSMUST00000178774.2', 'ENSMUST00000114881.8', 'ENSMUST00000233710.1', 'ENSMUST00000152982.2']","['ENSMUST00000025052.13', 'ENSMUST00000145226.8', 'ENSMUST00000114882.8', 'ENSMUST00000155071.8', 'ENSMUST00000150763.1', 'ENSMUST00000178774.2', 'ENSMUST00000114881.8', 'ENSMUST00000233710.1', 'ENSMUST00000152982.2']",['protein_coding']
chr17_34856582_34856879_-,12,1551,chr17,34856582,34856879,-,GT-AG,GT,AG,annotated on 5',annotated on 3',1,0,"['ENSMUST00000141295.7', 'ENSMUST00000128767.7', 'ENSMUST00000154526.7', 'ENSMUST00000025229.10', 'ENSMUST00000176203.8', 'ENSMUST00000153400.7', 'ENSMUST00000176332.1', 'ENSMUST00000146299.7', 'ENSMUST00000129891.1', 'ENSMUST00000133127.1']","['ENSMUST00000141295.7', 'ENSMUST00000128767.7', 'ENSMUST00000154526.7', 'ENSMUST00000025229.10', 'ENSMUST00000176203.8', 'ENSMUST00000153400.7', 'ENSMUST00000176332.1', 'ENSMUST00000146299.7', 'ENSMUST00000129891.1', 'ENSMUST00000133127.1']","['ENSMUST00000128767.7', 'ENSMUST00000176203.8', 'ENSMUST00000176332.1', 'ENSMUST00000153400.7', 'ENSMUST00000146299.7', 'ENSMUST00000141295.7', 'ENSMUST00000025229.10', 'ENSMUST00000129891.1', 'ENSMUST00000133127.1', 'ENSMUST00000154526.7']",[],[],"['nonsense_mediated_decay', 'protein_coding']","['ENSMUSG00000090231.10', 'ENSMUSG00000092511.7']","['Cfb', 'Gm20547']","['ENSMUST00000128767.7', 'ENSMUST00000176203.8', 'ENSMUST00000176332.1', 'ENSMUST00000153400.7', 'ENSMUST00000146299.7', 'ENSMUST00000141295.7', 'ENSMUST00000025229.10', 'ENSMUST00000129891.1', 'ENSMUST00000133127.1', 'ENSMUST00000154526.7']","['ENSMUST00000128767.7', 'ENSMUST00000176203.8', 'ENSMUST00000176332.1', 'ENSMUST00000153400.7', 'ENSMUST00000146299.7', 'ENSMUST00000141295.7', 'ENSMUST00000025229.10', 'ENSMUST00000129891.1', 'ENSMUST00000133127.1', 'ENSMUST00000154526.7']",['protein_coding']
chr17_34856929_34857003_-,11,1478,chr17,34856929,34857003,-,GT-AG,GT,AG,annotated on 5',annotated on 3',1,0,"['ENSMUST00000141295.7', 'ENSMUST00000128767.7', 'ENSMUST00000154526.7', 'ENSMUST00000025229.10', 'ENSMUST00000176203.8', 'ENSMUST00000176332.1', 'ENSMUST00000146299.7', 'ENSMUST00000129891.1', 'ENSMUST00000133127.1']","['ENSMUST00000128767.7', 'ENSMUST00000154526.7', 'ENSMUST00000025229.10', 'ENSMUST00000176203.8', 'ENSMUST00000176332.1', 'ENSMUST00000146299.7', 'ENSMUST00000129891.1', 'ENSMUST00000133127.1']","['ENSMUST00000128767.7', 'ENSMUST00000176203.8', 'ENSMUST00000176332.1', 'ENSMUST00000146299.7', 'ENSMUST00000141295.7', 'ENSMUST00000025229.10', 'ENSMUST00000129891.1', 'ENSMUST00000133127.1', 'ENSMUST00000154526.7']",[],[],"['nonsense_mediated_decay', 'protein_coding']","['ENSMUSG00000090231.10', 'ENSMUSG00000092511.7']","['Cfb', 'Gm20547']","['ENSMUST00000128767.7', 'ENSMUST00000176203.8', 'ENSMUST00000176332.1', 'ENSMUST00000146299.7', 'ENSMUST00000141295.7', 'ENSMUST00000025229.10', 'ENSMUST00000129891.1', 'ENSMUST00000133127.1', 'ENSMUST00000154526.7']","['ENSMUST00000128767.7', 'ENSMUST00000176203.8', 'ENSMUST00000176332.1', 'ENSMUST00000146299.7', 'ENSMUST00000141295.7', 'ENSMUST00000025229.10', 'ENSMUST00000129891.1', 'ENSMUST00000133127.1', 'ENSMUST00000154526.7']",['protein_coding']
chr17_34857136_34857218_-,12,1795,chr17,34857136,34857218,-,GT-AG,GT,AG,annotated on 5',annotated on 3',1,0,"['ENSMUST00000141295.7', 'ENSMUST00000128767.7', 'ENSMUST00000154526.7', 'ENSMUST00000025229.10', 'ENSMUST00000176203.8', 'ENSMUST00000153400.7', 'ENSMUST00000176332.1', 'ENSMUST00000146299.7', 'ENSMUST00000129891.1', 'ENSMUST00000133127.1']","['ENSMUST00000141295.7', 'ENSMUST00000128767.7', 'ENSMUST00000025229.10', 'ENSMUST00000153400.7', 'ENSMUST00000176332.1', 'ENSMUST00000146299.7', 'ENSMUST00000129891.1', 'ENSMUST00000133127.1']","['ENSMUST00000128767.7', 'ENSMUST00000176203.8', 'ENSMUST00000176332.1', 'ENSMUST00000153400.7', 'ENSMUST00000146299.7', 'ENSMUST00000141295.7', 'ENSMUST00000025229.10', 'ENSMUST00000129891.1', 'ENSMUST00000133127.1', 'ENSMUST00000154526.7']",[],[],"['nonsense_mediated_decay', 'protein_coding']","['ENSMUSG00000090231.10', 'ENSMUSG00000092511.7']","['Cfb', 'Gm20547']","['ENSMUST00000128767.7', 'ENSMUST00000176203.8', 'ENSMUST00000176332.1', 'ENSMUST00000153400.7', 'ENSMUST00000146299.7', 'ENSMUST00000141295.7', 'ENSMUST00000025229.10', 'ENSMUST00000129891.1', 'ENSMUST00000133127.1', 'ENSMUST00000154526.7']","['ENSMUST00000128767.7', 'ENSMUST00000176203.8', 'ENSMUST00000176332.1', 'ENSMUST00000153400.7', 'ENSMUST00000146299.7', 'ENSMUST00000141295.7', 'ENSMUST00000025229.10', 'ENSMUST00000129891.1', 'ENSMUST00000133127.1', 'ENSMUST00000154526.7']",['protein_coding']
chr17_34857319_34857491_-,10,1804,chr17,34857319,34857491,-,GT-AG,GT,AG,annotated on 5',annotated on 3',1,0,"['ENSMUST00000141295.7', 'ENSMUST00000128767.7', 'ENSMUST00000154526.7', 'ENSMUST00000025229.10', 'ENSMUST00000176203.8', 'ENSMUST00000153400.7', 'ENSMUST00000176332.1', 'ENSMUST00000146299.7', 'ENSMUST00000129891.1', 'ENSMUST00000133127.1']","['ENSMUST00000141295.7', 'ENSMUST00000128767.7', 'ENSMUST00000154526.7', 'ENSMUST00000025229.10', 'ENSMUST00000176203.8', 'ENSMUST00000153400.7', 'ENSMUST00000176332.1', 'ENSMUST00000146299.7', 'ENSMUST00000129891.1', 'ENSMUST00000133127.1']","['ENSMUST00000128767.7', 'ENSMUST00000176203.8', 'ENSMUST00000176332.1', 'ENSMUST00000153400.7', 'ENSMUST00000146299.7', 'ENSMUST00000141295.7', 'ENSMUST00000025229.10', 'ENSMUST00000129891.1', 'ENSMUST00000133127.1', 'ENSMUST00000154526.7']",['ENSMUST00000184774.1'],[],"['nonsense_mediated_decay', 'miRNA', 'protein_coding']","['ENSMUSG00000090231.10', 'ENSMUSG00000098445.1', 'ENSMUSG00000092511.7']","['Cfb', 'Mir6972', 'Gm20547']","['ENSMUST00000128767.7', 'ENSMUST00000176203.8', 'ENSMUST00000176332.1', 'ENSMUST00000153400.7', 'ENSMUST00000146299.7', 'ENSMUST00000141295.7', 'ENSMUST00000025229.10', 'ENSMUST00000129891.1', 'ENSMUST00000184774.1', 'ENSMUST00000133127.1', 'ENSMUST00000154526.7']","['ENSMUST00000128767.7', 'ENSMUST00000176203.8', 'ENSMUST00000176332.1', 'ENSMUST00000153400.7', 'ENSMUST00000146299.7', 'ENSMUST00000141295.7', 'ENSMUST00000025229.10', 'ENSMUST00000129891.1', 'ENSMUST00000133127.1', 'ENSMUST00000154526.7']","['miRNA', 'protein_coding']"
chr17_34857568_34857667_-,10,1925,chr17,34857568,34857667,-,GT-AG,GT,AG,annotated on 5',annotated on 3',1,0,"['ENSMUST00000141295.7', 'ENSMUST00000128767.7', 'ENSMUST00000154526.7', 'ENSMUST00000025229.10', 'ENSMUST00000176203.8', 'ENSMUST00000153400.7', 'ENSMUST00000176332.1', 'ENSMUST00000146299.7', 'ENSMUST00000129891.1', 'ENSMUST00000133127.1']","['ENSMUST00000141295.7', 'ENSMUST00000128767.7', 'ENSMUST00000154526.7', 'ENSMUST00000025229.10', 'ENSMUST00000176203.8', 'ENSMUST00000153400.7', 'ENSMUST00000176332.1', 'ENSMUST00000146299.7', 'ENSMUST00000129891.1', 'ENSMUST00000133127.1']","['ENSMUST00000128767.7', 'ENSMUST00000176203.8', 'ENSMUST00000176332.1', 'ENSMUST00000153400.7', 'ENSMUST00000146299.7', 'ENSMUST00000141295.7', 'ENSMUST00000025229.10', 'ENSMUST00000129891.1', 'ENSMUST00000184774.1', 'ENSMUST00000133127.1', 'ENSMUST00000154526.7']",[],[],"['nonsense_mediated_decay', 'miRNA', 'protein_coding']","['ENSMUSG00000090231.10', 'ENSMUSG00000098445.1', 'ENSMUSG00000092511.7']","['Cfb', 'Mir6972', 'Gm20547']","['ENSMUST00000128767.7', 'ENSMUST00000176203.8', 'ENSMUST00000176332.1', 'ENSMUST00000153400.7', 'ENSMUST00000146299.7', 'ENSMUST00000141295.7', 'ENSMUST00000025229.10', 'ENSMUST00000129891.1', 'ENSMUST00000184774.1', 'ENSMUST00000133127.1', 'ENSMUST00000154526.7']","['ENSMUST00000128767.7', 'ENSMUST00000176203.8', 'ENSMUST00000176332.1', 'ENSMUST00000153400.7', 'ENSMUST00000146299.7', 'ENSMUST00000141295.7', 'ENSMUST00000025229.10', 'ENSMUST00000129891.1', 'ENSMUST00000184774.1', 'ENSMUST00000133127.1', 'ENSMUST00000154526.7']","['miRNA', 'protein_coding']"
chr17_34857821_34858036_-,8,2155,chr17,34857821,34858036,-,GT-AG,GT,AG,annotated on 5',annotated on 3',1,0,"['ENSMUST00000141295.7', 'ENSMUST00000128767.7', 'ENSMUST00000154526.7', 'ENSMUST00000025229.10', 'ENSMUST00000176203.8', 'ENSMUST00000153400.7', 'ENSMUST00000146299.7', 'ENSMUST00000129891.1']","['ENSMUST00000141295.7', 'ENSMUST00000128767.7', 'ENSMUST00000154526.7', 'ENSMUST00000025229.10', 'ENSMUST00000176203.8', 'ENSMUST00000153400.7', 'ENSMUST00000176332.1', 'ENSMUST00000146299.7', 'ENSMUST00000129891.1', 'ENSMUST00000133127.1']","['ENSMUST00000128767.7', 'ENSMUST00000176203.8', 'ENSMUST00000153400.7', 'ENSMUST00000146299.7', 'ENSMUST00000141295.7', 'ENSMUST00000025229.10', 'ENSMUST00000129891.1', 'ENSMUST00000154526.7']",[],"['ENSMUST00000133127.1', 'ENSMUST00000176332.1']","['nonsense_mediated_decay', 'protein_coding']","['ENSMUSG00000090231.10', 'ENSMUSG00000092511.7']","['Cfb', 'Gm20547']","['ENSMUST00000128767.7', 'ENSMUST00000176203.8', 'ENSMUST00000153400.7', 'ENSMUST00000146299.7', 'ENSMUST00000141295.7', 'ENSMUST00000025229.10', 'ENSMUST00000129891.1', 'ENSMUST00000154526.7']","['ENSMUST00000128767.7', 'ENSMUST00000176203.8', 'ENSMUST00000176332.1', 'ENSMUST00000153400.7', 'ENSMUST00000146299.7', 'ENSMUST00000141295.7', 'ENSMUST00000025229.10', 'ENSMUST00000129891.1', 'ENSMUST00000133127.1', 'ENSMUST00000154526.7']",['protein_coding']
chr17_34859146_34859229_-,8,1804,chr17,34859146,34859229,-,GT-AG,GT,AG,annotated on 5',annotated on 3',1,0,"['ENSMUST00000128767.7', 'ENSMUST00000154526.7', 'ENSMUST00000025229.10', 'ENSMUST00000176203.8', 'ENSMUST00000176332.1', 'ENSMUST00000146299.7', 'ENSMUST00000129891.1']","['ENSMUST00000128767.7', 'ENSMUST00000154526.7', 'ENSMUST00000025229.10', 'ENSMUST00000176203.8', 'ENSMUST00000176332.1', 'ENSMUST00000146299.7', 'ENSMUST00000129891.1']","['ENSMUST00000128767.7', 'ENSMUST00000176203.8', 'ENSMUST00000176332.1', 'ENSMUST00000146299.7', 'ENSMUST00000025229.10', 'ENSMUST00000129891.1', 'ENSMUST00000154526.7']",[],[],['protein_coding'],"['ENSMUSG00000090231.10', 'ENSMUSG00000092511.7']","['Cfb', 'Gm20547']","['ENSMUST00000128767.7', 'ENSMUST00000176203.8', 'ENSMUST00000176332.1', 'ENSMUST00000146299.7', 'ENSMUST00000025229.10', 'ENSMUST00000129891.1', 'ENSMUST00000154526.7']","['ENSMUST00000128767.7', 'ENSMUST00000176203.8', 'ENSMUST00000176332.1', 'ENSMUST00000146299.7', 'ENSMUST00000025229.10', 'ENSMUST00000129891.1', 'ENSMUST00000154526.7']",['protein_coding']
chr17_34859331_34859441_-,7,1990,chr17,34859331,34859441,-,GT-AG,GT,AG,annotated on 5',annotated on 3',1,0,"['ENSMUST00000128767.7', 'ENSMUST00000154526.7', 'ENSMUST00000025229.10', 'ENSMUST00000176203.8', 'ENSMUST00000146299.7', 'ENSMUST00000129891.1']","['ENSMUST00000128767.7', 'ENSMUST00000154526.7', 'ENSMUST00000025229.10', 'ENSMUST00000176203.8', 'ENSMUST00000146299.7', 'ENSMUST00000129891.1']","['ENSMUST00000128767.7', 'ENSMUST00000176203.8', 'ENSMUST00000146299.7', 'ENSMUST00000025229.10', 'ENSMUST00000129891.1', 'ENSMUST00000154526.7']",[],['ENSMUST00000176332.1'],['protein_coding'],"['ENSMUSG00000090231.10', 'ENSMUSG00000092511.7']","['Cfb', 'Gm20547']","['ENSMUST00000128767.7', 'ENSMUST00000176203.8', 'ENSMUST00000146299.7', 'ENSMUST00000025229.10', 'ENSMUST00000129891.1', 'ENSMUST00000154526.7']","['ENSMUST00000128767.7', 'ENSMUST00000176203.8', 'ENSMUST00000176332.1', 'ENSMUST00000146299.7', 'ENSMUST00000025229.10', 'ENSMUST00000129891.1', 'ENSMUST00000154526.7']",['protein_coding']
chr17_34860936_34861027_-,7,1288,chr17,34860936,34861027,-,GT-AG,GT,AG,annotated on 5',annotated on 3',1,0,"['ENSMUST00000128767.7', 'ENSMUST00000154526.7', 'ENSMUST00000025229.10', 'ENSMUST00000176203.8', 'ENSMUST00000146299.7', 'ENSMUST00000129891.1']","['ENSMUST00000128767.7', 'ENSMUST00000154526.7', 'ENSMUST00000025229.10', 'ENSMUST00000176203.8', 'ENSMUST00000146299.7', 'ENSMUST00000129891.1']","['ENSMUST00000128767.7', 'ENSMUST00000176203.8', 'ENSMUST00000146299.7', 'ENSMUST00000025229.10', 'ENSMUST00000129891.1', 'ENSMUST00000154526.7']",[],[],['protein_coding'],"['ENSMUSG00000090231.10', 'ENSMUSG00000092511.7']","['Cfb', 'Gm20547']","['ENSMUST00000128767.7', 'ENSMUST00000176203.8', 'ENSMUST00000146299.7', 'ENSMUST00000025229.10', 'ENSMUST00000129891.1', 'ENSMUST00000154526.7']","['ENSMUST00000128767.7', 'ENSMUST00000176203.8', 'ENSMUST00000146299.7', 'ENSMUST00000025229.10', 'ENSMUST00000129891.1', 'ENSMUST00000154526.7']",['protein_coding']
chr17_70977246_70990472_-,37,6204,chr17,70977246,70990472,-,GT-AG,GT,AG,annotated on 5',annotated on 3',1,0,"['ENSMUST00000038446.9', 'ENSMUST00000131820.1']","['ENSMUST00000038446.9', 'ENSMUST00000233004.1', 'ENSMUST00000233357.1', 'ENSMUST00000131820.1']","['ENSMUST00000131820.1', 'ENSMUST00000038446.9']",[],"['ENSMUST00000233357.1', 'ENSMUST00000233004.1']","['protein_coding', 'retained_intron']","['ENSMUSG00000034868.9', 'ENSMUSG00000117098.1']","['Myl12b', 'AC154187.2']","['ENSMUST00000131820.1', 'ENSMUST00000038446.9']","['ENSMUST00000233357.1', 'ENSMUST00000131820.1', 'ENSMUST00000038446.9', 'ENSMUST00000233004.1']",['protein_coding']
chr17_70996271_70996696_-,39,5948,chr17,70996271,70996696,-,GT-AG,GT,AG,annotated on 5',annotated on 3',1,0,"['ENSMUST00000233417.1', 'ENSMUST00000148960.7', 'ENSMUST00000233089.1', 'ENSMUST00000232766.1', 'ENSMUST00000233798.1', 'ENSMUST00000024846.12', 'ENSMUST00000123686.7', 'ENSMUST00000150456.1']","['ENSMUST00000233417.1', 'ENSMUST00000148960.7', 'ENSMUST00000233089.1', 'ENSMUST00000232766.1', 'ENSMUST00000233798.1', 'ENSMUST00000024846.12', 'ENSMUST00000123686.7', 'ENSMUST00000150456.1']","['ENSMUST00000123686.7', 'ENSMUST00000150456.1', 'ENSMUST00000233798.1', 'ENSMUST00000232766.1', 'ENSMUST00000233089.1', 'ENSMUST00000233417.1', 'ENSMUST00000024846.12', 'ENSMUST00000148960.7']",['ENSMUST00000128179.1'],[],['protein_coding'],"['ENSMUSG00000024048.15', 'ENSMUSG00000117098.1']","['Myl12a', 'AC154187.2']","['ENSMUST00000123686.7', 'ENSMUST00000150456.1', 'ENSMUST00000233798.1', 'ENSMUST00000232766.1', 'ENSMUST00000233089.1', 'ENSMUST00000233417.1', 'ENSMUST00000128179.1', 'ENSMUST00000024846.12', 'ENSMUST00000148960.7']","['ENSMUST00000123686.7', 'ENSMUST00000150456.1', 'ENSMUST00000233798.1', 'ENSMUST00000232766.1', 'ENSMUST00000233089.1', 'ENSMUST00000233417.1', 'ENSMUST00000024846.12', 'ENSMUST00000148960.7']",['protein_coding']
chr17_70996895_71002107_-,39,7752,chr17,70996895,71002107,-,GT-AG,GT,AG,annotated on 5',annotated on 3',1,0,"['ENSMUST00000233357.1', 'ENSMUST00000233417.1', 'ENSMUST00000148960.7', 'ENSMUST00000126529.1', 'ENSMUST00000150456.1', 'ENSMUST00000129093.1']","['ENSMUST00000233417.1', 'ENSMUST00000148960.7', 'ENSMUST00000233089.1', 'ENSMUST00000232766.1', 'ENSMUST00000233798.1', 'ENSMUST00000024846.12', 'ENSMUST00000126529.1', 'ENSMUST00000123686.7', 'ENSMUST00000150456.1', 'ENSMUST00000129093.1', 'ENSMUST00000128179.1']","['ENSMUST00000150456.1', 'ENSMUST00000129093.1', 'ENSMUST00000126529.1', 'ENSMUST00000233417.1', 'ENSMUST00000148960.7']",['ENSMUST00000233357.1'],"['ENSMUST00000123686.7', 'ENSMUST00000233798.1', 'ENSMUST00000232766.1', 'ENSMUST00000233089.1', 'ENSMUST00000128179.1', 'ENSMUST00000024846.12']","['protein_coding', 'retained_intron']","['ENSMUSG00000024048.15', 'ENSMUSG00000117098.1']","['Myl12a', 'AC154187.2']","['ENSMUST00000150456.1', 'ENSMUST00000129093.1', 'ENSMUST00000233357.1', 'ENSMUST00000126529.1', 'ENSMUST00000233417.1', 'ENSMUST00000148960.7']","['ENSMUST00000123686.7', 'ENSMUST00000150456.1', 'ENSMUST00000233798.1', 'ENSMUST00000129093.1', 'ENSMUST00000232766.1', 'ENSMUST00000233089.1', 'ENSMUST00000126529.1', 'ENSMUST00000233417.1', 'ENSMUST00000128179.1', 'ENSMUST00000024846.12', 'ENSMUST00000148960.7']",['protein_coding']
chr18_60811921_60812151_+,9,1244,chr18,60811921,60812151,+,GT-AG,GT,AG,annotated on 5',annotated on 3',0,1,"['ENSMUST00000050487.14', 'ENSMUST00000097563.8', 'ENSMUST00000167610.1']","['ENSMUST00000050487.14', 'ENSMUST00000097563.8', 'ENSMUST00000167610.1']","['ENSMUST00000050487.14', 'ENSMUST00000167610.1', 'ENSMUST00000097563.8']",[],['ENSMUST00000175586.1'],"['miRNA', 'protein_coding']","['ENSMUSG00000093327.1', 'ENSMUSG00000024610.14']","['Mir5107', 'Cd74']","['ENSMUST00000050487.14', 'ENSMUST00000167610.1', 'ENSMUST00000097563.8']","['ENSMUST00000050487.14', 'ENSMUST00000167610.1', 'ENSMUST00000175586.1', 'ENSMUST00000097563.8']","['miRNA', 'protein_coding']"
chr19_8739964_8740095_+,11,232,chr19,8739964,8740095,+,GT-AG,GT,AG,annotated on 5',annotated on 3',0,1,"['ENSMUST00000210512.1', 'ENSMUST00000049424.10', 'ENSMUST00000210592.1']","['ENSMUST00000210512.1', 'ENSMUST00000049424.10', 'ENSMUST00000210592.1']","['ENSMUST00000049424.10', 'ENSMUST00000210512.1', 'ENSMUST00000210592.1']",[],[],['protein_coding'],"['ENSMUSG00000110423.1', 'ENSMUSG00000042729.10']","['Gm45736', 'Wdr74']","['ENSMUST00000049424.10', 'ENSMUST00000210512.1', 'ENSMUST00000210592.1']","['ENSMUST00000049424.10', 'ENSMUST00000210512.1', 'ENSMUST00000210592.1']",['protein_coding']
chr19_8740152_8740401_+,10,212,chr19,8740152,8740401,+,GT-AG,GT,AG,annotated on 5',annotated on 3',0,1,"['ENSMUST00000210512.1', 'ENSMUST00000049424.10', 'ENSMUST00000210592.1']","['ENSMUST00000210512.1', 'ENSMUST00000049424.10', 'ENSMUST00000210592.1']","['ENSMUST00000049424.10', 'ENSMUST00000210512.1', 'ENSMUST00000210592.1']",[],[],['protein_coding'],"['ENSMUSG00000110423.1', 'ENSMUSG00000042729.10']","['Gm45736', 'Wdr74']","['ENSMUST00000049424.10', 'ENSMUST00000210512.1', 'ENSMUST00000210592.1']","['ENSMUST00000049424.10', 'ENSMUST00000210512.1', 'ENSMUST00000210592.1']",['protein_coding']
chr19_44552853_44553668_-,31,2969,chr19,44552853,44553668,-,GT-AG,GT,AG,annotated on 5',annotated on 3',1,0,"['ENSMUST00000171415.7', 'ENSMUST00000026222.10', 'ENSMUST00000168083.1', 'ENSMUST00000169304.7', 'ENSMUST00000167027.1']","['ENSMUST00000171415.7', 'ENSMUST00000026222.10', 'ENSMUST00000168083.1', 'ENSMUST00000169304.7', 'ENSMUST00000167027.1']","['ENSMUST00000171415.7', 'ENSMUST00000168083.1', 'ENSMUST00000167027.1', 'ENSMUST00000026222.10', 'ENSMUST00000169304.7']",[],"['ENSMUST00000166808.1', 'ENSMUST00000164543.1']","['nonsense_mediated_decay', 'protein_coding', 'retained_intron']","['ENSMUSG00000025204.10', 'ENSMUSG00000091471.1']","['Ndufb8', 'Gm20538']","['ENSMUST00000171415.7', 'ENSMUST00000168083.1', 'ENSMUST00000167027.1', 'ENSMUST00000026222.10', 'ENSMUST00000169304.7']","['ENSMUST00000166808.1', 'ENSMUST00000171415.7', 'ENSMUST00000168083.1', 'ENSMUST00000167027.1', 'ENSMUST00000026222.10', 'ENSMUST00000164543.1', 'ENSMUST00000169304.7']",['protein_coding']
chr2_121457291_121457645_+,29,1113,chr2,121457291,121457645,+,GT-AG,GT,AG,annotated on 5',annotated on 3',0,1,"['ENSMUST00000154418.7', 'ENSMUST00000148575.1', 'ENSMUST00000110612.7', 'ENSMUST00000126764.1', 'ENSMUST00000131870.1', 'ENSMUST00000028677.4']","['ENSMUST00000154418.7', 'ENSMUST00000148575.1', 'ENSMUST00000110612.7', 'ENSMUST00000126764.1', 'ENSMUST00000131870.1']","['ENSMUST00000154418.7', 'ENSMUST00000110612.7', 'ENSMUST00000131870.1', 'ENSMUST00000148575.1', 'ENSMUST00000126764.1']",['ENSMUST00000028677.4'],[],"['nonsense_mediated_decay', 'processed_transcript', 'protein_coding', 'retained_intron']","['ENSMUSG00000074884.12', 'ENSMUSG00000027245.11']","['Serf2', 'Hypk']","['ENSMUST00000154418.7', 'ENSMUST00000110612.7', 'ENSMUST00000131870.1', 'ENSMUST00000148575.1', 'ENSMUST00000028677.4', 'ENSMUST00000126764.1']","['ENSMUST00000154418.7', 'ENSMUST00000110612.7', 'ENSMUST00000131870.1', 'ENSMUST00000148575.1', 'ENSMUST00000126764.1']",['protein_coding']
chr2_164486687_164488241_+,11,598,chr2,164486687,164488241,+,GT-AG,GT,AG,annotated on 5',annotated on 3',0,1,"['ENSMUST00000149287.7', 'ENSMUST00000069385.14', 'ENSMUST00000143690.7']","['ENSMUST00000164863.1', 'ENSMUST00000109350.8', 'ENSMUST00000149287.7', 'ENSMUST00000069385.14', 'ENSMUST00000143690.7', 'ENSMUST00000109349.8']","['ENSMUST00000143690.7', 'ENSMUST00000069385.14', 'ENSMUST00000149287.7']",[],"['ENSMUST00000109349.8', 'ENSMUST00000109350.8', 'ENSMUST00000164863.1']","['nonsense_mediated_decay', 'protein_coding']","['ENSMUSG00000017734.15', 'ENSMUSG00000090996.1']","['Dbndd2', 'Gm20458']","['ENSMUST00000143690.7', 'ENSMUST00000069385.14', 'ENSMUST00000149287.7']","['ENSMUST00000069385.14', 'ENSMUST00000164863.1', 'ENSMUST00000149287.7', 'ENSMUST00000143690.7', 'ENSMUST00000109349.8', 'ENSMUST00000109350.8']",['protein_coding']
chr2_164488388_164488567_+,11,595,chr2,164488388,164488567,+,GT-AG,GT,AG,annotated on 5',annotated on 3',0,1,"['ENSMUST00000164863.1', 'ENSMUST00000109350.8', 'ENSMUST00000149287.7', 'ENSMUST00000069385.14', 'ENSMUST00000143690.7', 'ENSMUST00000109349.8', 'ENSMUST00000017878.2']","['ENSMUST00000164863.1', 'ENSMUST00000109350.8', 'ENSMUST00000149287.7', 'ENSMUST00000069385.14', 'ENSMUST00000143690.7', 'ENSMUST00000109349.8', 'ENSMUST00000017878.2']","['ENSMUST00000069385.14', 'ENSMUST00000164863.1', 'ENSMUST00000149287.7', 'ENSMUST00000017878.2', 'ENSMUST00000143690.7', 'ENSMUST00000109349.8', 'ENSMUST00000109350.8']",[],[],"['nonsense_mediated_decay', 'protein_coding']","['ENSMUSG00000017734.15', 'ENSMUSG00000090996.1']","['Dbndd2', 'Gm20458']","['ENSMUST00000069385.14', 'ENSMUST00000164863.1', 'ENSMUST00000149287.7', 'ENSMUST00000017878.2', 'ENSMUST00000143690.7', 'ENSMUST00000109349.8', 'ENSMUST00000109350.8']","['ENSMUST00000069385.14', 'ENSMUST00000164863.1', 'ENSMUST00000149287.7', 'ENSMUST00000017878.2', 'ENSMUST00000143690.7', 'ENSMUST00000109349.8', 'ENSMUST00000109350.8']",['protein_coding']
chr2_164488705_164490135_+,11,811,chr2,164488705,164490135,+,GT-AG,GT,AG,annotated on 5',annotated on 3',0,1,"['ENSMUST00000164863.1', 'ENSMUST00000109350.8', 'ENSMUST00000149287.7', 'ENSMUST00000069385.14', 'ENSMUST00000143690.7', 'ENSMUST00000109349.8', 'ENSMUST00000017878.2']","['ENSMUST00000164863.1', 'ENSMUST00000109350.8', 'ENSMUST00000149287.7', 'ENSMUST00000069385.14', 'ENSMUST00000143690.7', 'ENSMUST00000109349.8', 'ENSMUST00000017878.2']","['ENSMUST00000069385.14', 'ENSMUST00000164863.1', 'ENSMUST00000149287.7', 'ENSMUST00000017878.2', 'ENSMUST00000143690.7', 'ENSMUST00000109349.8', 'ENSMUST00000109350.8']",[],[],"['nonsense_mediated_decay', 'protein_coding']","['ENSMUSG00000017734.15', 'ENSMUSG00000090996.1']","['Dbndd2', 'Gm20458']","['ENSMUST00000069385.14', 'ENSMUST00000164863.1', 'ENSMUST00000149287.7', 'ENSMUST00000017878.2', 'ENSMUST00000143690.7', 'ENSMUST00000109349.8', 'ENSMUST00000109350.8']","['ENSMUST00000069385.14', 'ENSMUST00000164863.1', 'ENSMUST00000149287.7', 'ENSMUST00000017878.2', 'ENSMUST00000143690.7', 'ENSMUST00000109349.8', 'ENSMUST00000109350.8']",['protein_coding']
chr2_180257447_180257620_+,37,1446,chr2,180257447,180257620,+,GT-AG,GT,AG,annotated on 5',annotated on 3',0,1,"['ENSMUST00000059080.6', 'ENSMUST00000148629.1', 'ENSMUST00000125301.7', 'ENSMUST00000145043.1']","['ENSMUST00000059080.6', 'ENSMUST00000148629.1', 'ENSMUST00000125301.7', 'ENSMUST00000145043.1']","['ENSMUST00000148629.1', 'ENSMUST00000059080.6', 'ENSMUST00000125301.7', 'ENSMUST00000145043.1']",[],['ENSMUST00000175086.1'],"['miRNA', 'protein_coding', 'retained_intron']","['ENSMUSG00000092827.1', 'ENSMUSG00000039001.12']","['Mir3091', 'Rps21']","['ENSMUST00000148629.1', 'ENSMUST00000059080.6', 'ENSMUST00000125301.7', 'ENSMUST00000145043.1']","['ENSMUST00000125301.7', 'ENSMUST00000145043.1', 'ENSMUST00000175086.1', 'ENSMUST00000148629.1', 'ENSMUST00000059080.6']","['miRNA', 'protein_coding']"
chr2_180257683_180257787_+,40,1250,chr2,180257683,180257787,+,GT-AG,GT,AG,annotated on 5',annotated on 3',0,1,"['ENSMUST00000059080.6', 'ENSMUST00000148629.1']","['ENSMUST00000059080.6', 'ENSMUST00000148629.1']","['ENSMUST00000148629.1', 'ENSMUST00000059080.6']",['ENSMUST00000175086.1'],[],"['miRNA', 'protein_coding', 'retained_intron']","['ENSMUSG00000092827.1', 'ENSMUSG00000039001.12']","['Mir3091', 'Rps21']","['ENSMUST00000148629.1', 'ENSMUST00000059080.6', 'ENSMUST00000175086.1']","['ENSMUST00000148629.1', 'ENSMUST00000059080.6']","['miRNA', 'protein_coding']"
chr3_90605152_90605739_+,9,1109,chr3,90605152,90605739,+,GT-AG,GT,AG,annotated on 5',annotated on 3',0,1,"['ENSMUST00000107330.2', 'ENSMUST00000001046.6', 'ENSMUST00000142476.1']","['ENSMUST00000107330.2', 'ENSMUST00000001046.6', 'ENSMUST00000142476.1']","['ENSMUST00000142476.1', 'ENSMUST00000107330.2', 'ENSMUST00000001046.6']",[],[],"['nonsense_mediated_decay', 'protein_coding']","['ENSMUSG00000105518.1', 'ENSMUSG00000001020.8']","['Gm42674', 'S100a4']","['ENSMUST00000142476.1', 'ENSMUST00000107330.2', 'ENSMUST00000001046.6']","['ENSMUST00000142476.1', 'ENSMUST00000107330.2', 'ENSMUST00000001046.6']",['protein_coding']
chr5_31698077_31701825_+,11,712,chr5,31698077,31701825,+,GT-AG,GT,AG,annotated on 5',annotated on 3',0,1,"['ENSMUST00000201352.3', 'ENSMUST00000201487.3', 'ENSMUST00000201592.3', 'ENSMUST00000201107.3', 'ENSMUST00000201202.3', 'ENSMUST00000114515.8', 'ENSMUST00000063813.10', 'ENSMUST00000071531.11', 'ENSMUST00000131995.6', 'ENSMUST00000114507.9', 'ENSMUST00000202293.3']","['ENSMUST00000200694.3', 'ENSMUST00000202033.1', 'ENSMUST00000201352.3', 'ENSMUST00000202815.3', 'ENSMUST00000201487.3', 'ENSMUST00000201592.3', 'ENSMUST00000201107.3', 'ENSMUST00000201202.3', 'ENSMUST00000114515.8', 'ENSMUST00000063813.10', 'ENSMUST00000202293.3']","['ENSMUST00000201352.3', 'ENSMUST00000202293.3', 'ENSMUST00000201107.3', 'ENSMUST00000114515.8', 'ENSMUST00000201592.3', 'ENSMUST00000201487.3', 'ENSMUST00000201202.3', 'ENSMUST00000063813.10', 'ENSMUST00000202815.3']","['ENSMUST00000114507.9', 'ENSMUST00000131995.6', 'ENSMUST00000071531.11']","['ENSMUST00000202033.1', 'ENSMUST00000200705.1', 'ENSMUST00000200694.3']","['nonsense_mediated_decay', 'processed_transcript', 'protein_coding', 'retained_intron']","['ENSMUSG00000105617.4', 'ENSMUSG00000052139.18']","['Gm43809', 'Babam2']","['ENSMUST00000114507.9', 'ENSMUST00000201352.3', 'ENSMUST00000202293.3', 'ENSMUST00000071531.11', 'ENSMUST00000201107.3', 'ENSMUST00000114515.8', 'ENSMUST00000201592.3', 'ENSMUST00000131995.6', 'ENSMUST00000201487.3', 'ENSMUST00000201202.3', 'ENSMUST00000063813.10', 'ENSMUST00000202815.3']","['ENSMUST00000201352.3', 'ENSMUST00000202033.1', 'ENSMUST00000202293.3', 'ENSMUST00000201107.3', 'ENSMUST00000200705.1', 'ENSMUST00000114515.8', 'ENSMUST00000201592.3', 'ENSMUST00000201487.3', 'ENSMUST00000200694.3', 'ENSMUST00000201202.3', 'ENSMUST00000063813.10', 'ENSMUST00000202815.3']","['processed_transcript', 'protein_coding']"
chr5_123517833_123517954_-,14,618,chr5,123517833,123517954,-,GT-AG,GT,AG,annotated on 5',annotated on 3',1,0,"['ENSMUST00000125652.7', 'ENSMUST00000111587.9', 'ENSMUST00000197682.5', 'ENSMUST00000200247.4', 'ENSMUST00000111586.7', 'ENSMUST00000031385.6']","['ENSMUST00000125652.7', 'ENSMUST00000111587.9', 'ENSMUST00000197682.5', 'ENSMUST00000200247.4', 'ENSMUST00000111586.7', 'ENSMUST00000031385.6']","['ENSMUST00000111587.9', 'ENSMUST00000197682.5', 'ENSMUST00000031385.6', 'ENSMUST00000125652.7', 'ENSMUST00000111586.7', 'ENSMUST00000200247.4']","['ENSMUST00000149334.1', 'ENSMUST00000125047.1']",[],"['nonsense_mediated_decay', 'protein_coding', 'retained_intron']","['ENSMUSG00000029433.16', 'ENSMUSG00000114278.2']","['Diablo', 'Gm49027']","['ENSMUST00000111587.9', 'ENSMUST00000197682.5', 'ENSMUST00000031385.6', 'ENSMUST00000125047.1', 'ENSMUST00000125652.7', 'ENSMUST00000111586.7', 'ENSMUST00000200247.4', 'ENSMUST00000149334.1']","['ENSMUST00000111587.9', 'ENSMUST00000197682.5', 'ENSMUST00000031385.6', 'ENSMUST00000125652.7', 'ENSMUST00000111586.7', 'ENSMUST00000200247.4']",['protein_coding']
chr6_87819203_87819556_-,12,299,chr6,87819203,87819556,-,GT-AG,GT,AG,annotated on 5',annotated on 3',1,0,"['ENSMUST00000204169.1', 'ENSMUST00000089497.6']",['ENSMUST00000089497.6'],['ENSMUST00000089497.6'],['ENSMUST00000204169.1'],[],['protein_coding'],"['ENSMUSG00000107928.1', 'ENSMUSG00000030056.8']","['Gm45140', 'Isy1']","['ENSMUST00000204169.1', 'ENSMUST00000089497.6']",['ENSMUST00000089497.6'],['protein_coding']
chr6_99627053_99632256_-,10,391,chr6,99627053,99632256,-,GT-AG,GT,AG,annotated on 5',annotated on 3',1,0,"['ENSMUST00000155466.1', 'ENSMUST00000176255.1', 'ENSMUST00000032151.2']",['ENSMUST00000032151.2'],['ENSMUST00000032151.2'],"['ENSMUST00000155466.1', 'ENSMUST00000176255.1']",[],"['nonsense_mediated_decay', 'protein_coding', 'retained_intron']","['ENSMUSG00000030068.4', 'ENSMUSG00000093661.1']","['Gm20696', 'Eif4e3']","['ENSMUST00000155466.1', 'ENSMUST00000032151.2', 'ENSMUST00000176255.1']",['ENSMUST00000032151.2'],['protein_coding']
chr7_27172959_27174421_-,11,470,chr7,27172959,27174421,-,GT-AG,GT,AG,annotated on 5',annotated on 3',1,0,"['ENSMUST00000093040.12', 'ENSMUST00000134462.7', 'ENSMUST00000154724.1', 'ENSMUST00000152753.7', 'ENSMUST00000131278.1', 'ENSMUST00000131420.1']","['ENSMUST00000093040.12', 'ENSMUST00000153511.7', 'ENSMUST00000134462.7', 'ENSMUST00000154724.1', 'ENSMUST00000152753.7', 'ENSMUST00000131278.1']","['ENSMUST00000152753.7', 'ENSMUST00000093040.12', 'ENSMUST00000134462.7', 'ENSMUST00000131420.1', 'ENSMUST00000131278.1', 'ENSMUST00000154724.1']",[],['ENSMUST00000153511.7'],"['nonsense_mediated_decay', 'processed_transcript', 'protein_coding', 'retained_intron']","['ENSMUSG00000095538.1', 'ENSMUSG00000053291.15']","['Gm21983', 'Rab4b']","['ENSMUST00000152753.7', 'ENSMUST00000093040.12', 'ENSMUST00000134462.7', 'ENSMUST00000131420.1', 'ENSMUST00000131278.1', 'ENSMUST00000154724.1']","['ENSMUST00000152753.7', 'ENSMUST00000153511.7', 'ENSMUST00000093040.12', 'ENSMUST00000134462.7', 'ENSMUST00000131420.1', 'ENSMUST00000131278.1', 'ENSMUST00000154724.1']",['protein_coding']
chr7_27176238_27178726_-,14,431,chr7,27176238,27178726,-,GT-AG,GT,AG,annotated on 5',annotated on 3',1,0,"['ENSMUST00000093040.12', 'ENSMUST00000153511.7', 'ENSMUST00000134462.7', 'ENSMUST00000152753.7', 'ENSMUST00000128409.1', 'ENSMUST00000141906.1']","['ENSMUST00000093040.12', 'ENSMUST00000153511.7', 'ENSMUST00000134462.7', 'ENSMUST00000154724.1', 'ENSMUST00000152753.7', 'ENSMUST00000141906.1']","['ENSMUST00000152753.7', 'ENSMUST00000153511.7', 'ENSMUST00000141906.1', 'ENSMUST00000093040.12', 'ENSMUST00000134462.7']",['ENSMUST00000128409.1'],['ENSMUST00000154724.1'],"['nonsense_mediated_decay', 'processed_transcript', 'protein_coding', 'retained_intron']","['ENSMUSG00000095538.1', 'ENSMUSG00000053291.15']","['Gm21983', 'Rab4b']","['ENSMUST00000128409.1', 'ENSMUST00000152753.7', 'ENSMUST00000153511.7', 'ENSMUST00000141906.1', 'ENSMUST00000093040.12', 'ENSMUST00000134462.7']","['ENSMUST00000152753.7', 'ENSMUST00000153511.7', 'ENSMUST00000141906.1', 'ENSMUST00000093040.12', 'ENSMUST00000134462.7', 'ENSMUST00000154724.1']",['protein_coding']
chr7_45126032_45126114_-,40,8294,chr7,45126032,45126114,-,GT-AG,GT,AG,annotated on 5',annotated on 3',1,0,"['ENSMUST00000150350.8', 'ENSMUST00000209812.1', 'ENSMUST00000210073.1', 'ENSMUST00000210967.1', 'ENSMUST00000209467.1', 'ENSMUST00000210792.1', 'ENSMUST00000209927.1', 'ENSMUST00000209711.1', 'ENSMUST00000209212.1', 'ENSMUST00000210191.1', 'ENSMUST00000209967.1', 'ENSMUST00000209626.1']","['ENSMUST00000150350.8', 'ENSMUST00000209812.1', 'ENSMUST00000210073.1', 'ENSMUST00000210967.1', 'ENSMUST00000209467.1', 'ENSMUST00000210792.1', 'ENSMUST00000209927.1', 'ENSMUST00000209711.1', 'ENSMUST00000209212.1', 'ENSMUST00000210191.1', 'ENSMUST00000209967.1', 'ENSMUST00000209626.1']","['ENSMUST00000210967.1', 'ENSMUST00000209927.1', 'ENSMUST00000210191.1', 'ENSMUST00000209467.1', 'ENSMUST00000210792.1', 'ENSMUST00000210931.2', 'ENSMUST00000150350.8', 'ENSMUST00000209711.1', 'ENSMUST00000209812.1', 'ENSMUST00000209212.1', 'ENSMUST00000209626.1', 'ENSMUST00000210073.1', 'ENSMUST00000209967.1']","['ENSMUST00000209815.1', 'ENSMUST00000210918.1']",['ENSMUST00000211037.1'],"['nonsense_mediated_decay', 'processed_transcript', 'protein_coding', 'retained_intron']","['ENSMUSG00000089989.10', 'ENSMUSG00000074129.14']","['Gm45713', 'Rpl13a']","['ENSMUST00000210967.1', 'ENSMUST00000209927.1', 'ENSMUST00000210191.1', 'ENSMUST00000209467.1', 'ENSMUST00000210792.1', 'ENSMUST00000210931.2', 'ENSMUST00000150350.8', 'ENSMUST00000209711.1', 'ENSMUST00000210918.1', 'ENSMUST00000209812.1', 'ENSMUST00000209212.1', 'ENSMUST00000209815.1', 'ENSMUST00000209626.1', 'ENSMUST00000210073.1', 'ENSMUST00000209967.1']","['ENSMUST00000210967.1', 'ENSMUST00000209927.1', 'ENSMUST00000210191.1', 'ENSMUST00000209467.1', 'ENSMUST00000210792.1', 'ENSMUST00000210931.2', 'ENSMUST00000150350.8', 'ENSMUST00000209711.1', 'ENSMUST00000209812.1', 'ENSMUST00000209212.1', 'ENSMUST00000209626.1', 'ENSMUST00000210073.1', 'ENSMUST00000211037.1', 'ENSMUST00000209967.1']",['protein_coding']
chr7_45126237_45126477_-,42,6665,chr7,45126237,45126477,-,GT-AG,GT,AG,annotated on 5',annotated on 3',1,0,"['ENSMUST00000150350.8', 'ENSMUST00000210931.2', 'ENSMUST00000209812.1', 'ENSMUST00000210073.1', 'ENSMUST00000210967.1', 'ENSMUST00000209467.1', 'ENSMUST00000210792.1', 'ENSMUST00000209927.1', 'ENSMUST00000209711.1', 'ENSMUST00000209212.1', 'ENSMUST00000210191.1', 'ENSMUST00000209967.1', 'ENSMUST00000209626.1', 'ENSMUST00000209815.1', 'ENSMUST00000211494.1']","['ENSMUST00000150350.8', 'ENSMUST00000210931.2', 'ENSMUST00000209812.1', 'ENSMUST00000210073.1', 'ENSMUST00000209467.1', 'ENSMUST00000210792.1', 'ENSMUST00000209927.1', 'ENSMUST00000209711.1', 'ENSMUST00000209212.1', 'ENSMUST00000209626.1', 'ENSMUST00000209815.1', 'ENSMUST00000210918.1']","['ENSMUST00000210967.1', 'ENSMUST00000209927.1', 'ENSMUST00000210191.1', 'ENSMUST00000209467.1', 'ENSMUST00000210792.1', 'ENSMUST00000210931.2', 'ENSMUST00000150350.8', 'ENSMUST00000209711.1', 'ENSMUST00000209812.1', 'ENSMUST00000209212.1', 'ENSMUST00000209815.1', 'ENSMUST00000209626.1', 'ENSMUST00000210073.1', 'ENSMUST00000209967.1']",['ENSMUST00000211494.1'],['ENSMUST00000210918.1'],"['nonsense_mediated_decay', 'processed_transcript', 'protein_coding', 'retained_intron']","['ENSMUSG00000089989.10', 'ENSMUSG00000074129.14']","['Gm45713', 'Rpl13a']","['ENSMUST00000210967.1', 'ENSMUST00000209927.1', 'ENSMUST00000211494.1', 'ENSMUST00000210191.1', 'ENSMUST00000209467.1', 'ENSMUST00000210792.1', 'ENSMUST00000210931.2', 'ENSMUST00000150350.8', 'ENSMUST00000209711.1', 'ENSMUST00000209812.1', 'ENSMUST00000209212.1', 'ENSMUST00000209815.1', 'ENSMUST00000209626.1', 'ENSMUST00000210073.1', 'ENSMUST00000209967.1']","['ENSMUST00000210967.1', 'ENSMUST00000209927.1', 'ENSMUST00000210191.1', 'ENSMUST00000209467.1', 'ENSMUST00000210792.1', 'ENSMUST00000210931.2', 'ENSMUST00000150350.8', 'ENSMUST00000209711.1', 'ENSMUST00000210918.1', 'ENSMUST00000209812.1', 'ENSMUST00000209212.1', 'ENSMUST00000209815.1', 'ENSMUST00000209626.1', 'ENSMUST00000210073.1', 'ENSMUST00000209967.1']",['protein_coding']
chr7_45126537_45126708_-,42,7265,chr7,45126537,45126708,-,GT-AG,GT,AG,annotated on 5',annotated on 3',1,0,"['ENSMUST00000150350.8', 'ENSMUST00000209812.1', 'ENSMUST00000211037.1', 'ENSMUST00000210073.1', 'ENSMUST00000210967.1', 'ENSMUST00000209467.1', 'ENSMUST00000210792.1', 'ENSMUST00000209927.1', 'ENSMUST00000209967.1', 'ENSMUST00000209626.1', 'ENSMUST00000209815.1', 'ENSMUST00000211494.1']","['ENSMUST00000150350.8', 'ENSMUST00000210931.2', 'ENSMUST00000209812.1', 'ENSMUST00000210073.1', 'ENSMUST00000210967.1', 'ENSMUST00000209467.1', 'ENSMUST00000210792.1', 'ENSMUST00000209927.1', 'ENSMUST00000209711.1', 'ENSMUST00000209212.1', 'ENSMUST00000210191.1', 'ENSMUST00000209967.1', 'ENSMUST00000209626.1', 'ENSMUST00000209815.1', 'ENSMUST00000211494.1']","['ENSMUST00000210967.1', 'ENSMUST00000209927.1', 'ENSMUST00000211494.1', 'ENSMUST00000209467.1', 'ENSMUST00000210792.1', 'ENSMUST00000150350.8', 'ENSMUST00000209812.1', 'ENSMUST00000209815.1', 'ENSMUST00000209626.1', 'ENSMUST00000210073.1', 'ENSMUST00000209967.1']","['ENSMUST00000211438.1', 'ENSMUST00000211037.1', 'ENSMUST00000210918.1']","['ENSMUST00000210931.2', 'ENSMUST00000209212.1', 'ENSMUST00000210191.1', 'ENSMUST00000209711.1']","['nonsense_mediated_decay', 'processed_transcript', 'protein_coding', 'retained_intron']","['ENSMUSG00000089989.10', 'ENSMUSG00000074129.14']","['Gm45713', 'Rpl13a']","['ENSMUST00000210967.1', 'ENSMUST00000209927.1', 'ENSMUST00000211494.1', 'ENSMUST00000209467.1', 'ENSMUST00000210792.1', 'ENSMUST00000210918.1', 'ENSMUST00000150350.8', 'ENSMUST00000209812.1', 'ENSMUST00000209815.1', 'ENSMUST00000209626.1', 'ENSMUST00000210073.1', 'ENSMUST00000211438.1', 'ENSMUST00000211037.1', 'ENSMUST00000209967.1']","['ENSMUST00000210967.1', 'ENSMUST00000209927.1', 'ENSMUST00000211494.1', 'ENSMUST00000210191.1', 'ENSMUST00000209467.1', 'ENSMUST00000210792.1', 'ENSMUST00000210931.2', 'ENSMUST00000150350.8', 'ENSMUST00000209711.1', 'ENSMUST00000209812.1', 'ENSMUST00000209212.1', 'ENSMUST00000209815.1', 'ENSMUST00000209626.1', 'ENSMUST00000210073.1', 'ENSMUST00000209967.1']",['protein_coding']
chr7_45126794_45126990_-,43,6700,chr7,45126794,45126990,-,GT-AG,GT,AG,annotated on 5',annotated on 3',1,0,"['ENSMUST00000150350.8', 'ENSMUST00000209812.1', 'ENSMUST00000211037.1', 'ENSMUST00000210073.1', 'ENSMUST00000210967.1', 'ENSMUST00000209467.1', 'ENSMUST00000209927.1', 'ENSMUST00000209212.1', 'ENSMUST00000210191.1', 'ENSMUST00000209626.1', 'ENSMUST00000209815.1', 'ENSMUST00000210918.1']","['ENSMUST00000150350.8', 'ENSMUST00000209812.1', 'ENSMUST00000211037.1', 'ENSMUST00000210073.1', 'ENSMUST00000210967.1', 'ENSMUST00000209467.1', 'ENSMUST00000209927.1', 'ENSMUST00000209626.1', 'ENSMUST00000210918.1', 'ENSMUST00000211494.1']","['ENSMUST00000210967.1', 'ENSMUST00000209927.1', 'ENSMUST00000211494.1', 'ENSMUST00000209467.1', 'ENSMUST00000150350.8', 'ENSMUST00000209812.1', 'ENSMUST00000209815.1', 'ENSMUST00000209626.1', 'ENSMUST00000210073.1', 'ENSMUST00000211037.1', 'ENSMUST00000210918.1']","['ENSMUST00000209212.1', 'ENSMUST00000198528.1', 'ENSMUST00000210191.1']",['ENSMUST00000210792.1'],"['nonsense_mediated_decay', 'protein_coding', 'miRNA', 'processed_transcript', 'retained_intron']","['ENSMUSG00000105913.1', 'ENSMUSG00000089989.10', 'ENSMUSG00000074129.14']","['Mir5121', 'Gm45713', 'Rpl13a']","['ENSMUST00000210967.1', 'ENSMUST00000209927.1', 'ENSMUST00000211494.1', 'ENSMUST00000210191.1', 'ENSMUST00000209467.1', 'ENSMUST00000150350.8', 'ENSMUST00000198528.1', 'ENSMUST00000209812.1', 'ENSMUST00000209212.1', 'ENSMUST00000209815.1', 'ENSMUST00000209626.1', 'ENSMUST00000210073.1', 'ENSMUST00000211037.1', 'ENSMUST00000210918.1']","['ENSMUST00000210967.1', 'ENSMUST00000209927.1', 'ENSMUST00000211494.1', 'ENSMUST00000209467.1', 'ENSMUST00000210792.1', 'ENSMUST00000150350.8', 'ENSMUST00000209812.1', 'ENSMUST00000209815.1', 'ENSMUST00000209626.1', 'ENSMUST00000210073.1', 'ENSMUST00000211037.1', 'ENSMUST00000210918.1']","['miRNA', 'protein_coding']"
chr7_45127092_45127208_-,42,5954,chr7,45127092,45127208,-,GT-AG,GT,AG,annotated on 5',annotated on 3',1,0,"['ENSMUST00000150350.8', 'ENSMUST00000209812.1', 'ENSMUST00000211037.1', 'ENSMUST00000210967.1', 'ENSMUST00000209467.1', 'ENSMUST00000209711.1', 'ENSMUST00000209212.1', 'ENSMUST00000210191.1', 'ENSMUST00000209626.1', 'ENSMUST00000209815.1', 'ENSMUST00000210918.1', 'ENSMUST00000211438.1']","['ENSMUST00000150350.8', 'ENSMUST00000211037.1', 'ENSMUST00000210967.1', 'ENSMUST00000209467.1', 'ENSMUST00000209927.1', 'ENSMUST00000209212.1', 'ENSMUST00000210191.1', 'ENSMUST00000209626.1', 'ENSMUST00000209815.1', 'ENSMUST00000210918.1', 'ENSMUST00000211438.1']","['ENSMUST00000210967.1', 'ENSMUST00000210191.1', 'ENSMUST00000209467.1', 'ENSMUST00000150350.8', 'ENSMUST00000209812.1', 'ENSMUST00000209212.1', 'ENSMUST00000209815.1', 'ENSMUST00000209626.1', 'ENSMUST00000211438.1', 'ENSMUST00000211037.1', 'ENSMUST00000210918.1']",['ENSMUST00000209711.1'],['ENSMUST00000209927.1'],"['nonsense_mediated_decay', 'processed_transcript', 'protein_coding', 'retained_intron']","['ENSMUSG00000089989.10', 'ENSMUSG00000074129.14']","['Gm45713', 'Rpl13a']","['ENSMUST00000210967.1', 'ENSMUST00000210191.1', 'ENSMUST00000209467.1', 'ENSMUST00000209711.1', 'ENSMUST00000150350.8', 'ENSMUST00000209812.1', 'ENSMUST00000209212.1', 'ENSMUST00000209815.1', 'ENSMUST00000209626.1', 'ENSMUST00000211438.1', 'ENSMUST00000211037.1', 'ENSMUST00000210918.1']","['ENSMUST00000210967.1', 'ENSMUST00000209927.1', 'ENSMUST00000210191.1', 'ENSMUST00000209467.1', 'ENSMUST00000150350.8', 'ENSMUST00000209812.1', 'ENSMUST00000209212.1', 'ENSMUST00000209815.1', 'ENSMUST00000209626.1', 'ENSMUST00000211438.1', 'ENSMUST00000211037.1', 'ENSMUST00000210918.1']",['protein_coding']
chr7_45127274_45127495_-,42,9196,chr7,45127274,45127495,-,GT-AG,GT,AG,annotated on 5',annotated on 3',1,0,"['ENSMUST00000150350.8', 'ENSMUST00000209812.1', 'ENSMUST00000211037.1', 'ENSMUST00000210073.1', 'ENSMUST00000210967.1', 'ENSMUST00000209467.1', 'ENSMUST00000209927.1', 'ENSMUST00000209711.1', 'ENSMUST00000209212.1', 'ENSMUST00000210191.1', 'ENSMUST00000209626.1', 'ENSMUST00000209815.1', 'ENSMUST00000210918.1', 'ENSMUST00000211438.1', 'ENSMUST00000210134.1', 'ENSMUST00000209965.1']","['ENSMUST00000150350.8', 'ENSMUST00000209812.1', 'ENSMUST00000211037.1', 'ENSMUST00000210073.1', 'ENSMUST00000210967.1', 'ENSMUST00000209467.1', 'ENSMUST00000209711.1', 'ENSMUST00000209212.1', 'ENSMUST00000210191.1', 'ENSMUST00000209626.1', 'ENSMUST00000209815.1', 'ENSMUST00000210918.1', 'ENSMUST00000211438.1', 'ENSMUST00000210134.1']","['ENSMUST00000210967.1', 'ENSMUST00000210191.1', 'ENSMUST00000209467.1', 'ENSMUST00000209711.1', 'ENSMUST00000150350.8', 'ENSMUST00000209812.1', 'ENSMUST00000209212.1', 'ENSMUST00000209815.1', 'ENSMUST00000209626.1', 'ENSMUST00000210134.1', 'ENSMUST00000210073.1', 'ENSMUST00000211438.1', 'ENSMUST00000211037.1', 'ENSMUST00000210918.1']","['ENSMUST00000209927.1', 'ENSMUST00000209965.1']",[],"['nonsense_mediated_decay', 'processed_transcript', 'protein_coding', 'retained_intron']","['ENSMUSG00000089989.10', 'ENSMUSG00000074129.14']","['Gm45713', 'Rpl13a']","['ENSMUST00000210967.1', 'ENSMUST00000209927.1', 'ENSMUST00000210191.1', 'ENSMUST00000209467.1', 'ENSMUST00000209711.1', 'ENSMUST00000150350.8', 'ENSMUST00000209812.1', 'ENSMUST00000209212.1', 'ENSMUST00000209815.1', 'ENSMUST00000209626.1', 'ENSMUST00000210134.1', 'ENSMUST00000210073.1', 'ENSMUST00000211438.1', 'ENSMUST00000209965.1', 'ENSMUST00000211037.1', 'ENSMUST00000210918.1']","['ENSMUST00000210967.1', 'ENSMUST00000210191.1', 'ENSMUST00000209467.1', 'ENSMUST00000209711.1', 'ENSMUST00000150350.8', 'ENSMUST00000209812.1', 'ENSMUST00000209212.1', 'ENSMUST00000209815.1', 'ENSMUST00000209626.1', 'ENSMUST00000210134.1', 'ENSMUST00000210073.1', 'ENSMUST00000211438.1', 'ENSMUST00000211037.1', 'ENSMUST00000210918.1']",['protein_coding']
chr7_45458283_45458534_-,48,66962,chr7,45458283,45458534,-,GT-AG,GT,AG,annotated on 5',annotated on 3',1,0,"['ENSMUST00000094434.12', 'ENSMUST00000211694.1', 'ENSMUST00000210375.1', 'ENSMUST00000210106.1', 'ENSMUST00000211500.1', 'ENSMUST00000210864.1']","['ENSMUST00000094434.12', 'ENSMUST00000211694.1', 'ENSMUST00000210375.1', 'ENSMUST00000210106.1', 'ENSMUST00000211500.1', 'ENSMUST00000210864.1']","['ENSMUST00000210106.1', 'ENSMUST00000210864.1', 'ENSMUST00000210375.1', 'ENSMUST00000211694.1', 'ENSMUST00000094434.12', 'ENSMUST00000211500.1']",[],['ENSMUST00000102082.1'],"['nonsense_mediated_decay', 'protein_coding', 'miRNA', 'processed_transcript', 'retained_intron']","['ENSMUSG00000050708.16', 'ENSMUSG00000076036.1']","['Ftl1', 'Gm22133']","['ENSMUST00000210106.1', 'ENSMUST00000210864.1', 'ENSMUST00000210375.1', 'ENSMUST00000211694.1', 'ENSMUST00000094434.12', 'ENSMUST00000211500.1']","['ENSMUST00000210106.1', 'ENSMUST00000102082.1', 'ENSMUST00000210864.1', 'ENSMUST00000210375.1', 'ENSMUST00000211694.1', 'ENSMUST00000094434.12', 'ENSMUST00000211500.1']","['miRNA', 'protein_coding']"
chr7_126579473_126580143_-,6,274,chr7,126579473,126580143,-,GT-AG,GT,AG,annotated on 5',annotated on 3',1,0,"['ENSMUST00000084589.10', 'ENSMUST00000032962.10', 'ENSMUST00000116269.8', 'ENSMUST00000098036.8', 'ENSMUST00000153790.7', 'ENSMUST00000128225.7', 'ENSMUST00000150917.7', 'ENSMUST00000128970.7', 'ENSMUST00000125508.7']","['ENSMUST00000084589.10', 'ENSMUST00000032962.10', 'ENSMUST00000116269.8', 'ENSMUST00000098036.8', 'ENSMUST00000153790.7', 'ENSMUST00000128225.7', 'ENSMUST00000150917.7', 'ENSMUST00000128970.7', 'ENSMUST00000125508.7']","['ENSMUST00000128225.7', 'ENSMUST00000125508.7', 'ENSMUST00000084589.10', 'ENSMUST00000150917.7', 'ENSMUST00000098036.8', 'ENSMUST00000128970.7', 'ENSMUST00000153790.7', 'ENSMUST00000116269.8', 'ENSMUST00000032962.10']",[],['ENSMUST00000184825.1'],"['nonsense_mediated_decay', 'protein_coding', 'miRNA', 'processed_transcript', 'retained_intron']","['ENSMUSG00000030720.16', 'ENSMUSG00000098540.1']","['Cln3', 'Mir7059']","['ENSMUST00000128225.7', 'ENSMUST00000125508.7', 'ENSMUST00000084589.10', 'ENSMUST00000150917.7', 'ENSMUST00000098036.8', 'ENSMUST00000128970.7', 'ENSMUST00000153790.7', 'ENSMUST00000116269.8', 'ENSMUST00000032962.10']","['ENSMUST00000128225.7', 'ENSMUST00000125508.7', 'ENSMUST00000084589.10', 'ENSMUST00000150917.7', 'ENSMUST00000098036.8', 'ENSMUST00000128970.7', 'ENSMUST00000153790.7', 'ENSMUST00000116269.8', 'ENSMUST00000184825.1', 'ENSMUST00000032962.10']","['miRNA', 'protein_coding']"
chr7_127893491_127894504_-,26,3097,chr7,127893491,127894504,-,GT-AG,GT,AG,annotated on 5',annotated on 3',1,0,"['ENSMUST00000126662.1', 'ENSMUST00000033074.7', 'ENSMUST00000206053.1', 'ENSMUST00000119922.1']","['ENSMUST00000126662.1', 'ENSMUST00000033074.7', 'ENSMUST00000206053.1', 'ENSMUST00000119922.1']","['ENSMUST00000119922.1', 'ENSMUST00000206053.1', 'ENSMUST00000033074.7', 'ENSMUST00000126662.1']",[],[],"['nonsense_mediated_decay', 'protein_coding']","['ENSMUSG00000096145.2', 'ENSMUSG00000030804.8']","['Vkorc1', 'Gm21974']","['ENSMUST00000119922.1', 'ENSMUST00000206053.1', 'ENSMUST00000033074.7', 'ENSMUST00000126662.1']","['ENSMUST00000119922.1', 'ENSMUST00000206053.1', 'ENSMUST00000033074.7', 'ENSMUST00000126662.1']",['protein_coding']
chr7_127894614_127895408_-,24,1802,chr7,127894614,127895408,-,GT-AG,GT,AG,annotated on 5',annotated on 3',1,0,"['ENSMUST00000126662.1', 'ENSMUST00000033074.7']","['ENSMUST00000126662.1', 'ENSMUST00000033074.7', 'ENSMUST00000206053.1', 'ENSMUST00000119922.1']","['ENSMUST00000033074.7', 'ENSMUST00000126662.1']",[],"['ENSMUST00000119922.1', 'ENSMUST00000206053.1']","['nonsense_mediated_decay', 'protein_coding']","['ENSMUSG00000096145.2', 'ENSMUSG00000030804.8']","['Vkorc1', 'Gm21974']","['ENSMUST00000033074.7', 'ENSMUST00000126662.1']","['ENSMUST00000119922.1', 'ENSMUST00000206053.1', 'ENSMUST00000033074.7', 'ENSMUST00000126662.1']",['protein_coding']
chr7_140955173_140955669_-,31,6779,chr7,140955173,140955669,-,GT-AG,GT,AG,annotated on 5',annotated on 3',1,0,"['ENSMUST00000211129.1', 'ENSMUST00000081649.9']",['ENSMUST00000081649.9'],['ENSMUST00000081649.9'],['ENSMUST00000211129.1'],[],['protein_coding'],"['ENSMUSG00000060591.9', 'ENSMUSG00000110104.1']","['Ifitm2', 'Gm45717']","['ENSMUST00000081649.9', 'ENSMUST00000211129.1']",['ENSMUST00000081649.9'],['protein_coding']
chr8_70895507_70895599_-,45,25149,chr8,70895507,70895599,-,GT-AG,GT,AG,annotated on 5',annotated on 3',1,0,"['ENSMUST00000054220.9', 'ENSMUST00000212019.1', 'ENSMUST00000212129.1', 'ENSMUST00000212709.1', 'ENSMUST00000213053.1', 'ENSMUST00000212378.1']","['ENSMUST00000054220.9', 'ENSMUST00000212019.1', 'ENSMUST00000212129.1', 'ENSMUST00000212709.1', 'ENSMUST00000212494.1', 'ENSMUST00000213053.1', 'ENSMUST00000212378.1']","['ENSMUST00000184412.1', 'ENSMUST00000212019.1', 'ENSMUST00000212129.1', 'ENSMUST00000054220.9', 'ENSMUST00000212709.1', 'ENSMUST00000212378.1', 'ENSMUST00000213053.1']",[],['ENSMUST00000212494.1'],"['nonsense_mediated_decay', 'miRNA', 'protein_coding', 'retained_intron']","['ENSMUSG00000045128.9', 'ENSMUSG00000098710.1']","['Rpl18a', 'Mir7067']","['ENSMUST00000184412.1', 'ENSMUST00000212019.1', 'ENSMUST00000212129.1', 'ENSMUST00000054220.9', 'ENSMUST00000212709.1', 'ENSMUST00000212378.1', 'ENSMUST00000213053.1']","['ENSMUST00000184412.1', 'ENSMUST00000212019.1', 'ENSMUST00000212129.1', 'ENSMUST00000054220.9', 'ENSMUST00000212494.1', 'ENSMUST00000212709.1', 'ENSMUST00000212378.1', 'ENSMUST00000213053.1']","['miRNA', 'protein_coding']"
chr8_123103954_123105043_+,47,17263,chr8,123103954,123105043,+,GT-AG,GT,AG,annotated on 5',annotated on 3',0,1,"['ENSMUST00000000756.5', 'ENSMUST00000212887.1']","['ENSMUST00000000756.5', 'ENSMUST00000212887.1']","['ENSMUST00000212887.1', 'ENSMUST00000000756.5']",[],['ENSMUST00000184697.1'],"['miRNA', 'protein_coding', 'retained_intron']","['ENSMUSG00000098550.1', 'ENSMUSG00000000740.12']","['Mir7079', 'Rpl13']","['ENSMUST00000212887.1', 'ENSMUST00000000756.5']","['ENSMUST00000184697.1', 'ENSMUST00000212887.1', 'ENSMUST00000000756.5']","['miRNA', 'protein_coding']"
chr11_120346533_120346636_-,41,25741,chr11,120346533,120346636,-,GT-AG,GT,AG,annotated on 5',annotated on 3',1,0,"['ENSMUST00000071555.12', 'ENSMUST00000106215.10', 'ENSMUST00000062147.13', 'ENSMUST00000089616.5', 'ENSMUST00000131103.8']","['ENSMUST00000071555.12', 'ENSMUST00000106215.10', 'ENSMUST00000062147.13', 'ENSMUST00000131103.8']","['ENSMUST00000071555.12', 'ENSMUST00000062147.13', 'ENSMUST00000131103.8', 'ENSMUST00000089616.5', 'ENSMUST00000106215.10']",['ENSMUST00000175523.1'],[],"['nonsense_mediated_decay', 'miRNA', 'protein_coding']","['ENSMUSG00000093264.1', 'ENSMUSG00000062825.15']","['Gm23419', 'Actg1']","['ENSMUST00000071555.12', 'ENSMUST00000175523.1', 'ENSMUST00000062147.13', 'ENSMUST00000131103.8', 'ENSMUST00000089616.5', 'ENSMUST00000106215.10']","['ENSMUST00000071555.12', 'ENSMUST00000062147.13', 'ENSMUST00000131103.8', 'ENSMUST00000089616.5', 'ENSMUST00000106215.10']","['miRNA', 'protein_coding']"
chr11_120346818_120346910_-,42,26387,chr11,120346818,120346910,-,GT-AG,GT,AG,annotated on 5',annotated on 3',1,0,"['ENSMUST00000071555.12', 'ENSMUST00000106215.10', 'ENSMUST00000089616.5', 'ENSMUST00000131103.8']","['ENSMUST00000071555.12', 'ENSMUST00000106215.10', 'ENSMUST00000062147.13', 'ENSMUST00000089616.5', 'ENSMUST00000131103.8', 'ENSMUST00000175523.1']","['ENSMUST00000131103.8', 'ENSMUST00000089616.5', 'ENSMUST00000071555.12', 'ENSMUST00000106215.10']",[],"['ENSMUST00000175523.1', 'ENSMUST00000062147.13']","['nonsense_mediated_decay', 'miRNA', 'protein_coding']","['ENSMUSG00000093264.1', 'ENSMUSG00000062825.15']","['Gm23419', 'Actg1']","['ENSMUST00000131103.8', 'ENSMUST00000089616.5', 'ENSMUST00000071555.12', 'ENSMUST00000106215.10']","['ENSMUST00000071555.12', 'ENSMUST00000175523.1', 'ENSMUST00000062147.13', 'ENSMUST00000131103.8', 'ENSMUST00000089616.5', 'ENSMUST00000106215.10']","['miRNA', 'protein_coding']"
chr12_112659276_112659549_-,11,391,chr12,112659276,112659549,-,GT-AG,GT,AG,annotated on 5',annotated on 3',1,0,"['ENSMUST00000001780.9', 'ENSMUST00000128300.8', 'ENSMUST00000123563.8', 'ENSMUST00000144550.8', 'ENSMUST00000130342.1', 'ENSMUST00000139388.2']","['ENSMUST00000001780.9', 'ENSMUST00000128300.8', 'ENSMUST00000123563.8', 'ENSMUST00000144550.8', 'ENSMUST00000130342.1', 'ENSMUST00000139388.2']","['ENSMUST00000123563.8', 'ENSMUST00000144550.8', 'ENSMUST00000128300.8', 'ENSMUST00000139388.2', 'ENSMUST00000001780.9', 'ENSMUST00000130342.1']",['ENSMUST00000127902.1'],['ENSMUST00000184981.1'],"['miRNA', 'processed_transcript', 'protein_coding', 'retained_intron']","['ENSMUSG00000098380.1', 'ENSMUSG00000001729.14']","['Mir6939', 'Akt1']","['ENSMUST00000123563.8', 'ENSMUST00000127902.1', 'ENSMUST00000144550.8', 'ENSMUST00000128300.8', 'ENSMUST00000139388.2', 'ENSMUST00000001780.9', 'ENSMUST00000130342.1']","['ENSMUST00000123563.8', 'ENSMUST00000144550.8', 'ENSMUST00000128300.8', 'ENSMUST00000139388.2', 'ENSMUST00000001780.9', 'ENSMUST00000130342.1', 'ENSMUST00000184981.1']","['miRNA', 'protein_coding']"
chr14_57798354_57798487_+,29,1046,chr14,57798354,57798487,+,GT-AG,GT,AG,annotated on 5',annotated on 3',0,1,"['ENSMUST00000128764.8', 'ENSMUST00000111269.1', 'ENSMUST00000131455.1']","['ENSMUST00000128764.8', 'ENSMUST00000111269.1', 'ENSMUST00000131455.1']","['ENSMUST00000128764.8', 'ENSMUST00000111269.1', 'ENSMUST00000131455.1']",[],"['ENSMUST00000143600.1', 'ENSMUST00000175043.1']","['miRNA', 'protein_coding', 'retained_intron']","['ENSMUSG00000092784.1', 'ENSMUSG00000021963.17']","['Mir3077', 'Sap18']","['ENSMUST00000128764.8', 'ENSMUST00000111269.1', 'ENSMUST00000131455.1']","['ENSMUST00000131455.1', 'ENSMUST00000175043.1', 'ENSMUST00000128764.8', 'ENSMUST00000111269.1', 'ENSMUST00000143600.1']","['miRNA', 'protein_coding']"
chr15_58933938_58936267_+,33,3591,chr15,58933938,58936267,+,GT-AG,GT,AG,annotated on 5',annotated on 3',0,1,['ENSMUST00000022980.4'],"['ENSMUST00000228787.1', 'ENSMUST00000022980.4']",['ENSMUST00000022980.4'],[],['ENSMUST00000228787.1'],"['nonsense_mediated_decay', 'protein_coding']","['ENSMUSG00000115463.1', 'ENSMUSG00000022354.4']","['Gm49356', 'Ndufb9']",['ENSMUST00000022980.4'],"['ENSMUST00000228787.1', 'ENSMUST00000022980.4']",['protein_coding']
chr15_76248177_76248258_+,14,2576,chr15,76248177,76248258,+,GT-AG,GT,AG,annotated on 5',annotated on 3',0,1,"['ENSMUST00000230347.1', 'ENSMUST00000023225.7', 'ENSMUST00000229916.1']","['ENSMUST00000230347.1', 'ENSMUST00000023225.7', 'ENSMUST00000229916.1']","['ENSMUST00000229916.1', 'ENSMUST00000230347.1', 'ENSMUST00000184745.1', 'ENSMUST00000023225.7']",['ENSMUST00000229772.1'],[],"['miRNA', 'protein_coding', 'retained_intron']","['ENSMUSG00000098625.1', 'ENSMUSG00000022564.7']","['Mir6953', 'Grina']","['ENSMUST00000230347.1', 'ENSMUST00000229916.1', 'ENSMUST00000229772.1', 'ENSMUST00000184745.1', 'ENSMUST00000023225.7']","['ENSMUST00000229916.1', 'ENSMUST00000230347.1', 'ENSMUST00000184745.1', 'ENSMUST00000023225.7']","['miRNA', 'protein_coding']"
chr17_24164882_24169205_-,31,3659,chr17,24164882,24169205,-,GT-AG,GT,AG,annotated on 5',annotated on 3',1,0,"['ENSMUST00000024932.11', 'ENSMUST00000098862.8', 'ENSMUST00000148541.7']","['ENSMUST00000202853.1', 'ENSMUST00000024932.11', 'ENSMUST00000098862.8', 'ENSMUST00000148541.7', 'ENSMUST00000156061.1', 'ENSMUST00000150647.1']","['ENSMUST00000098862.8', 'ENSMUST00000024932.11', 'ENSMUST00000148541.7']",[],"['ENSMUST00000156061.1', 'ENSMUST00000150647.1', 'ENSMUST00000202853.1']","['processed_transcript', 'protein_coding']","['ENSMUSG00000107169.1', 'ENSMUSG00000024121.13']","['Gm43796', 'Atp6v0c']","['ENSMUST00000098862.8', 'ENSMUST00000024932.11', 'ENSMUST00000148541.7']","['ENSMUST00000150647.1', 'ENSMUST00000148541.7', 'ENSMUST00000156061.1', 'ENSMUST00000024932.11', 'ENSMUST00000202853.1', 'ENSMUST00000098862.8']",['protein_coding']
chr17_27634475_27635203_-,40,5569,chr17,27634475,27635203,-,GT-AG,GT,AG,annotated on 5',annotated on 3',1,0,"['ENSMUST00000233710.1', 'ENSMUST00000114882.8', 'ENSMUST00000025052.13', 'ENSMUST00000155071.8', 'ENSMUST00000145226.8']","['ENSMUST00000233710.1', 'ENSMUST00000114882.8', 'ENSMUST00000025052.13', 'ENSMUST00000114881.8', 'ENSMUST00000178774.2', 'ENSMUST00000155071.8', 'ENSMUST00000145226.8', 'ENSMUST00000152982.2']","['ENSMUST00000025052.13', 'ENSMUST00000145226.8', 'ENSMUST00000114882.8', 'ENSMUST00000155071.8', 'ENSMUST00000233710.1']",[],"['ENSMUST00000178774.2', 'ENSMUST00000114881.8', 'ENSMUST00000152982.2']","['protein_coding', 'retained_intron']","['ENSMUSG00000052146.16', 'ENSMUSG00000117338.1']","['Rps10', 'RPS10-NUDT3']","['ENSMUST00000025052.13', 'ENSMUST00000145226.8', 'ENSMUST00000114882.8', 'ENSMUST00000155071.8', 'ENSMUST00000233710.1']","['ENSMUST00000025052.13', 'ENSMUST00000145226.8', 'ENSMUST00000114882.8', 'ENSMUST00000155071.8', 'ENSMUST00000178774.2', 'ENSMUST00000114881.8', 'ENSMUST00000233710.1', 'ENSMUST00000152982.2']",['protein_coding']
chr17_70974496_70975458_-,38,7489,chr17,70974496,70975458,-,GT-AG,GT,AG,annotated on 5',annotated on 3',1,0,"['ENSMUST00000038446.9', 'ENSMUST00000233004.1', 'ENSMUST00000233357.1', 'ENSMUST00000137537.1']","['ENSMUST00000038446.9', 'ENSMUST00000233004.1', 'ENSMUST00000233357.1', 'ENSMUST00000137537.1', 'ENSMUST00000233417.1']","['ENSMUST00000233357.1', 'ENSMUST00000137537.1', 'ENSMUST00000038446.9', 'ENSMUST00000233004.1']",[],['ENSMUST00000233417.1'],"['protein_coding', 'retained_intron']","['ENSMUSG00000034868.9', 'ENSMUSG00000117098.1']","['Myl12b', 'AC154187.2']","['ENSMUST00000233357.1', 'ENSMUST00000137537.1', 'ENSMUST00000038446.9', 'ENSMUST00000233004.1']","['ENSMUST00000137537.1', 'ENSMUST00000233357.1', 'ENSMUST00000038446.9', 'ENSMUST00000233004.1', 'ENSMUST00000233417.1']",['protein_coding']
chr17_70974496_70996109_-,37,3020,chr17,70974496,70996109,-,GT-AG,GT,AG,annotated on 5',annotated on 3',1,0,"['ENSMUST00000233417.1', 'ENSMUST00000148960.7', 'ENSMUST00000233089.1', 'ENSMUST00000232766.1', 'ENSMUST00000233798.1', 'ENSMUST00000024846.12', 'ENSMUST00000126529.1', 'ENSMUST00000123686.7']","['ENSMUST00000038446.9', 'ENSMUST00000233004.1', 'ENSMUST00000233357.1', 'ENSMUST00000137537.1', 'ENSMUST00000233417.1']",['ENSMUST00000233417.1'],"['ENSMUST00000123686.7', 'ENSMUST00000150456.1', 'ENSMUST00000233798.1', 'ENSMUST00000232766.1', 'ENSMUST00000233089.1', 'ENSMUST00000126529.1', 'ENSMUST00000024846.12', 'ENSMUST00000148960.7']","['ENSMUST00000233357.1', 'ENSMUST00000137537.1', 'ENSMUST00000038446.9', 'ENSMUST00000233004.1']","['protein_coding', 'retained_intron']","['ENSMUSG00000024048.15', 'ENSMUSG00000034868.9', 'ENSMUSG00000117098.1']","['Myl12a', 'Myl12b', 'AC154187.2']","['ENSMUST00000123686.7', 'ENSMUST00000150456.1', 'ENSMUST00000233798.1', 'ENSMUST00000232766.1', 'ENSMUST00000233089.1', 'ENSMUST00000126529.1', 'ENSMUST00000233417.1', 'ENSMUST00000024846.12', 'ENSMUST00000148960.7']","['ENSMUST00000137537.1', 'ENSMUST00000233357.1', 'ENSMUST00000038446.9', 'ENSMUST00000233004.1', 'ENSMUST00000233417.1']",['protein_coding']
chr17_70975620_70977047_-,36,5400,chr17,70975620,70977047,-,GT-AG,GT,AG,annotated on 5',annotated on 3',1,0,"['ENSMUST00000038446.9', 'ENSMUST00000233004.1', 'ENSMUST00000233357.1']","['ENSMUST00000038446.9', 'ENSMUST00000233004.1', 'ENSMUST00000233357.1']","['ENSMUST00000233357.1', 'ENSMUST00000038446.9', 'ENSMUST00000233004.1']",[],[],['protein_coding'],"['ENSMUSG00000034868.9', 'ENSMUSG00000117098.1']","['Myl12b', 'AC154187.2']","['ENSMUST00000233357.1', 'ENSMUST00000038446.9', 'ENSMUST00000233004.1']","['ENSMUST00000233357.1', 'ENSMUST00000038446.9', 'ENSMUST00000233004.1']",['protein_coding']
chr17_70994784_70996109_-,38,8928,chr17,70994784,70996109,-,GT-AG,GT,AG,annotated on 5',annotated on 3',1,0,"['ENSMUST00000233417.1', 'ENSMUST00000148960.7', 'ENSMUST00000233089.1', 'ENSMUST00000232766.1', 'ENSMUST00000233798.1', 'ENSMUST00000024846.12', 'ENSMUST00000126529.1', 'ENSMUST00000123686.7']","['ENSMUST00000148960.7', 'ENSMUST00000233089.1', 'ENSMUST00000232766.1', 'ENSMUST00000233798.1', 'ENSMUST00000024846.12', 'ENSMUST00000126529.1', 'ENSMUST00000123686.7']","['ENSMUST00000123686.7', 'ENSMUST00000233798.1', 'ENSMUST00000232766.1', 'ENSMUST00000233089.1', 'ENSMUST00000126529.1', 'ENSMUST00000024846.12', 'ENSMUST00000148960.7']","['ENSMUST00000150456.1', 'ENSMUST00000233417.1']",[],"['protein_coding', 'retained_intron']","['ENSMUSG00000024048.15', 'ENSMUSG00000117098.1']","['Myl12a', 'AC154187.2']","['ENSMUST00000123686.7', 'ENSMUST00000150456.1', 'ENSMUST00000233798.1', 'ENSMUST00000232766.1', 'ENSMUST00000233089.1', 'ENSMUST00000126529.1', 'ENSMUST00000233417.1', 'ENSMUST00000024846.12', 'ENSMUST00000148960.7']","['ENSMUST00000123686.7', 'ENSMUST00000233798.1', 'ENSMUST00000232766.1', 'ENSMUST00000233089.1', 'ENSMUST00000126529.1', 'ENSMUST00000024846.12', 'ENSMUST00000148960.7']",['protein_coding']
chr18_80206901_80207153_+,19,1462,chr18,80206901,80207153,+,GT-AG,GT,AG,annotated on 5',annotated on 3',0,1,"['ENSMUST00000156400.7', 'ENSMUST00000145963.7', 'ENSMUST00000125127.7', 'ENSMUST00000145116.7', 'ENSMUST00000126177.7']","['ENSMUST00000145963.7', 'ENSMUST00000125127.7', 'ENSMUST00000145116.7', 'ENSMUST00000126177.7', 'ENSMUST00000025464.7', 'ENSMUST00000025463.13', 'ENSMUST00000126360.1', 'ENSMUST00000127234.7', 'ENSMUST00000155879.1', 'ENSMUST00000125352.1']","['ENSMUST00000155879.1', 'ENSMUST00000126177.7', 'ENSMUST00000125127.7', 'ENSMUST00000145963.7', 'ENSMUST00000156400.7', 'ENSMUST00000145116.7', 'ENSMUST00000025463.13', 'ENSMUST00000126360.1']",[],"['ENSMUST00000025464.7', 'ENSMUST00000127234.7', 'ENSMUST00000125352.1']","['processed_transcript', 'protein_coding', 'retained_intron']","['ENSMUSG00000024571.14', 'ENSMUSG00000057130.11']","['Gm16286', 'Txnl4a']","['ENSMUST00000155879.1', 'ENSMUST00000126177.7', 'ENSMUST00000125127.7', 'ENSMUST00000145963.7', 'ENSMUST00000156400.7', 'ENSMUST00000145116.7', 'ENSMUST00000025463.13', 'ENSMUST00000126360.1']","['ENSMUST00000155879.1', 'ENSMUST00000125352.1', 'ENSMUST00000126177.7', 'ENSMUST00000125127.7', 'ENSMUST00000145963.7', 'ENSMUST00000156400.7', 'ENSMUST00000145116.7', 'ENSMUST00000025464.7', 'ENSMUST00000127234.7', 'ENSMUST00000025463.13', 'ENSMUST00000126360.1']",['protein_coding']
chr18_80207343_80218703_+,9,362,chr18,80207343,80218703,+,GT-AG,GT,AG,annotated on 5',annotated on 3',0,1,"['ENSMUST00000156400.7', 'ENSMUST00000145963.7', 'ENSMUST00000125127.7', 'ENSMUST00000145116.7', 'ENSMUST00000025464.7', 'ENSMUST00000025463.13', 'ENSMUST00000126360.1', 'ENSMUST00000127234.7', 'ENSMUST00000153363.1']","['ENSMUST00000145963.7', 'ENSMUST00000025464.7', 'ENSMUST00000126360.1', 'ENSMUST00000130675.1']","['ENSMUST00000145963.7', 'ENSMUST00000126360.1', 'ENSMUST00000025464.7']","['ENSMUST00000153363.1', 'ENSMUST00000125127.7', 'ENSMUST00000156400.7', 'ENSMUST00000145116.7', 'ENSMUST00000127234.7', 'ENSMUST00000025463.13']",['ENSMUST00000130675.1'],"['processed_transcript', 'protein_coding', 'retained_intron']","['ENSMUSG00000024571.14', 'ENSMUSG00000057130.11']","['Gm16286', 'Txnl4a']","['ENSMUST00000153363.1', 'ENSMUST00000125127.7', 'ENSMUST00000145963.7', 'ENSMUST00000156400.7', 'ENSMUST00000145116.7', 'ENSMUST00000025464.7', 'ENSMUST00000127234.7', 'ENSMUST00000025463.13', 'ENSMUST00000126360.1']","['ENSMUST00000145963.7', 'ENSMUST00000130675.1', 'ENSMUST00000126360.1', 'ENSMUST00000025464.7']",['protein_coding']
chr2_136881639_136885472_-,12,380,chr2,136881639,136885472,-,GT-AG,GT,AG,annotated on 5',annotated on 3',1,0,"['ENSMUST00000028730.12', 'ENSMUST00000110089.8', 'ENSMUST00000144275.1', 'ENSMUST00000227806.1']","['ENSMUST00000028730.12', 'ENSMUST00000110089.8', 'ENSMUST00000144275.1', 'ENSMUST00000227806.1']","['ENSMUST00000227806.1', 'ENSMUST00000028730.12', 'ENSMUST00000144275.1', 'ENSMUST00000110089.8']",['ENSMUST00000231720.1'],[],"['processed_transcript', 'protein_coding']","['ENSMUSG00000116563.1', 'ENSMUSG00000115423.2', 'ENSMUSG00000027274.16']","['AL731706.2', 'AL731706.1', 'Mkks']","['ENSMUST00000144275.1', 'ENSMUST00000227806.1', 'ENSMUST00000110089.8', 'ENSMUST00000231720.1', 'ENSMUST00000028730.12']","['ENSMUST00000227806.1', 'ENSMUST00000028730.12', 'ENSMUST00000144275.1', 'ENSMUST00000110089.8']",['protein_coding']
chr2_164354313_164354875_-,6,2991,chr2,164354313,164354875,-,GT-AG,GT,AG,annotated on 5',annotated on 3',1,0,"['ENSMUST00000109367.9', 'ENSMUST00000165980.1']","['ENSMUST00000109367.9', 'ENSMUST00000165980.1']","['ENSMUST00000109367.9', 'ENSMUST00000165980.1']",[],['ENSMUST00000185076.1'],"['miRNA', 'protein_coding']","['ENSMUSG00000098489.1', 'ENSMUSG00000017002.14']","['Mir7678', 'Slpi']","['ENSMUST00000109367.9', 'ENSMUST00000165980.1']","['ENSMUST00000109367.9', 'ENSMUST00000185076.1', 'ENSMUST00000165980.1']","['miRNA', 'protein_coding']"
chr4_40991883_40993758_+,5,411,chr4,40991883,40993758,+,GT-AG,GT,AG,annotated on 5',annotated on 3',0,1,"['ENSMUST00000091614.6', 'ENSMUST00000030133.14', 'ENSMUST00000098143.10']","['ENSMUST00000091614.6', 'ENSMUST00000030133.14', 'ENSMUST00000098143.10']","['ENSMUST00000098143.10', 'ENSMUST00000030133.14', 'ENSMUST00000091614.6']",[],['ENSMUST00000175121.1'],"['miRNA', 'protein_coding']","['ENSMUSG00000092862.1', 'ENSMUSG00000028423.15']","['Mir3094', 'Nfx1']","['ENSMUST00000098143.10', 'ENSMUST00000030133.14', 'ENSMUST00000091614.6']","['ENSMUST00000098143.10', 'ENSMUST00000030133.14', 'ENSMUST00000175121.1', 'ENSMUST00000091614.6']","['miRNA', 'protein_coding']"
chr4_40993858_40993962_+,6,356,chr4,40993858,40993962,+,GT-AG,GT,AG,annotated on 5',annotated on 3',0,1,"['ENSMUST00000091614.6', 'ENSMUST00000030133.14', 'ENSMUST00000098143.10']","['ENSMUST00000091614.6', 'ENSMUST00000030133.14', 'ENSMUST00000098143.10']","['ENSMUST00000098143.10', 'ENSMUST00000030133.14', 'ENSMUST00000091614.6']",['ENSMUST00000175121.1'],[],"['miRNA', 'protein_coding']","['ENSMUSG00000092862.1', 'ENSMUSG00000028423.15']","['Mir3094', 'Nfx1']","['ENSMUST00000098143.10', 'ENSMUST00000030133.14', 'ENSMUST00000175121.1', 'ENSMUST00000091614.6']","['ENSMUST00000098143.10', 'ENSMUST00000030133.14', 'ENSMUST00000091614.6']","['miRNA', 'protein_coding']"
chr7_24970009_24970086_-,38,6359,chr7,24970009,24970086,-,GT-AG,GT,AG,annotated on 5',annotated on 3',1,0,"['ENSMUST00000076961.8', 'ENSMUST00000206222.1', 'ENSMUST00000206868.1', 'ENSMUST00000205871.1', 'ENSMUST00000206941.1']","['ENSMUST00000076961.8', 'ENSMUST00000206222.1', 'ENSMUST00000206868.1', 'ENSMUST00000205871.1']","['ENSMUST00000206868.1', 'ENSMUST00000206222.1', 'ENSMUST00000205871.1', 'ENSMUST00000206941.1', 'ENSMUST00000183435.1', 'ENSMUST00000076961.8']",[],[],"['miRNA', 'processed_transcript', 'protein_coding', 'retained_intron']","['ENSMUSG00000098802.1', 'ENSMUSG00000003380.11']","['Mir7046', 'Rabac1']","['ENSMUST00000206868.1', 'ENSMUST00000206222.1', 'ENSMUST00000205871.1', 'ENSMUST00000206941.1', 'ENSMUST00000183435.1', 'ENSMUST00000076961.8']","['ENSMUST00000206868.1', 'ENSMUST00000206222.1', 'ENSMUST00000205871.1', 'ENSMUST00000206941.1', 'ENSMUST00000183435.1', 'ENSMUST00000076961.8']","['miRNA', 'protein_coding']"
chr7_31039094_31040182_-,21,5067,chr7,31039094,31040182,-,GT-AG,GT,AG,annotated on 5',annotated on 3',1,0,"['ENSMUST00000161805.7', 'ENSMUST00000161684.7', 'ENSMUST00000160006.1', 'ENSMUST00000162733.7', 'ENSMUST00000162116.7', 'ENSMUST00000159924.7', 'ENSMUST00000009831.13', 'ENSMUST00000162087.7', 'ENSMUST00000202395.3', 'ENSMUST00000160689.7', 'ENSMUST00000159753.1']","['ENSMUST00000161805.7', 'ENSMUST00000161684.7', 'ENSMUST00000160006.1', 'ENSMUST00000162733.7', 'ENSMUST00000162116.7', 'ENSMUST00000159924.7', 'ENSMUST00000009831.13', 'ENSMUST00000162087.7', 'ENSMUST00000202395.3', 'ENSMUST00000160689.7', 'ENSMUST00000159753.1']","['ENSMUST00000202395.3', 'ENSMUST00000159924.7', 'ENSMUST00000162116.7', 'ENSMUST00000161684.7', 'ENSMUST00000160006.1', 'ENSMUST00000159753.1', 'ENSMUST00000160689.7', 'ENSMUST00000161805.7', 'ENSMUST00000162087.7', 'ENSMUST00000162733.7', 'ENSMUST00000009831.13']",['ENSMUST00000184636.1'],['ENSMUST00000162250.7'],"['miRNA', 'protein_coding', 'retained_intron']","['ENSMUSG00000009687.14', 'ENSMUSG00000098783.1']","['Fxyd5', 'Mir7050']","['ENSMUST00000202395.3', 'ENSMUST00000159924.7', 'ENSMUST00000184636.1', 'ENSMUST00000162116.7', 'ENSMUST00000161684.7', 'ENSMUST00000160006.1', 'ENSMUST00000159753.1', 'ENSMUST00000160689.7', 'ENSMUST00000161805.7', 'ENSMUST00000162087.7', 'ENSMUST00000162733.7', 'ENSMUST00000009831.13']","['ENSMUST00000202395.3', 'ENSMUST00000159924.7', 'ENSMUST00000162116.7', 'ENSMUST00000161684.7', 'ENSMUST00000160006.1', 'ENSMUST00000162250.7', 'ENSMUST00000159753.1', 'ENSMUST00000160689.7', 'ENSMUST00000161805.7', 'ENSMUST00000162087.7', 'ENSMUST00000162733.7', 'ENSMUST00000009831.13']","['miRNA', 'protein_coding']"
chr7_31040257_31041396_-,21,6609,chr7,31040257,31041396,-,GT-AG,GT,AG,annotated on 5',annotated on 3',1,0,"['ENSMUST00000161805.7', 'ENSMUST00000161684.7', 'ENSMUST00000162733.7', 'ENSMUST00000162116.7', 'ENSMUST00000159924.7', 'ENSMUST00000009831.13', 'ENSMUST00000162087.7', 'ENSMUST00000202395.3', 'ENSMUST00000160689.7', 'ENSMUST00000159753.1']","['ENSMUST00000161805.7', 'ENSMUST00000161684.7', 'ENSMUST00000162733.7', 'ENSMUST00000162116.7', 'ENSMUST00000159924.7', 'ENSMUST00000009831.13', 'ENSMUST00000162087.7', 'ENSMUST00000159753.1']","['ENSMUST00000202395.3', 'ENSMUST00000159924.7', 'ENSMUST00000162116.7', 'ENSMUST00000161684.7', 'ENSMUST00000159753.1', 'ENSMUST00000160689.7', 'ENSMUST00000161805.7', 'ENSMUST00000162087.7', 'ENSMUST00000162733.7', 'ENSMUST00000009831.13']",[],['ENSMUST00000184636.1'],"['miRNA', 'protein_coding']","['ENSMUSG00000009687.14', 'ENSMUSG00000098783.1']","['Fxyd5', 'Mir7050']","['ENSMUST00000202395.3', 'ENSMUST00000159924.7', 'ENSMUST00000162116.7', 'ENSMUST00000161684.7', 'ENSMUST00000159753.1', 'ENSMUST00000160689.7', 'ENSMUST00000161805.7', 'ENSMUST00000162087.7', 'ENSMUST00000162733.7', 'ENSMUST00000009831.13']","['ENSMUST00000202395.3', 'ENSMUST00000159924.7', 'ENSMUST00000184636.1', 'ENSMUST00000162116.7', 'ENSMUST00000161684.7', 'ENSMUST00000159753.1', 'ENSMUST00000160689.7', 'ENSMUST00000161805.7', 'ENSMUST00000162087.7', 'ENSMUST00000162733.7', 'ENSMUST00000009831.13']","['miRNA', 'protein_coding']"
chr7_101409354_101410919_+,5,267,chr7,101409354,101410919,+,GT-AG,GT,AG,annotated on 5',annotated on 3',0,1,"['ENSMUST00000107010.8', 'ENSMUST00000084896.9', 'ENSMUST00000084895.11', 'ENSMUST00000098243.3', 'ENSMUST00000124637.1']","['ENSMUST00000107010.8', 'ENSMUST00000084896.9', 'ENSMUST00000084895.11', 'ENSMUST00000098243.3', 'ENSMUST00000124637.1']","['ENSMUST00000084896.9', 'ENSMUST00000124637.1', 'ENSMUST00000107010.8', 'ENSMUST00000098243.3', 'ENSMUST00000084895.11']",['ENSMUST00000125284.7'],['ENSMUST00000084894.14'],"['protein_coding', 'retained_intron']","['ENSMUSG00000030653.17', 'ENSMUSG00000032812.18']","['Gm45837', 'Arap1']","['ENSMUST00000084896.9', 'ENSMUST00000125284.7', 'ENSMUST00000124637.1', 'ENSMUST00000107010.8', 'ENSMUST00000098243.3', 'ENSMUST00000084895.11']","['ENSMUST00000084896.9', 'ENSMUST00000084894.14', 'ENSMUST00000124637.1', 'ENSMUST00000107010.8', 'ENSMUST00000098243.3', 'ENSMUST00000084895.11']",['protein_coding']
chr7_101411069_101411303_+,6,651,chr7,101411069,101411303,+,GT-AG,GT,AG,annotated on 5',annotated on 3',0,1,"['ENSMUST00000107010.8', 'ENSMUST00000084896.9', 'ENSMUST00000084895.11', 'ENSMUST00000098243.3', 'ENSMUST00000124637.1', 'ENSMUST00000084894.14']","['ENSMUST00000107010.8', 'ENSMUST00000084896.9', 'ENSMUST00000084895.11', 'ENSMUST00000098243.3', 'ENSMUST00000124637.1']","['ENSMUST00000084896.9', 'ENSMUST00000124637.1', 'ENSMUST00000107010.8', 'ENSMUST00000098243.3', 'ENSMUST00000084895.11']",['ENSMUST00000084894.14'],[],"['protein_coding', 'retained_intron']","['ENSMUSG00000030653.17', 'ENSMUSG00000032812.18']","['Gm45837', 'Arap1']","['ENSMUST00000084896.9', 'ENSMUST00000084894.14', 'ENSMUST00000124637.1', 'ENSMUST00000107010.8', 'ENSMUST00000098243.3', 'ENSMUST00000084895.11']","['ENSMUST00000084896.9', 'ENSMUST00000124637.1', 'ENSMUST00000107010.8', 'ENSMUST00000098243.3', 'ENSMUST00000084895.11']",['protein_coding']
chr7_140854623_140854764_-,11,318,chr7,140854623,140854764,-,GT-AG,GT,AG,annotated on 5',annotated on 3',1,0,"['ENSMUST00000209690.1', 'ENSMUST00000026557.9', 'ENSMUST00000210195.1', 'ENSMUST00000211624.1', 'ENSMUST00000211590.1', 'ENSMUST00000209320.1']","['ENSMUST00000209690.1', 'ENSMUST00000026557.9', 'ENSMUST00000210195.1', 'ENSMUST00000211624.1', 'ENSMUST00000211590.1', 'ENSMUST00000211527.1', 'ENSMUST00000209320.1']","['ENSMUST00000209690.1', 'ENSMUST00000209320.1', 'ENSMUST00000211590.1', 'ENSMUST00000210195.1', 'ENSMUST00000211624.1', 'ENSMUST00000026557.9']",['ENSMUST00000210710.1'],['ENSMUST00000211527.1'],"['nonsense_mediated_decay', 'protein_coding', 'retained_intron']","['ENSMUSG00000025484.9', 'ENSMUSG00000110136.1']","['Bet1l', 'Gm45785']","['ENSMUST00000210710.1', 'ENSMUST00000209690.1', 'ENSMUST00000209320.1', 'ENSMUST00000211590.1', 'ENSMUST00000210195.1', 'ENSMUST00000211624.1', 'ENSMUST00000026557.9']","['ENSMUST00000209690.1', 'ENSMUST00000211527.1', 'ENSMUST00000209320.1', 'ENSMUST00000211590.1', 'ENSMUST00000210195.1', 'ENSMUST00000211624.1', 'ENSMUST00000026557.9']",['protein_coding']
chr7_140854821_140855073_-,11,396,chr7,140854821,140855073,-,GT-AG,GT,AG,annotated on 5',annotated on 3',1,0,"['ENSMUST00000209690.1', 'ENSMUST00000026557.9', 'ENSMUST00000211624.1', 'ENSMUST00000211590.1', 'ENSMUST00000211527.1', 'ENSMUST00000209320.1', 'ENSMUST00000210710.1']","['ENSMUST00000209690.1', 'ENSMUST00000026557.9', 'ENSMUST00000211624.1', 'ENSMUST00000210710.1']","['ENSMUST00000210710.1', 'ENSMUST00000209690.1', 'ENSMUST00000211590.1', 'ENSMUST00000211624.1', 'ENSMUST00000026557.9']","['ENSMUST00000211527.1', 'ENSMUST00000209320.1']",[],"['nonsense_mediated_decay', 'protein_coding']","['ENSMUSG00000025484.9', 'ENSMUSG00000110136.1']","['Bet1l', 'Gm45785']","['ENSMUST00000210710.1', 'ENSMUST00000209690.1', 'ENSMUST00000211527.1', 'ENSMUST00000209320.1', 'ENSMUST00000211590.1', 'ENSMUST00000211624.1', 'ENSMUST00000026557.9']","['ENSMUST00000210710.1', 'ENSMUST00000209690.1', 'ENSMUST00000211590.1', 'ENSMUST00000211624.1', 'ENSMUST00000026557.9']",['protein_coding']
chr7_140855165_140856220_-,10,460,chr7,140855165,140856220,-,GT-AG,GT,AG,annotated on 5',annotated on 3',1,0,"['ENSMUST00000209690.1', 'ENSMUST00000026557.9', 'ENSMUST00000210195.1', 'ENSMUST00000211624.1', 'ENSMUST00000211590.1', 'ENSMUST00000211527.1', 'ENSMUST00000209320.1', 'ENSMUST00000210710.1']","['ENSMUST00000209690.1', 'ENSMUST00000026557.9', 'ENSMUST00000210195.1', 'ENSMUST00000211624.1', 'ENSMUST00000211590.1', 'ENSMUST00000211527.1', 'ENSMUST00000209320.1', 'ENSMUST00000210710.1']","['ENSMUST00000210710.1', 'ENSMUST00000209690.1', 'ENSMUST00000211527.1', 'ENSMUST00000209320.1', 'ENSMUST00000211590.1', 'ENSMUST00000210195.1', 'ENSMUST00000211624.1', 'ENSMUST00000026557.9']",['ENSMUST00000209318.1'],[],"['nonsense_mediated_decay', 'processed_transcript', 'protein_coding', 'retained_intron']","['ENSMUSG00000025484.9', 'ENSMUSG00000110136.1']","['Bet1l', 'Gm45785']","['ENSMUST00000210710.1', 'ENSMUST00000209318.1', 'ENSMUST00000209690.1', 'ENSMUST00000211527.1', 'ENSMUST00000209320.1', 'ENSMUST00000211590.1', 'ENSMUST00000210195.1', 'ENSMUST00000211624.1', 'ENSMUST00000026557.9']","['ENSMUST00000210710.1', 'ENSMUST00000209690.1', 'ENSMUST00000211527.1', 'ENSMUST00000209320.1', 'ENSMUST00000211590.1', 'ENSMUST00000210195.1', 'ENSMUST00000211624.1', 'ENSMUST00000026557.9']",['protein_coding']
chr7_142376738_142376832_-,37,27039,chr7,142376738,142376832,-,GT-AG,GT,AG,annotated on 5',annotated on 3',1,0,"['ENSMUST00000209263.1', 'ENSMUST00000133843.7', 'ENSMUST00000151120.8', 'ENSMUST00000066401.6']","['ENSMUST00000209263.1', 'ENSMUST00000151120.8', 'ENSMUST00000066401.6']","['ENSMUST00000151120.8', 'ENSMUST00000209263.1', 'ENSMUST00000066401.6']",['ENSMUST00000133843.7'],[],['protein_coding'],"['ENSMUSG00000007891.16', 'ENSMUSG00000110040.1']","['Ctsd', 'Gm49369']","['ENSMUST00000151120.8', 'ENSMUST00000133843.7', 'ENSMUST00000209263.1', 'ENSMUST00000066401.6']","['ENSMUST00000151120.8', 'ENSMUST00000209263.1', 'ENSMUST00000066401.6']",['protein_coding']
chr7_142376931_142377025_-,36,31155,chr7,142376931,142377025,-,GT-AG,GT,AG,annotated on 5',annotated on 3',1,0,"['ENSMUST00000209263.1', 'ENSMUST00000133843.7', 'ENSMUST00000151120.8', 'ENSMUST00000066401.6']","['ENSMUST00000209263.1', 'ENSMUST00000133843.7', 'ENSMUST00000151120.8', 'ENSMUST00000066401.6']","['ENSMUST00000151120.8', 'ENSMUST00000133843.7', 'ENSMUST00000209263.1', 'ENSMUST00000066401.6']",[],[],['protein_coding'],"['ENSMUSG00000007891.16', 'ENSMUSG00000110040.1']","['Ctsd', 'Gm49369']","['ENSMUST00000151120.8', 'ENSMUST00000133843.7', 'ENSMUST00000209263.1', 'ENSMUST00000066401.6']","['ENSMUST00000151120.8', 'ENSMUST00000133843.7', 'ENSMUST00000209263.1', 'ENSMUST00000066401.6']",['protein_coding']
chr7_142377170_142377332_-,34,24937,chr7,142377170,142377332,-,GT-AG,GT,AG,annotated on 5',annotated on 3',1,0,"['ENSMUST00000209263.1', 'ENSMUST00000133843.7', 'ENSMUST00000151120.8']","['ENSMUST00000209263.1', 'ENSMUST00000133843.7', 'ENSMUST00000151120.8', 'ENSMUST00000066401.6']","['ENSMUST00000151120.8', 'ENSMUST00000133843.7', 'ENSMUST00000209263.1', 'ENSMUST00000066401.6']",[],[],['protein_coding'],"['ENSMUSG00000007891.16', 'ENSMUSG00000110040.1']","['Ctsd', 'Gm49369']","['ENSMUST00000151120.8', 'ENSMUST00000133843.7', 'ENSMUST00000209263.1', 'ENSMUST00000066401.6']","['ENSMUST00000151120.8', 'ENSMUST00000133843.7', 'ENSMUST00000209263.1', 'ENSMUST00000066401.6']",['protein_coding']
chr7_142377455_142380765_-,34,19373,chr7,142377455,142380765,-,GT-AG,GT,AG,annotated on 5',annotated on 3',1,0,"['ENSMUST00000209263.1', 'ENSMUST00000133843.7', 'ENSMUST00000151120.8', 'ENSMUST00000066401.6']","['ENSMUST00000209263.1', 'ENSMUST00000133843.7', 'ENSMUST00000151120.8', 'ENSMUST00000066401.6']","['ENSMUST00000151120.8', 'ENSMUST00000133843.7', 'ENSMUST00000209263.1', 'ENSMUST00000066401.6']",[],[],['protein_coding'],"['ENSMUSG00000007891.16', 'ENSMUSG00000110040.1']","['Ctsd', 'Gm49369']","['ENSMUST00000151120.8', 'ENSMUST00000133843.7', 'ENSMUST00000209263.1', 'ENSMUST00000066401.6']","['ENSMUST00000151120.8', 'ENSMUST00000133843.7', 'ENSMUST00000209263.1', 'ENSMUST00000066401.6']",['protein_coding']
chr7_142380992_142382591_-,35,20388,chr7,142380992,142382591,-,GT-AG,GT,AG,annotated on 5',annotated on 3',1,0,"['ENSMUST00000133843.7', 'ENSMUST00000151120.8', 'ENSMUST00000066401.6']","['ENSMUST00000133843.7', 'ENSMUST00000151120.8', 'ENSMUST00000066401.6']","['ENSMUST00000151120.8', 'ENSMUST00000133843.7', 'ENSMUST00000066401.6']",[],[],['protein_coding'],"['ENSMUSG00000007891.16', 'ENSMUSG00000110040.1']","['Ctsd', 'Gm49369']","['ENSMUST00000151120.8', 'ENSMUST00000133843.7', 'ENSMUST00000066401.6']","['ENSMUST00000151120.8', 'ENSMUST00000133843.7', 'ENSMUST00000066401.6']",['protein_coding']
chr7_142382710_142383417_-,32,19266,chr7,142382710,142383417,-,GT-AG,GT,AG,annotated on 5',annotated on 3',1,0,"['ENSMUST00000151120.8', 'ENSMUST00000066401.6']","['ENSMUST00000151120.8', 'ENSMUST00000066401.6']","['ENSMUST00000151120.8', 'ENSMUST00000066401.6']",[],['ENSMUST00000133843.7'],['protein_coding'],"['ENSMUSG00000007891.16', 'ENSMUSG00000110040.1']","['Ctsd', 'Gm49369']","['ENSMUST00000151120.8', 'ENSMUST00000066401.6']","['ENSMUST00000151120.8', 'ENSMUST00000133843.7', 'ENSMUST00000066401.6']",['protein_coding']
chr8_70508528_70509295_-,43,5424,chr8,70508528,70509295,-,GT-AG,GT,AG,annotated on 5',annotated on 3',1,0,"['ENSMUST00000140679.7', 'ENSMUST00000129909.7', 'ENSMUST00000125184.7', 'ENSMUST00000127793.1', 'ENSMUST00000081940.10', 'ENSMUST00000121623.7', 'ENSMUST00000135446.7', 'ENSMUST00000165126.8', 'ENSMUST00000124967.1', 'ENSMUST00000138260.7']","['ENSMUST00000140679.7', 'ENSMUST00000129909.7', 'ENSMUST00000125184.7', 'ENSMUST00000127793.1', 'ENSMUST00000081940.10', 'ENSMUST00000121623.7', 'ENSMUST00000135446.7', 'ENSMUST00000165126.8', 'ENSMUST00000124967.1', 'ENSMUST00000138260.7']","['ENSMUST00000081940.10', 'ENSMUST00000138260.7', 'ENSMUST00000129909.7', 'ENSMUST00000127793.1', 'ENSMUST00000135446.7', 'ENSMUST00000121623.7', 'ENSMUST00000124967.1', 'ENSMUST00000125184.7', 'ENSMUST00000140679.7', 'ENSMUST00000165126.8']",[],[],"['protein_coding', 'retained_intron']","['ENSMUSG00000055553.16', 'ENSMUSG00000090137.8']","['Kxd1', 'Uba52']","['ENSMUST00000081940.10', 'ENSMUST00000138260.7', 'ENSMUST00000129909.7', 'ENSMUST00000127793.1', 'ENSMUST00000135446.7', 'ENSMUST00000121623.7', 'ENSMUST00000124967.1', 'ENSMUST00000125184.7', 'ENSMUST00000140679.7', 'ENSMUST00000165126.8']","['ENSMUST00000081940.10', 'ENSMUST00000138260.7', 'ENSMUST00000129909.7', 'ENSMUST00000127793.1', 'ENSMUST00000135446.7', 'ENSMUST00000121623.7', 'ENSMUST00000124967.1', 'ENSMUST00000125184.7', 'ENSMUST00000140679.7', 'ENSMUST00000165126.8']",['protein_coding']
chr8_70509382_70509520_-,43,6277,chr8,70509382,70509520,-,GT-AG,GT,AG,annotated on 5',annotated on 3',1,0,"['ENSMUST00000140679.7', 'ENSMUST00000129909.7', 'ENSMUST00000125184.7', 'ENSMUST00000081940.10', 'ENSMUST00000121623.7', 'ENSMUST00000135446.7', 'ENSMUST00000165126.8', 'ENSMUST00000124967.1', 'ENSMUST00000138260.7']","['ENSMUST00000140679.7', 'ENSMUST00000129909.7', 'ENSMUST00000125184.7', 'ENSMUST00000081940.10', 'ENSMUST00000121623.7', 'ENSMUST00000135446.7', 'ENSMUST00000165126.8', 'ENSMUST00000124967.1', 'ENSMUST00000138260.7']","['ENSMUST00000081940.10', 'ENSMUST00000138260.7', 'ENSMUST00000129909.7', 'ENSMUST00000135446.7', 'ENSMUST00000121623.7', 'ENSMUST00000124967.1', 'ENSMUST00000125184.7', 'ENSMUST00000140679.7', 'ENSMUST00000165126.8']",[],[],['protein_coding'],"['ENSMUSG00000055553.16', 'ENSMUSG00000090137.8']","['Kxd1', 'Uba52']","['ENSMUST00000081940.10', 'ENSMUST00000138260.7', 'ENSMUST00000129909.7', 'ENSMUST00000135446.7', 'ENSMUST00000121623.7', 'ENSMUST00000124967.1', 'ENSMUST00000125184.7', 'ENSMUST00000140679.7', 'ENSMUST00000165126.8']","['ENSMUST00000081940.10', 'ENSMUST00000138260.7', 'ENSMUST00000129909.7', 'ENSMUST00000135446.7', 'ENSMUST00000121623.7', 'ENSMUST00000124967.1', 'ENSMUST00000125184.7', 'ENSMUST00000140679.7', 'ENSMUST00000165126.8']",['protein_coding']
chr8_70509634_70510337_-,42,5126,chr8,70509634,70510337,-,GT-AG,GT,AG,annotated on 5',annotated on 3',1,0,"['ENSMUST00000125184.7', 'ENSMUST00000127793.1', 'ENSMUST00000081940.10']","['ENSMUST00000129909.7', 'ENSMUST00000125184.7', 'ENSMUST00000127793.1', 'ENSMUST00000121623.7', 'ENSMUST00000135446.7', 'ENSMUST00000138260.7']","['ENSMUST00000125184.7', 'ENSMUST00000081940.10', 'ENSMUST00000127793.1']",[],"['ENSMUST00000138260.7', 'ENSMUST00000129909.7', 'ENSMUST00000135446.7', 'ENSMUST00000121623.7', 'ENSMUST00000140679.7', 'ENSMUST00000165126.8']","['protein_coding', 'retained_intron']","['ENSMUSG00000055553.16', 'ENSMUSG00000090137.8']","['Kxd1', 'Uba52']","['ENSMUST00000125184.7', 'ENSMUST00000081940.10', 'ENSMUST00000127793.1']","['ENSMUST00000081940.10', 'ENSMUST00000138260.7', 'ENSMUST00000129909.7', 'ENSMUST00000127793.1', 'ENSMUST00000135446.7', 'ENSMUST00000121623.7', 'ENSMUST00000125184.7', 'ENSMUST00000140679.7', 'ENSMUST00000165126.8']",['protein_coding']
chr8_83723902_83723978_-,12,1301,chr8,83723902,83723978,-,GT-AG,GT,AG,annotated on 5',annotated on 3',1,0,"['ENSMUST00000166939.7', 'ENSMUST00000002964.13', 'ENSMUST00000075843.12', 'ENSMUST00000109802.2', 'ENSMUST00000139797.1']","['ENSMUST00000166939.7', 'ENSMUST00000002964.13', 'ENSMUST00000075843.12', 'ENSMUST00000109802.2', 'ENSMUST00000139797.1']","['ENSMUST00000002964.13', 'ENSMUST00000075843.12', 'ENSMUST00000166939.7', 'ENSMUST00000184114.1', 'ENSMUST00000109802.2', 'ENSMUST00000139797.1']",[],[],"['miRNA', 'protein_coding', 'retained_intron']","['ENSMUSG00000002885.14', 'ENSMUSG00000098465.1']","['Adgre5', 'Mir1668']","['ENSMUST00000002964.13', 'ENSMUST00000075843.12', 'ENSMUST00000166939.7', 'ENSMUST00000184114.1', 'ENSMUST00000109802.2', 'ENSMUST00000139797.1']","['ENSMUST00000002964.13', 'ENSMUST00000075843.12', 'ENSMUST00000166939.7', 'ENSMUST00000184114.1', 'ENSMUST00000109802.2', 'ENSMUST00000139797.1']","['miRNA', 'protein_coding']"
chr8_83724077_83724191_-,12,1591,chr8,83724077,83724191,-,GT-AG,GT,AG,annotated on 5',annotated on 3',1,0,"['ENSMUST00000166939.7', 'ENSMUST00000002964.13', 'ENSMUST00000075843.12', 'ENSMUST00000109802.2', 'ENSMUST00000139797.1']","['ENSMUST00000166939.7', 'ENSMUST00000002964.13', 'ENSMUST00000075843.12', 'ENSMUST00000109802.2', 'ENSMUST00000139797.1']","['ENSMUST00000002964.13', 'ENSMUST00000075843.12', 'ENSMUST00000166939.7', 'ENSMUST00000109802.2', 'ENSMUST00000139797.1']",[],['ENSMUST00000184114.1'],"['miRNA', 'protein_coding', 'retained_intron']","['ENSMUSG00000002885.14', 'ENSMUSG00000098465.1']","['Adgre5', 'Mir1668']","['ENSMUST00000002964.13', 'ENSMUST00000075843.12', 'ENSMUST00000166939.7', 'ENSMUST00000109802.2', 'ENSMUST00000139797.1']","['ENSMUST00000002964.13', 'ENSMUST00000075843.12', 'ENSMUST00000166939.7', 'ENSMUST00000184114.1', 'ENSMUST00000109802.2', 'ENSMUST00000139797.1']","['miRNA', 'protein_coding']"
chrX_7726292_7726685_+,5,585,chrX,7726292,7726685,+,GT-AG,GT,AG,annotated on 5',annotated on 3',0,1,"['ENSMUST00000156000.7', 'ENSMUST00000208553.1', 'ENSMUST00000043045.9', 'ENSMUST00000116634.8', 'ENSMUST00000207589.1', 'ENSMUST00000208524.1', 'ENSMUST00000208618.1', 'ENSMUST00000207541.1', 'ENSMUST00000208528.1', 'ENSMUST00000209144.1', 'ENSMUST00000115689.9', 'ENSMUST00000131077.8', 'ENSMUST00000115688.7', 'ENSMUST00000116633.8', 'ENSMUST00000209143.1', 'ENSMUST00000207337.1', 'ENSMUST00000115687.7', 'ENSMUST00000207109.1', 'ENSMUST00000208517.1', 'ENSMUST00000208918.1']","['ENSMUST00000208553.1', 'ENSMUST00000043045.9', 'ENSMUST00000207386.1', 'ENSMUST00000116634.8', 'ENSMUST00000207589.1', 'ENSMUST00000208524.1', 'ENSMUST00000208618.1', 'ENSMUST00000208443.1', 'ENSMUST00000207541.1', 'ENSMUST00000208528.1', 'ENSMUST00000208156.1', 'ENSMUST00000209144.1', 'ENSMUST00000115689.9', 'ENSMUST00000131077.8', 'ENSMUST00000115688.7', 'ENSMUST00000207675.1', 'ENSMUST00000116633.8', 'ENSMUST00000208996.1', 'ENSMUST00000209143.1', 'ENSMUST00000207337.1', 'ENSMUST00000115687.7', 'ENSMUST00000207109.1', 'ENSMUST00000208517.1', 'ENSMUST00000208918.1']","['ENSMUST00000043045.9', 'ENSMUST00000207589.1', 'ENSMUST00000208918.1', 'ENSMUST00000208996.1', 'ENSMUST00000131077.8', 'ENSMUST00000115687.7', 'ENSMUST00000208524.1', 'ENSMUST00000208517.1', 'ENSMUST00000116634.8', 'ENSMUST00000208618.1', 'ENSMUST00000209144.1', 'ENSMUST00000207109.1', 'ENSMUST00000116633.8', 'ENSMUST00000115689.9', 'ENSMUST00000209143.1', 'ENSMUST00000207541.1', 'ENSMUST00000208528.1', 'ENSMUST00000115688.7', 'ENSMUST00000207337.1', 'ENSMUST00000208553.1']","['ENSMUST00000127847.7', 'ENSMUST00000154253.7', 'ENSMUST00000156000.7', 'ENSMUST00000208072.1', 'ENSMUST00000148624.7']","['ENSMUST00000207675.1', 'ENSMUST00000208156.1', 'ENSMUST00000208443.1', 'ENSMUST00000207386.1', 'ENSMUST00000208719.1']","['nonsense_mediated_decay', 'processed_transcript', 'protein_coding', 'retained_intron']","['ENSMUSG00000039382.12', 'ENSMUSG00000109493.1']","['Wdr45', 'Gm45208']","['ENSMUST00000127847.7', 'ENSMUST00000043045.9', 'ENSMUST00000207589.1', 'ENSMUST00000154253.7', 'ENSMUST00000208918.1', 'ENSMUST00000208996.1', 'ENSMUST00000131077.8', 'ENSMUST00000115687.7', 'ENSMUST00000208524.1', 'ENSMUST00000208517.1', 'ENSMUST00000116634.8', 'ENSMUST00000208618.1', 'ENSMUST00000209144.1', 'ENSMUST00000207109.1', 'ENSMUST00000116633.8', 'ENSMUST00000115689.9', 'ENSMUST00000156000.7', 'ENSMUST00000209143.1', 'ENSMUST00000207541.1', 'ENSMUST00000208528.1', 'ENSMUST00000115688.7', 'ENSMUST00000207337.1', 'ENSMUST00000208553.1', 'ENSMUST00000208072.1', 'ENSMUST00000148624.7']","['ENSMUST00000043045.9', 'ENSMUST00000207589.1', 'ENSMUST00000208719.1', 'ENSMUST00000208918.1', 'ENSMUST00000207386.1', 'ENSMUST00000208996.1', 'ENSMUST00000131077.8', 'ENSMUST00000115687.7', 'ENSMUST00000208524.1', 'ENSMUST00000208517.1', 'ENSMUST00000208156.1', 'ENSMUST00000116634.8', 'ENSMUST00000208618.1', 'ENSMUST00000209144.1', 'ENSMUST00000207109.1', 'ENSMUST00000116633.8', 'ENSMUST00000207675.1', 'ENSMUST00000115689.9', 'ENSMUST00000208443.1', 'ENSMUST00000209143.1', 'ENSMUST00000207541.1', 'ENSMUST00000208528.1', 'ENSMUST00000115688.7', 'ENSMUST00000207337.1', 'ENSMUST00000208553.1']",['protein_coding']
chrX_7726765_7726877_+,5,502,chrX,7726765,7726877,+,GT-AG,GT,AG,annotated on 5',annotated on 3',0,1,"['ENSMUST00000208553.1', 'ENSMUST00000043045.9', 'ENSMUST00000207386.1', 'ENSMUST00000116634.8', 'ENSMUST00000207589.1', 'ENSMUST00000208524.1', 'ENSMUST00000208618.1', 'ENSMUST00000208443.1', 'ENSMUST00000208156.1', 'ENSMUST00000209144.1', 'ENSMUST00000115689.9', 'ENSMUST00000115688.7', 'ENSMUST00000207675.1', 'ENSMUST00000116633.8', 'ENSMUST00000208996.1', 'ENSMUST00000209143.1', 'ENSMUST00000207337.1', 'ENSMUST00000115687.7', 'ENSMUST00000207109.1', 'ENSMUST00000208517.1', 'ENSMUST00000208918.1', 'ENSMUST00000124707.1', 'ENSMUST00000208719.1']","['ENSMUST00000208553.1', 'ENSMUST00000043045.9', 'ENSMUST00000207386.1', 'ENSMUST00000116634.8', 'ENSMUST00000207589.1', 'ENSMUST00000208524.1', 'ENSMUST00000208618.1', 'ENSMUST00000208443.1', 'ENSMUST00000208156.1', 'ENSMUST00000209144.1', 'ENSMUST00000115689.9', 'ENSMUST00000115688.7', 'ENSMUST00000207675.1', 'ENSMUST00000116633.8', 'ENSMUST00000208996.1', 'ENSMUST00000209143.1', 'ENSMUST00000207337.1', 'ENSMUST00000115687.7', 'ENSMUST00000208517.1', 'ENSMUST00000208918.1', 'ENSMUST00000124707.1', 'ENSMUST00000208719.1']","['ENSMUST00000043045.9', 'ENSMUST00000207589.1', 'ENSMUST00000208719.1', 'ENSMUST00000208918.1', 'ENSMUST00000207386.1', 'ENSMUST00000208996.1', 'ENSMUST00000115687.7', 'ENSMUST00000208524.1', 'ENSMUST00000208517.1', 'ENSMUST00000208156.1', 'ENSMUST00000116634.8', 'ENSMUST00000208618.1', 'ENSMUST00000209144.1', 'ENSMUST00000207109.1', 'ENSMUST00000116633.8', 'ENSMUST00000207675.1', 'ENSMUST00000124707.1', 'ENSMUST00000115689.9', 'ENSMUST00000208443.1', 'ENSMUST00000209143.1', 'ENSMUST00000115688.7', 'ENSMUST00000207337.1', 'ENSMUST00000208553.1']","['ENSMUST00000208528.1', 'ENSMUST00000207541.1', 'ENSMUST00000131077.8']",[],"['nonsense_mediated_decay', 'processed_transcript', 'protein_coding', 'retained_intron']","['ENSMUSG00000039382.12', 'ENSMUSG00000109493.1']","['Wdr45', 'Gm45208']","['ENSMUST00000043045.9', 'ENSMUST00000207589.1', 'ENSMUST00000208719.1', 'ENSMUST00000208918.1', 'ENSMUST00000207386.1', 'ENSMUST00000208996.1', 'ENSMUST00000131077.8', 'ENSMUST00000115687.7', 'ENSMUST00000208524.1', 'ENSMUST00000208517.1', 'ENSMUST00000208156.1', 'ENSMUST00000116634.8', 'ENSMUST00000208618.1', 'ENSMUST00000209144.1', 'ENSMUST00000207109.1', 'ENSMUST00000116633.8', 'ENSMUST00000207675.1', 'ENSMUST00000124707.1', 'ENSMUST00000115689.9', 'ENSMUST00000208443.1', 'ENSMUST00000209143.1', 'ENSMUST00000207541.1', 'ENSMUST00000208528.1', 'ENSMUST00000115688.7', 'ENSMUST00000207337.1', 'ENSMUST00000208553.1']","['ENSMUST00000043045.9', 'ENSMUST00000207589.1', 'ENSMUST00000208719.1', 'ENSMUST00000208918.1', 'ENSMUST00000207386.1', 'ENSMUST00000208996.1', 'ENSMUST00000115687.7', 'ENSMUST00000208524.1', 'ENSMUST00000208517.1', 'ENSMUST00000208156.1', 'ENSMUST00000116634.8', 'ENSMUST00000208618.1', 'ENSMUST00000209144.1', 'ENSMUST00000207109.1', 'ENSMUST00000116633.8', 'ENSMUST00000207675.1', 'ENSMUST00000124707.1', 'ENSMUST00000115689.9', 'ENSMUST00000208443.1', 'ENSMUST00000209143.1', 'ENSMUST00000115688.7', 'ENSMUST00000207337.1', 'ENSMUST00000208553.1']",['protein_coding']
chrX_7727086_7727169_+,5,670,chrX,7727086,7727169,+,GT-AG,GT,AG,annotated on 5',annotated on 3',0,1,"['ENSMUST00000043045.9', 'ENSMUST00000207386.1', 'ENSMUST00000116634.8', 'ENSMUST00000207589.1', 'ENSMUST00000208618.1', 'ENSMUST00000208443.1', 'ENSMUST00000208156.1', 'ENSMUST00000209144.1', 'ENSMUST00000115689.9', 'ENSMUST00000115688.7', 'ENSMUST00000207675.1', 'ENSMUST00000116633.8', 'ENSMUST00000115687.7', 'ENSMUST00000207109.1', 'ENSMUST00000208517.1', 'ENSMUST00000124707.1', 'ENSMUST00000208719.1', 'ENSMUST00000207461.1', 'ENSMUST00000209077.1']","['ENSMUST00000043045.9', 'ENSMUST00000207386.1', 'ENSMUST00000116634.8', 'ENSMUST00000207589.1', 'ENSMUST00000208156.1', 'ENSMUST00000209144.1', 'ENSMUST00000115689.9', 'ENSMUST00000207675.1', 'ENSMUST00000115687.7', 'ENSMUST00000207109.1', 'ENSMUST00000208517.1', 'ENSMUST00000124707.1', 'ENSMUST00000208719.1', 'ENSMUST00000207461.1', 'ENSMUST00000209077.1']","['ENSMUST00000115687.7', 'ENSMUST00000043045.9', 'ENSMUST00000115688.7', 'ENSMUST00000207675.1', 'ENSMUST00000207589.1', 'ENSMUST00000208517.1', 'ENSMUST00000124707.1', 'ENSMUST00000115689.9', 'ENSMUST00000208156.1', 'ENSMUST00000208443.1', 'ENSMUST00000207386.1', 'ENSMUST00000208719.1', 'ENSMUST00000116634.8', 'ENSMUST00000207461.1', 'ENSMUST00000208618.1', 'ENSMUST00000209077.1', 'ENSMUST00000209144.1', 'ENSMUST00000207109.1']",['ENSMUST00000116633.8'],[],"['nonsense_mediated_decay', 'processed_transcript', 'protein_coding', 'retained_intron']","['ENSMUSG00000039382.12', 'ENSMUSG00000109493.1']","['Wdr45', 'Gm45208']","['ENSMUST00000043045.9', 'ENSMUST00000207589.1', 'ENSMUST00000208719.1', 'ENSMUST00000207386.1', 'ENSMUST00000115687.7', 'ENSMUST00000208517.1', 'ENSMUST00000208156.1', 'ENSMUST00000116634.8', 'ENSMUST00000207461.1', 'ENSMUST00000208618.1', 'ENSMUST00000209077.1', 'ENSMUST00000209144.1', 'ENSMUST00000207109.1', 'ENSMUST00000116633.8', 'ENSMUST00000207675.1', 'ENSMUST00000124707.1', 'ENSMUST00000115689.9', 'ENSMUST00000208443.1', 'ENSMUST00000115688.7']","['ENSMUST00000115687.7', 'ENSMUST00000043045.9', 'ENSMUST00000115688.7', 'ENSMUST00000207675.1', 'ENSMUST00000207589.1', 'ENSMUST00000208517.1', 'ENSMUST00000124707.1', 'ENSMUST00000115689.9', 'ENSMUST00000208156.1', 'ENSMUST00000208443.1', 'ENSMUST00000207386.1', 'ENSMUST00000208719.1', 'ENSMUST00000116634.8', 'ENSMUST00000207461.1', 'ENSMUST00000208618.1', 'ENSMUST00000209077.1', 'ENSMUST00000209144.1', 'ENSMUST00000207109.1']",['protein_coding']
chrX_7727271_7727346_+,5,553,chrX,7727271,7727346,+,GT-AG,GT,AG,annotated on 5',annotated on 3',0,1,"['ENSMUST00000043045.9', 'ENSMUST00000207386.1', 'ENSMUST00000116634.8', 'ENSMUST00000207589.1', 'ENSMUST00000208618.1', 'ENSMUST00000208443.1', 'ENSMUST00000208156.1', 'ENSMUST00000209144.1', 'ENSMUST00000115689.9', 'ENSMUST00000115688.7', 'ENSMUST00000207675.1', 'ENSMUST00000115687.7', 'ENSMUST00000207109.1', 'ENSMUST00000208517.1', 'ENSMUST00000124707.1', 'ENSMUST00000208719.1', 'ENSMUST00000207461.1']","['ENSMUST00000043045.9', 'ENSMUST00000207386.1', 'ENSMUST00000116634.8', 'ENSMUST00000207589.1', 'ENSMUST00000208618.1', 'ENSMUST00000208443.1', 'ENSMUST00000115689.9', 'ENSMUST00000115688.7', 'ENSMUST00000207675.1', 'ENSMUST00000115687.7', 'ENSMUST00000207109.1', 'ENSMUST00000208517.1', 'ENSMUST00000124707.1', 'ENSMUST00000207461.1']","['ENSMUST00000115687.7', 'ENSMUST00000043045.9', 'ENSMUST00000115688.7', 'ENSMUST00000207675.1', 'ENSMUST00000207589.1', 'ENSMUST00000208517.1', 'ENSMUST00000124707.1', 'ENSMUST00000115689.9', 'ENSMUST00000208443.1', 'ENSMUST00000207386.1', 'ENSMUST00000116634.8', 'ENSMUST00000207461.1', 'ENSMUST00000208618.1', 'ENSMUST00000207109.1']","['ENSMUST00000208156.1', 'ENSMUST00000208719.1', 'ENSMUST00000209144.1']",[],"['nonsense_mediated_decay', 'processed_transcript', 'protein_coding', 'retained_intron']","['ENSMUSG00000039382.12', 'ENSMUSG00000109493.1']","['Wdr45', 'Gm45208']","['ENSMUST00000115687.7', 'ENSMUST00000043045.9', 'ENSMUST00000115688.7', 'ENSMUST00000207675.1', 'ENSMUST00000207589.1', 'ENSMUST00000208517.1', 'ENSMUST00000124707.1', 'ENSMUST00000115689.9', 'ENSMUST00000208156.1', 'ENSMUST00000208443.1', 'ENSMUST00000207386.1', 'ENSMUST00000208719.1', 'ENSMUST00000116634.8', 'ENSMUST00000207461.1', 'ENSMUST00000208618.1', 'ENSMUST00000209144.1', 'ENSMUST00000207109.1']","['ENSMUST00000115687.7', 'ENSMUST00000043045.9', 'ENSMUST00000115688.7', 'ENSMUST00000207675.1', 'ENSMUST00000207589.1', 'ENSMUST00000208517.1', 'ENSMUST00000124707.1', 'ENSMUST00000115689.9', 'ENSMUST00000208443.1', 'ENSMUST00000207386.1', 'ENSMUST00000116634.8', 'ENSMUST00000207461.1', 'ENSMUST00000208618.1', 'ENSMUST00000207109.1']",['protein_coding']
chr1_153900059_153902933_+,21,1533,chr1,153900059,153902933,+,GT-AG,GT,AG,annotated on 5',annotated on 3',0,1,['ENSMUST00000086199.11'],"['ENSMUST00000086199.11', 'ENSMUST00000139476.7', 'ENSMUST00000140685.2']",['ENSMUST00000086199.11'],['ENSMUST00000183582.1'],"['ENSMUST00000139476.7', 'ENSMUST00000140685.2']","['miRNA', 'protein_coding']","['ENSMUSG00000099227.1', 'ENSMUSG00000026473.15']","['Mir8114', 'Glul']","['ENSMUST00000183582.1', 'ENSMUST00000086199.11']","['ENSMUST00000139476.7', 'ENSMUST00000140685.2', 'ENSMUST00000086199.11']","['miRNA', 'protein_coding']"
chr1_161035194_161035751_+,25,1034,chr1,161035194,161035751,+,GT-AG,GT,AG,annotated on 5',annotated on 3',0,1,"['ENSMUST00000159119.7', 'ENSMUST00000159706.7', 'ENSMUST00000161380.7', 'ENSMUST00000162289.7', 'ENSMUST00000162558.7', 'ENSMUST00000159157.7', 'ENSMUST00000160429.7', 'ENSMUST00000159663.7', 'ENSMUST00000159404.7', 'ENSMUST00000159438.7', 'ENSMUST00000065709.11', 'ENSMUST00000161461.7', 'ENSMUST00000162163.7', 'ENSMUST00000159153.7', 'ENSMUST00000159890.7']","['ENSMUST00000160152.7', 'ENSMUST00000161005.7', 'ENSMUST00000159119.7', 'ENSMUST00000159706.7', 'ENSMUST00000161380.7', 'ENSMUST00000162289.7', 'ENSMUST00000162558.7', 'ENSMUST00000159157.7', 'ENSMUST00000160429.7', 'ENSMUST00000159663.7', 'ENSMUST00000159404.7', 'ENSMUST00000159438.7', 'ENSMUST00000065709.11', 'ENSMUST00000161461.7', 'ENSMUST00000162163.7', 'ENSMUST00000159153.7', 'ENSMUST00000159890.7']","['ENSMUST00000159157.7', 'ENSMUST00000065709.11', 'ENSMUST00000162163.7', 'ENSMUST00000159404.7', 'ENSMUST00000161380.7', 'ENSMUST00000159663.7', 'ENSMUST00000160429.7', 'ENSMUST00000159153.7', 'ENSMUST00000162558.7', 'ENSMUST00000159119.7', 'ENSMUST00000159890.7', 'ENSMUST00000159706.7', 'ENSMUST00000159438.7', 'ENSMUST00000162289.7', 'ENSMUST00000161461.7']",[],"['ENSMUST00000161005.7', 'ENSMUST00000116813.1', 'ENSMUST00000160152.7']","['snoRNA', 'lincRNA', 'retained_intron']","['ENSMUSG00000080463.1', 'ENSMUSG00000053332.13']","['Gm22489', 'Gas5']","['ENSMUST00000159157.7', 'ENSMUST00000065709.11', 'ENSMUST00000162163.7', 'ENSMUST00000159404.7', 'ENSMUST00000161380.7', 'ENSMUST00000159663.7', 'ENSMUST00000160429.7', 'ENSMUST00000159153.7', 'ENSMUST00000162558.7', 'ENSMUST00000159119.7', 'ENSMUST00000159890.7', 'ENSMUST00000159706.7', 'ENSMUST00000159438.7', 'ENSMUST00000162289.7', 'ENSMUST00000161461.7']","['ENSMUST00000159157.7', 'ENSMUST00000065709.11', 'ENSMUST00000162163.7', 'ENSMUST00000159404.7', 'ENSMUST00000161005.7', 'ENSMUST00000161380.7', 'ENSMUST00000116813.1', 'ENSMUST00000159663.7', 'ENSMUST00000160429.7', 'ENSMUST00000159153.7', 'ENSMUST00000162558.7', 'ENSMUST00000160152.7', 'ENSMUST00000159119.7', 'ENSMUST00000159890.7', 'ENSMUST00000159706.7', 'ENSMUST00000159438.7', 'ENSMUST00000162289.7', 'ENSMUST00000161461.7']","['processed_transcript', 'snoRNA']"
chr1_161035804_161035982_+,27,1725,chr1,161035804,161035982,+,GT-AG,GT,AG,annotated on 5',annotated on 3',0,1,"['ENSMUST00000160152.7', 'ENSMUST00000161005.7', 'ENSMUST00000159119.7', 'ENSMUST00000159706.7', 'ENSMUST00000161380.7', 'ENSMUST00000162289.7', 'ENSMUST00000162558.7', 'ENSMUST00000159157.7', 'ENSMUST00000160429.7', 'ENSMUST00000159663.7', 'ENSMUST00000159404.7', 'ENSMUST00000065709.11', 'ENSMUST00000161461.7', 'ENSMUST00000162163.7', 'ENSMUST00000159153.7', 'ENSMUST00000159890.7']","['ENSMUST00000160152.7', 'ENSMUST00000161005.7', 'ENSMUST00000159119.7', 'ENSMUST00000159706.7', 'ENSMUST00000161380.7', 'ENSMUST00000162289.7', 'ENSMUST00000162558.7', 'ENSMUST00000159157.7', 'ENSMUST00000160429.7', 'ENSMUST00000159663.7', 'ENSMUST00000159404.7', 'ENSMUST00000065709.11', 'ENSMUST00000161461.7', 'ENSMUST00000162163.7', 'ENSMUST00000159153.7', 'ENSMUST00000159890.7']","['ENSMUST00000159157.7', 'ENSMUST00000065709.11', 'ENSMUST00000162163.7', 'ENSMUST00000159404.7', 'ENSMUST00000161005.7', 'ENSMUST00000161380.7', 'ENSMUST00000159663.7', 'ENSMUST00000160429.7', 'ENSMUST00000159153.7', 'ENSMUST00000162558.7', 'ENSMUST00000160152.7', 'ENSMUST00000159119.7', 'ENSMUST00000159890.7', 'ENSMUST00000159706.7', 'ENSMUST00000162289.7', 'ENSMUST00000161461.7']",[],"['ENSMUST00000082882.1', 'ENSMUST00000160497.1']","['snoRNA', 'lincRNA', 'retained_intron']","['ENSMUSG00000053332.13', 'ENSMUSG00000064816.1']","['Gas5', 'Gm22357']","['ENSMUST00000159157.7', 'ENSMUST00000065709.11', 'ENSMUST00000162163.7', 'ENSMUST00000159404.7', 'ENSMUST00000161005.7', 'ENSMUST00000161380.7', 'ENSMUST00000159663.7', 'ENSMUST00000160429.7', 'ENSMUST00000159153.7', 'ENSMUST00000162558.7', 'ENSMUST00000160152.7', 'ENSMUST00000159119.7', 'ENSMUST00000159890.7', 'ENSMUST00000159706.7', 'ENSMUST00000162289.7', 'ENSMUST00000161461.7']","['ENSMUST00000159157.7', 'ENSMUST00000065709.11', 'ENSMUST00000162163.7', 'ENSMUST00000159404.7', 'ENSMUST00000161005.7', 'ENSMUST00000161380.7', 'ENSMUST00000082882.1', 'ENSMUST00000160497.1', 'ENSMUST00000159663.7', 'ENSMUST00000160429.7', 'ENSMUST00000159153.7', 'ENSMUST00000162558.7', 'ENSMUST00000160152.7', 'ENSMUST00000159119.7', 'ENSMUST00000159890.7', 'ENSMUST00000159706.7', 'ENSMUST00000162289.7', 'ENSMUST00000161461.7']","['processed_transcript', 'snoRNA']"
chr1_161037164_161037287_+,16,651,chr1,161037164,161037287,+,GT-AG,GT,AG,annotated on 5',annotated on 3',0,1,"['ENSMUST00000161380.7', 'ENSMUST00000162558.7', 'ENSMUST00000161461.7']","['ENSMUST00000159706.7', 'ENSMUST00000161380.7', 'ENSMUST00000162289.7', 'ENSMUST00000162558.7', 'ENSMUST00000160429.7', 'ENSMUST00000159404.7', 'ENSMUST00000159438.7', 'ENSMUST00000161461.7', 'ENSMUST00000159153.7', 'ENSMUST00000161623.7', 'ENSMUST00000159399.7']","['ENSMUST00000161380.7', 'ENSMUST00000162558.7', 'ENSMUST00000161461.7']",[],"['ENSMUST00000163081.1', 'ENSMUST00000159404.7', 'ENSMUST00000161623.7', 'ENSMUST00000160429.7', 'ENSMUST00000083226.1', 'ENSMUST00000159153.7', 'ENSMUST00000159399.7', 'ENSMUST00000159706.7', 'ENSMUST00000159438.7', 'ENSMUST00000162289.7', 'ENSMUST00000160551.1']","['snoRNA', 'lincRNA', 'retained_intron']","['ENSMUSG00000053332.13', 'ENSMUSG00000065160.1']","['Gas5', 'Mir5117']","['ENSMUST00000161380.7', 'ENSMUST00000162558.7', 'ENSMUST00000161461.7']","['ENSMUST00000163081.1', 'ENSMUST00000159404.7', 'ENSMUST00000161623.7', 'ENSMUST00000161380.7', 'ENSMUST00000160429.7', 'ENSMUST00000083226.1', 'ENSMUST00000159153.7', 'ENSMUST00000162558.7', 'ENSMUST00000159399.7', 'ENSMUST00000159706.7', 'ENSMUST00000159438.7', 'ENSMUST00000162289.7', 'ENSMUST00000160551.1', 'ENSMUST00000161461.7']","['processed_transcript', 'snoRNA']"
chr1_161037315_161037504_+,26,916,chr1,161037315,161037504,+,GT-AG,GT,AG,annotated on 5',annotated on 3',0,1,"['ENSMUST00000160152.7', 'ENSMUST00000159706.7', 'ENSMUST00000161380.7', 'ENSMUST00000162289.7', 'ENSMUST00000162558.7', 'ENSMUST00000160429.7', 'ENSMUST00000159438.7', 'ENSMUST00000161461.7', 'ENSMUST00000162163.7', 'ENSMUST00000159890.7', 'ENSMUST00000161623.7', 'ENSMUST00000159399.7']","['ENSMUST00000160152.7', 'ENSMUST00000159119.7', 'ENSMUST00000159706.7', 'ENSMUST00000161380.7', 'ENSMUST00000162289.7', 'ENSMUST00000162558.7', 'ENSMUST00000160429.7', 'ENSMUST00000159438.7', 'ENSMUST00000161461.7', 'ENSMUST00000162163.7', 'ENSMUST00000159890.7', 'ENSMUST00000161623.7', 'ENSMUST00000159399.7']","['ENSMUST00000162163.7', 'ENSMUST00000161623.7', 'ENSMUST00000161380.7', 'ENSMUST00000160429.7', 'ENSMUST00000162558.7', 'ENSMUST00000160152.7', 'ENSMUST00000159399.7', 'ENSMUST00000159890.7', 'ENSMUST00000159706.7', 'ENSMUST00000159438.7', 'ENSMUST00000162289.7', 'ENSMUST00000161461.7']",[],"['ENSMUST00000199023.1', 'ENSMUST00000083801.1', 'ENSMUST00000159119.7']","['snoRNA', 'lincRNA', 'retained_intron']","['ENSMUSG00000053332.13', 'ENSMUSG00000065735.1', 'ENSMUSG00000105780.1']","['Gas5', 'Snord80', 'Snord80']","['ENSMUST00000162163.7', 'ENSMUST00000161623.7', 'ENSMUST00000161380.7', 'ENSMUST00000160429.7', 'ENSMUST00000162558.7', 'ENSMUST00000160152.7', 'ENSMUST00000159399.7', 'ENSMUST00000159890.7', 'ENSMUST00000159706.7', 'ENSMUST00000159438.7', 'ENSMUST00000162289.7', 'ENSMUST00000161461.7']","['ENSMUST00000159399.7', 'ENSMUST00000199023.1', 'ENSMUST00000162163.7', 'ENSMUST00000161623.7', 'ENSMUST00000161380.7', 'ENSMUST00000160429.7', 'ENSMUST00000162558.7', 'ENSMUST00000160152.7', 'ENSMUST00000159119.7', 'ENSMUST00000159890.7', 'ENSMUST00000159706.7', 'ENSMUST00000159438.7', 'ENSMUST00000083801.1', 'ENSMUST00000162289.7', 'ENSMUST00000161461.7']","['processed_transcript', 'snoRNA']"
chr1_161037547_161037994_+,25,895,chr1,161037547,161037994,+,GT-AG,GT,AG,annotated on 5',annotated on 3',0,1,"['ENSMUST00000159119.7', 'ENSMUST00000159706.7', 'ENSMUST00000162558.7', 'ENSMUST00000160429.7', 'ENSMUST00000161229.7', 'ENSMUST00000159404.7', 'ENSMUST00000161461.7', 'ENSMUST00000162163.7', 'ENSMUST00000159153.7', 'ENSMUST00000159890.7', 'ENSMUST00000161623.7', 'ENSMUST00000159399.7', 'ENSMUST00000163081.1', 'ENSMUST00000160551.1']","['ENSMUST00000159119.7', 'ENSMUST00000159706.7', 'ENSMUST00000162558.7', 'ENSMUST00000160429.7', 'ENSMUST00000161229.7', 'ENSMUST00000159404.7', 'ENSMUST00000161461.7', 'ENSMUST00000162163.7', 'ENSMUST00000159153.7', 'ENSMUST00000159890.7', 'ENSMUST00000161623.7', 'ENSMUST00000159399.7', 'ENSMUST00000163081.1', 'ENSMUST00000160551.1']","['ENSMUST00000159399.7', 'ENSMUST00000160551.1', 'ENSMUST00000163081.1', 'ENSMUST00000162163.7', 'ENSMUST00000159404.7', 'ENSMUST00000161623.7', 'ENSMUST00000160429.7', 'ENSMUST00000159153.7', 'ENSMUST00000162558.7', 'ENSMUST00000159119.7', 'ENSMUST00000159890.7', 'ENSMUST00000159706.7', 'ENSMUST00000161229.7', 'ENSMUST00000161461.7']","['ENSMUST00000161380.7', 'ENSMUST00000159438.7', 'ENSMUST00000160152.7']",['ENSMUST00000083034.1'],"['snoRNA', 'lincRNA', 'retained_intron']","['ENSMUSG00000053332.13', 'ENSMUSG00000064968.1']","['Gas5', 'Snord47']","['ENSMUST00000159399.7', 'ENSMUST00000160551.1', 'ENSMUST00000163081.1', 'ENSMUST00000162163.7', 'ENSMUST00000159404.7', 'ENSMUST00000161623.7', 'ENSMUST00000161380.7', 'ENSMUST00000160429.7', 'ENSMUST00000159153.7', 'ENSMUST00000162558.7', 'ENSMUST00000160152.7', 'ENSMUST00000159119.7', 'ENSMUST00000159890.7', 'ENSMUST00000159706.7', 'ENSMUST00000159438.7', 'ENSMUST00000161229.7', 'ENSMUST00000161461.7']","['ENSMUST00000159399.7', 'ENSMUST00000160551.1', 'ENSMUST00000163081.1', 'ENSMUST00000162163.7', 'ENSMUST00000159404.7', 'ENSMUST00000161623.7', 'ENSMUST00000160429.7', 'ENSMUST00000083034.1', 'ENSMUST00000159153.7', 'ENSMUST00000162558.7', 'ENSMUST00000159119.7', 'ENSMUST00000159890.7', 'ENSMUST00000159706.7', 'ENSMUST00000161229.7', 'ENSMUST00000161461.7']","['processed_transcript', 'snoRNA']"
chr1_161038037_161038224_+,26,1583,chr1,161038037,161038224,+,GT-AG,GT,AG,annotated on 5',annotated on 3',0,1,"['ENSMUST00000159119.7', 'ENSMUST00000159706.7', 'ENSMUST00000162289.7', 'ENSMUST00000162558.7', 'ENSMUST00000160429.7', 'ENSMUST00000161229.7', 'ENSMUST00000159404.7', 'ENSMUST00000161461.7', 'ENSMUST00000162163.7', 'ENSMUST00000159153.7', 'ENSMUST00000159890.7', 'ENSMUST00000161623.7', 'ENSMUST00000159399.7', 'ENSMUST00000160551.1', 'ENSMUST00000160516.1']","['ENSMUST00000161005.7', 'ENSMUST00000159119.7', 'ENSMUST00000159706.7', 'ENSMUST00000162289.7', 'ENSMUST00000162558.7', 'ENSMUST00000160429.7', 'ENSMUST00000159663.7', 'ENSMUST00000161229.7', 'ENSMUST00000159404.7', 'ENSMUST00000161461.7', 'ENSMUST00000162163.7', 'ENSMUST00000159153.7', 'ENSMUST00000159890.7', 'ENSMUST00000161623.7', 'ENSMUST00000159399.7', 'ENSMUST00000160551.1', 'ENSMUST00000160516.1']","['ENSMUST00000159399.7', 'ENSMUST00000160551.1', 'ENSMUST00000162163.7', 'ENSMUST00000159404.7', 'ENSMUST00000161623.7', 'ENSMUST00000160516.1', 'ENSMUST00000160429.7', 'ENSMUST00000159153.7', 'ENSMUST00000162558.7', 'ENSMUST00000159119.7', 'ENSMUST00000159890.7', 'ENSMUST00000159706.7', 'ENSMUST00000162289.7', 'ENSMUST00000161229.7', 'ENSMUST00000161461.7']",['ENSMUST00000163081.1'],"['ENSMUST00000161005.7', 'ENSMUST00000083294.1', 'ENSMUST00000159663.7']","['snoRNA', 'lincRNA', 'retained_intron']","['ENSMUSG00000065228.1', 'ENSMUSG00000053332.13']","['Gm25789', 'Gas5']","['ENSMUST00000159399.7', 'ENSMUST00000160551.1', 'ENSMUST00000163081.1', 'ENSMUST00000162163.7', 'ENSMUST00000159404.7', 'ENSMUST00000161623.7', 'ENSMUST00000160516.1', 'ENSMUST00000160429.7', 'ENSMUST00000159153.7', 'ENSMUST00000162558.7', 'ENSMUST00000159119.7', 'ENSMUST00000159890.7', 'ENSMUST00000159706.7', 'ENSMUST00000162289.7', 'ENSMUST00000161229.7', 'ENSMUST00000161461.7']","['ENSMUST00000159399.7', 'ENSMUST00000160551.1', 'ENSMUST00000162163.7', 'ENSMUST00000159404.7', 'ENSMUST00000161623.7', 'ENSMUST00000161005.7', 'ENSMUST00000160516.1', 'ENSMUST00000083294.1', 'ENSMUST00000159663.7', 'ENSMUST00000160429.7', 'ENSMUST00000159153.7', 'ENSMUST00000162558.7', 'ENSMUST00000159119.7', 'ENSMUST00000159890.7', 'ENSMUST00000159706.7', 'ENSMUST00000162289.7', 'ENSMUST00000161229.7', 'ENSMUST00000161461.7']","['processed_transcript', 'snoRNA']"
chr1_184819347_184822334_-,22,1550,chr1,184819347,184822334,-,GT-AG,GT,AG,annotated on 5',annotated on 3',1,0,"['ENSMUST00000068725.9', 'ENSMUST00000161359.7', 'ENSMUST00000161341.7', 'ENSMUST00000162261.7', 'ENSMUST00000162866.6', 'ENSMUST00000159293.7']","['ENSMUST00000068725.9', 'ENSMUST00000161359.7', 'ENSMUST00000161341.7', 'ENSMUST00000162261.7', 'ENSMUST00000162866.6', 'ENSMUST00000159293.7']","['ENSMUST00000068725.9', 'ENSMUST00000162866.6', 'ENSMUST00000161359.7', 'ENSMUST00000159293.7', 'ENSMUST00000161341.7', 'ENSMUST00000162261.7']","['ENSMUST00000157934.1', 'ENSMUST00000161821.3']",['ENSMUST00000160318.1'],"['miRNA', 'processed_transcript', 'protein_coding', 'retained_intron']","['ENSMUSG00000073481.9', 'ENSMUSG00000088559.1']","['Marc2', 'Mir1981']","['ENSMUST00000068725.9', 'ENSMUST00000162866.6', 'ENSMUST00000161359.7', 'ENSMUST00000161821.3', 'ENSMUST00000159293.7', 'ENSMUST00000161341.7', 'ENSMUST00000157934.1', 'ENSMUST00000162261.7']","['ENSMUST00000068725.9', 'ENSMUST00000162866.6', 'ENSMUST00000161359.7', 'ENSMUST00000160318.1', 'ENSMUST00000159293.7', 'ENSMUST00000161341.7', 'ENSMUST00000162261.7']","['miRNA', 'protein_coding']"
chr10_79862541_79862652_+,17,458,chr10,79862541,79862652,+,GT-AG,GT,AG,annotated on 5',annotated on 3',0,1,"['ENSMUST00000172282.7', 'ENSMUST00000165704.7', 'ENSMUST00000165153.7', 'ENSMUST00000057343.15', 'ENSMUST00000095457.10', 'ENSMUST00000165724.7', 'ENSMUST00000164385.7', 'ENSMUST00000169580.1']","['ENSMUST00000172282.7', 'ENSMUST00000165704.7', 'ENSMUST00000165153.7', 'ENSMUST00000057343.15', 'ENSMUST00000095457.10', 'ENSMUST00000165724.7', 'ENSMUST00000164385.7', 'ENSMUST00000169580.1']","['ENSMUST00000172282.7', 'ENSMUST00000164385.7', 'ENSMUST00000165153.7', 'ENSMUST00000095457.10', 'ENSMUST00000165724.7', 'ENSMUST00000165704.7', 'ENSMUST00000169580.1', 'ENSMUST00000057343.15']",[],['ENSMUST00000184090.1'],"['nonsense_mediated_decay', 'miRNA', 'protein_coding', 'retained_intron']","['ENSMUSG00000098562.1', 'ENSMUSG00000006498.16']","['Mir6910', 'Ptbp1']","['ENSMUST00000172282.7', 'ENSMUST00000164385.7', 'ENSMUST00000165153.7', 'ENSMUST00000095457.10', 'ENSMUST00000165724.7', 'ENSMUST00000165704.7', 'ENSMUST00000169580.1', 'ENSMUST00000057343.15']","['ENSMUST00000172282.7', 'ENSMUST00000164385.7', 'ENSMUST00000165153.7', 'ENSMUST00000095457.10', 'ENSMUST00000165724.7', 'ENSMUST00000165704.7', 'ENSMUST00000169580.1', 'ENSMUST00000057343.15', 'ENSMUST00000184090.1']","['miRNA', 'protein_coding']"
chr10_86691748_86692139_-,18,1222,chr10,86691748,86692139,-,GT-AG,GT,AG,annotated on 5',annotated on 3',1,0,['ENSMUST00000020238.13'],['ENSMUST00000020238.13'],['ENSMUST00000020238.13'],['ENSMUST00000152600.1'],[],"['processed_transcript', 'protein_coding']","['ENSMUSG00000084899.1', 'ENSMUSG00000020048.13']","['Gm15344', 'Hsp90b1']","['ENSMUST00000020238.13', 'ENSMUST00000152600.1']",['ENSMUST00000020238.13'],"['processed_transcript', 'protein_coding']"
chr10_86692295_86692385_-,17,1303,chr10,86692295,86692385,-,GT-AG,GT,AG,annotated on 5',annotated on 3',1,0,"['ENSMUST00000129178.7', 'ENSMUST00000020238.13']","['ENSMUST00000129178.7', 'ENSMUST00000020238.13']","['ENSMUST00000020238.13', 'ENSMUST00000129178.7']",['ENSMUST00000129413.1'],['ENSMUST00000152600.1'],"['processed_transcript', 'protein_coding', 'retained_intron']","['ENSMUSG00000084899.1', 'ENSMUSG00000020048.13']","['Gm15344', 'Hsp90b1']","['ENSMUST00000129413.1', 'ENSMUST00000020238.13', 'ENSMUST00000129178.7']","['ENSMUST00000020238.13', 'ENSMUST00000152600.1', 'ENSMUST00000129178.7']","['processed_transcript', 'protein_coding']"
chr10_86704396_86705306_-,29,2729,chr10,86704396,86705306,-,GT-AG,GT,AG,annotated on 5',annotated on 3',1,0,['ENSMUST00000020238.13'],['ENSMUST00000020238.13'],['ENSMUST00000020238.13'],['ENSMUST00000174945.1'],[],"['miRNA', 'protein_coding']","['ENSMUSG00000092686.1', 'ENSMUSG00000020048.13']","['Gm25745', 'Hsp90b1']","['ENSMUST00000174945.1', 'ENSMUST00000020238.13']",['ENSMUST00000020238.13'],"['miRNA', 'protein_coding']"
chr10_128559115_128559229_-,17,310,chr10,128559115,128559229,-,GT-AG,GT,AG,annotated on 5',annotated on 3',1,0,"['ENSMUST00000026425.12', 'ENSMUST00000131728.3']","['ENSMUST00000026425.12', 'ENSMUST00000131728.3']","['ENSMUST00000131728.3', 'ENSMUST00000026425.12']",['ENSMUST00000197964.1'],[],"['miRNA', 'protein_coding']","['ENSMUSG00000105001.1', 'ENSMUSG00000025364.13']","['Gm47275', 'Pa2g4']","['ENSMUST00000197964.1', 'ENSMUST00000131728.3', 'ENSMUST00000026425.12']","['ENSMUST00000131728.3', 'ENSMUST00000026425.12']","['miRNA', 'protein_coding']"
chr10_128559357_128559437_-,16,468,chr10,128559357,128559437,-,GT-AG,GT,AG,annotated on 5',annotated on 3',1,0,"['ENSMUST00000026425.12', 'ENSMUST00000131728.3']","['ENSMUST00000026425.12', 'ENSMUST00000131728.3']","['ENSMUST00000131728.3', 'ENSMUST00000026425.12']",[],['ENSMUST00000197964.1'],"['miRNA', 'protein_coding']","['ENSMUSG00000105001.1', 'ENSMUSG00000025364.13']","['Gm47275', 'Pa2g4']","['ENSMUST00000131728.3', 'ENSMUST00000026425.12']","['ENSMUST00000197964.1', 'ENSMUST00000131728.3', 'ENSMUST00000026425.12']","['miRNA', 'protein_coding']"
chr10_128920107_128920558_-,24,1257,chr10,128920107,128920558,-,GT-AG,GT,AG,annotated on 5',annotated on 3',1,0,"['ENSMUST00000153731.7', 'ENSMUST00000135161.1', 'ENSMUST00000026405.9', 'ENSMUST00000131271.1', 'ENSMUST00000141320.1']","['ENSMUST00000135161.1', 'ENSMUST00000026405.9', 'ENSMUST00000131271.1', 'ENSMUST00000141320.1']","['ENSMUST00000026405.9', 'ENSMUST00000131271.1', 'ENSMUST00000141320.1', 'ENSMUST00000135161.1']",['ENSMUST00000153731.7'],[],"['processed_transcript', 'protein_coding']","['ENSMUSG00000025350.15', 'ENSMUSG00000090247.7']","['Rdh5', 'Bloc1s1']","['ENSMUST00000026405.9', 'ENSMUST00000141320.1', 'ENSMUST00000131271.1', 'ENSMUST00000153731.7', 'ENSMUST00000135161.1']","['ENSMUST00000026405.9', 'ENSMUST00000131271.1', 'ENSMUST00000141320.1', 'ENSMUST00000135161.1']",['protein_coding']
chr11_58199779_58201467_+,9,535,chr11,58199779,58201467,+,GT-AG,GT,AG,annotated on 5',annotated on 3',0,1,"['ENSMUST00000035266.10', 'ENSMUST00000094169.10', 'ENSMUST00000168280.1', 'ENSMUST00000058704.8']","['ENSMUST00000035266.10', 'ENSMUST00000094169.10', 'ENSMUST00000168280.1']","['ENSMUST00000094169.10', 'ENSMUST00000035266.10', 'ENSMUST00000168280.1']",['ENSMUST00000058704.8'],[],['protein_coding'],"['ENSMUSG00000069874.7', 'ENSMUSG00000078853.8']","['Irgm2', 'Igtp']","['ENSMUST00000094169.10', 'ENSMUST00000035266.10', 'ENSMUST00000168280.1', 'ENSMUST00000058704.8']","['ENSMUST00000094169.10', 'ENSMUST00000035266.10', 'ENSMUST00000168280.1']",['protein_coding']
chr11_70238470_70238937_-,33,2646,chr11,70238470,70238937,-,GT-AG,GT,AG,annotated on 5',annotated on 3',1,0,"['ENSMUST00000176116.7', 'ENSMUST00000176268.1', 'ENSMUST00000125752.2', 'ENSMUST00000040428.3', 'ENSMUST00000141880.1']","['ENSMUST00000176116.7', 'ENSMUST00000176268.1', 'ENSMUST00000125752.2', 'ENSMUST00000040428.3', 'ENSMUST00000141880.1']","['ENSMUST00000040428.3', 'ENSMUST00000125752.2', 'ENSMUST00000141880.1', 'ENSMUST00000176116.7', 'ENSMUST00000176268.1']",[],[],"['nonsense_mediated_decay', 'protein_coding']","['ENSMUSG00000040904.10', 'ENSMUSG00000093989.1']","['Gm21988', 'Rnasek']","['ENSMUST00000040428.3', 'ENSMUST00000125752.2', 'ENSMUST00000141880.1', 'ENSMUST00000176116.7', 'ENSMUST00000176268.1']","['ENSMUST00000040428.3', 'ENSMUST00000125752.2', 'ENSMUST00000141880.1', 'ENSMUST00000176116.7', 'ENSMUST00000176268.1']",['protein_coding']
chr11_70239014_70239655_-,33,2630,chr11,70239014,70239655,-,GT-AG,GT,AG,annotated on 5',annotated on 3',1,0,"['ENSMUST00000176268.1', 'ENSMUST00000040428.3']","['ENSMUST00000176116.7', 'ENSMUST00000176268.1', 'ENSMUST00000125752.2', 'ENSMUST00000040428.3']","['ENSMUST00000040428.3', 'ENSMUST00000176116.7', 'ENSMUST00000176268.1']",[],"['ENSMUST00000141880.1', 'ENSMUST00000125752.2']","['nonsense_mediated_decay', 'protein_coding']","['ENSMUSG00000040904.10', 'ENSMUSG00000093989.1']","['Gm21988', 'Rnasek']","['ENSMUST00000040428.3', 'ENSMUST00000176116.7', 'ENSMUST00000176268.1']","['ENSMUST00000040428.3', 'ENSMUST00000125752.2', 'ENSMUST00000141880.1', 'ENSMUST00000176116.7', 'ENSMUST00000176268.1']",['protein_coding']
chr11_79527802_79530368_-,5,595,chr11,79527802,79530368,-,GT-AG,GT,AG,annotated on 5',annotated on 3',1,0,"['ENSMUST00000093983.10', 'ENSMUST00000170422.3', 'ENSMUST00000103236.3', 'ENSMUST00000170799.7', 'ENSMUST00000133148.1']","['ENSMUST00000093983.10', 'ENSMUST00000170422.3', 'ENSMUST00000103236.3', 'ENSMUST00000146611.1']","['ENSMUST00000170422.3', 'ENSMUST00000103236.3', 'ENSMUST00000093983.10']","['ENSMUST00000170799.7', 'ENSMUST00000133148.1']","['ENSMUST00000154415.1', 'ENSMUST00000146611.1']","['nonsense_mediated_decay', 'processed_transcript', 'protein_coding']","['ENSMUSG00000070354.13', 'ENSMUSG00000078771.10']","['Evi2', 'Evi2a']","['ENSMUST00000170799.7', 'ENSMUST00000133148.1', 'ENSMUST00000170422.3', 'ENSMUST00000103236.3', 'ENSMUST00000093983.10']","['ENSMUST00000170422.3', 'ENSMUST00000154415.1', 'ENSMUST00000103236.3', 'ENSMUST00000146611.1', 'ENSMUST00000093983.10']",['protein_coding']
chr11_93950046_93951899_-,36,4959,chr11,93950046,93951899,-,GT-AG,GT,AG,annotated on 5',annotated on 3',1,0,"['ENSMUST00000021217.10', 'ENSMUST00000072566.4', 'ENSMUST00000170303.1']","['ENSMUST00000021217.10', 'ENSMUST00000072566.4', 'ENSMUST00000170303.1']","['ENSMUST00000072566.4', 'ENSMUST00000170303.1', 'ENSMUST00000021217.10']",[],[],['protein_coding'],"['ENSMUSG00000091228.1', 'ENSMUSG00000020857.11']","['Gm20390', 'Nme2']","['ENSMUST00000072566.4', 'ENSMUST00000170303.1', 'ENSMUST00000021217.10']","['ENSMUST00000072566.4', 'ENSMUST00000170303.1', 'ENSMUST00000021217.10']",['protein_coding']
chr11_93952012_93952799_-,35,5636,chr11,93952012,93952799,-,GT-AG,GT,AG,annotated on 5',annotated on 3',1,0,"['ENSMUST00000021217.10', 'ENSMUST00000072566.4', 'ENSMUST00000170303.1']","['ENSMUST00000021217.10', 'ENSMUST00000072566.4', 'ENSMUST00000170303.1']","['ENSMUST00000072566.4', 'ENSMUST00000170303.1', 'ENSMUST00000021217.10']",[],[],['protein_coding'],"['ENSMUSG00000091228.1', 'ENSMUSG00000020857.11']","['Gm20390', 'Nme2']","['ENSMUST00000072566.4', 'ENSMUST00000170303.1', 'ENSMUST00000021217.10']","['ENSMUST00000072566.4', 'ENSMUST00000170303.1', 'ENSMUST00000021217.10']",['protein_coding']
chr11_93952901_93955494_-,33,4237,chr11,93952901,93955494,-,GT-AG,GT,AG,annotated on 5',annotated on 3',1,0,"['ENSMUST00000021217.10', 'ENSMUST00000072566.4', 'ENSMUST00000170303.1']","['ENSMUST00000021217.10', 'ENSMUST00000072566.4', 'ENSMUST00000170303.1']","['ENSMUST00000072566.4', 'ENSMUST00000170303.1', 'ENSMUST00000021217.10']",[],[],['protein_coding'],"['ENSMUSG00000091228.1', 'ENSMUSG00000020857.11']","['Gm20390', 'Nme2']","['ENSMUST00000072566.4', 'ENSMUST00000170303.1', 'ENSMUST00000021217.10']","['ENSMUST00000072566.4', 'ENSMUST00000170303.1', 'ENSMUST00000021217.10']",['protein_coding']
chr11_117809803_117812458_+,19,1615,chr11,117809803,117812458,+,GT-AG,GT,AG,annotated on 5',annotated on 3',0,1,"['ENSMUST00000026649.13', 'ENSMUST00000132298.1', 'ENSMUST00000177131.7', 'ENSMUST00000177241.1', 'ENSMUST00000120928.1', 'ENSMUST00000175737.1']","['ENSMUST00000026649.13', 'ENSMUST00000177131.7', 'ENSMUST00000175737.1']","['ENSMUST00000026649.13', 'ENSMUST00000175737.1', 'ENSMUST00000177131.7', 'ENSMUST00000120928.1']","['ENSMUST00000132298.1', 'ENSMUST00000177241.1']",[],"['nonsense_mediated_decay', 'protein_coding']","['ENSMUSG00000048277.15', 'ENSMUSG00000093485.1']","['Syngr2', 'Gm20708']","['ENSMUST00000177131.7', 'ENSMUST00000120928.1', 'ENSMUST00000175737.1', 'ENSMUST00000026649.13', 'ENSMUST00000132298.1', 'ENSMUST00000177241.1']","['ENSMUST00000026649.13', 'ENSMUST00000175737.1', 'ENSMUST00000177131.7', 'ENSMUST00000120928.1']",['protein_coding']
chr12_69183165_69183982_-,27,2242,chr12,69183165,69183982,-,GT-AG,GT,AG,annotated on 5',annotated on 3',1,0,['ENSMUST00000054544.6'],"['ENSMUST00000110620.1', 'ENSMUST00000054544.6', 'ENSMUST00000223192.1']",['ENSMUST00000054544.6'],[],"['ENSMUST00000110620.1', 'ENSMUST00000223192.1']",['protein_coding'],"['ENSMUSG00000113149.1', 'ENSMUSG00000049751.6']","['Gm49383', 'Rpl36al']",['ENSMUST00000054544.6'],"['ENSMUST00000110620.1', 'ENSMUST00000054544.6', 'ENSMUST00000223192.1']",['protein_coding']
chr14_30571245_30572207_+,16,1475,chr14,30571245,30572207,+,GT-AG,GT,AG,annotated on 5',annotated on 3',0,1,"['ENSMUST00000022529.7', 'ENSMUST00000223717.1', 'ENSMUST00000225857.1', 'ENSMUST00000223633.1', 'ENSMUST00000225039.1']","['ENSMUST00000022529.7', 'ENSMUST00000223717.1', 'ENSMUST00000225857.1', 'ENSMUST00000223633.1', 'ENSMUST00000225039.1']","['ENSMUST00000022529.7', 'ENSMUST00000225039.1', 'ENSMUST00000225857.1', 'ENSMUST00000223717.1', 'ENSMUST00000223633.1']",[],['ENSMUST00000175415.1'],"['miRNA', 'processed_transcript', 'protein_coding', 'retained_intron']","['ENSMUSG00000093156.1', 'ENSMUSG00000021957.7']","['Mir3076', 'Tkt']","['ENSMUST00000022529.7', 'ENSMUST00000225039.1', 'ENSMUST00000225857.1', 'ENSMUST00000223717.1', 'ENSMUST00000223633.1']","['ENSMUST00000022529.7', 'ENSMUST00000225039.1', 'ENSMUST00000225857.1', 'ENSMUST00000175415.1', 'ENSMUST00000223717.1', 'ENSMUST00000223633.1']","['miRNA', 'protein_coding']"
chr14_50944593_50947851_+,16,1413,chr14,50944593,50947851,+,GT-AG,GT,AG,annotated on 5',annotated on 3',0,1,"['ENSMUST00000226871.1', 'ENSMUST00000048615.12', 'ENSMUST00000178092.1', 'ENSMUST00000227052.1', 'ENSMUST00000228712.1', 'ENSMUST00000228631.1']","['ENSMUST00000226871.1', 'ENSMUST00000048615.12', 'ENSMUST00000178092.1', 'ENSMUST00000227052.1', 'ENSMUST00000228712.1']","['ENSMUST00000178092.1', 'ENSMUST00000228712.1', 'ENSMUST00000226871.1', 'ENSMUST00000227052.1', 'ENSMUST00000048615.12']",['ENSMUST00000228631.1'],[],"['processed_transcript', 'protein_coding', 'retained_intron']","['ENSMUSG00000115338.2', 'ENSMUSG00000021871.19']","['Pnp', 'Gm49342']","['ENSMUST00000178092.1', 'ENSMUST00000228631.1', 'ENSMUST00000228712.1', 'ENSMUST00000226871.1', 'ENSMUST00000227052.1', 'ENSMUST00000048615.12']","['ENSMUST00000178092.1', 'ENSMUST00000228712.1', 'ENSMUST00000226871.1', 'ENSMUST00000227052.1', 'ENSMUST00000048615.12']",['protein_coding']
chr14_50948021_50950257_+,17,1567,chr14,50948021,50950257,+,GT-AG,GT,AG,annotated on 5',annotated on 3',0,1,"['ENSMUST00000226871.1', 'ENSMUST00000048615.12', 'ENSMUST00000178092.1', 'ENSMUST00000227052.1']","['ENSMUST00000226871.1', 'ENSMUST00000048615.12', 'ENSMUST00000178092.1', 'ENSMUST00000227052.1', 'ENSMUST00000228631.1']","['ENSMUST00000226871.1', 'ENSMUST00000178092.1', 'ENSMUST00000048615.12', 'ENSMUST00000227052.1']",[],['ENSMUST00000228631.1'],"['processed_transcript', 'protein_coding']","['ENSMUSG00000115338.2', 'ENSMUSG00000021871.19']","['Pnp', 'Gm49342']","['ENSMUST00000226871.1', 'ENSMUST00000178092.1', 'ENSMUST00000048615.12', 'ENSMUST00000227052.1']","['ENSMUST00000178092.1', 'ENSMUST00000228631.1', 'ENSMUST00000226871.1', 'ENSMUST00000227052.1', 'ENSMUST00000048615.12']",['protein_coding']
chr14_50950361_50950542_+,17,1639,chr14,50950361,50950542,+,GT-AG,GT,AG,annotated on 5',annotated on 3',0,1,"['ENSMUST00000226871.1', 'ENSMUST00000048615.12', 'ENSMUST00000178092.1', 'ENSMUST00000227052.1', 'ENSMUST00000228631.1']","['ENSMUST00000226871.1', 'ENSMUST00000048615.12', 'ENSMUST00000178092.1', 'ENSMUST00000227052.1', 'ENSMUST00000228631.1']","['ENSMUST00000178092.1', 'ENSMUST00000228631.1', 'ENSMUST00000226871.1', 'ENSMUST00000227052.1', 'ENSMUST00000048615.12']",[],[],"['processed_transcript', 'protein_coding']","['ENSMUSG00000115338.2', 'ENSMUSG00000021871.19']","['Pnp', 'Gm49342']","['ENSMUST00000178092.1', 'ENSMUST00000228631.1', 'ENSMUST00000226871.1', 'ENSMUST00000227052.1', 'ENSMUST00000048615.12']","['ENSMUST00000178092.1', 'ENSMUST00000228631.1', 'ENSMUST00000226871.1', 'ENSMUST00000227052.1', 'ENSMUST00000048615.12']",['protein_coding']
chr14_50950718_50950831_+,18,1367,chr14,50950718,50950831,+,GT-AG,GT,AG,annotated on 5',annotated on 3',0,1,"['ENSMUST00000048615.12', 'ENSMUST00000178092.1', 'ENSMUST00000227052.1', 'ENSMUST00000228631.1']","['ENSMUST00000048615.12', 'ENSMUST00000178092.1', 'ENSMUST00000227052.1']","['ENSMUST00000227052.1', 'ENSMUST00000178092.1', 'ENSMUST00000048615.12', 'ENSMUST00000228631.1']",['ENSMUST00000226871.1'],[],"['processed_transcript', 'protein_coding']","['ENSMUSG00000115338.2', 'ENSMUSG00000021871.19']","['Pnp', 'Gm49342']","['ENSMUST00000178092.1', 'ENSMUST00000228631.1', 'ENSMUST00000226871.1', 'ENSMUST00000227052.1', 'ENSMUST00000048615.12']","['ENSMUST00000227052.1', 'ENSMUST00000178092.1', 'ENSMUST00000048615.12', 'ENSMUST00000228631.1']",['protein_coding']
chr14_50951022_50951403_+,20,2180,chr14,50951022,50951403,+,GT-AG,GT,AG,annotated on 5',annotated on 3',0,1,"['ENSMUST00000048615.12', 'ENSMUST00000178092.1', 'ENSMUST00000227052.1']","['ENSMUST00000048615.12', 'ENSMUST00000178092.1']","['ENSMUST00000178092.1', 'ENSMUST00000048615.12']",['ENSMUST00000227052.1'],[],['protein_coding'],"['ENSMUSG00000115338.2', 'ENSMUSG00000021871.19']","['Pnp', 'Gm49342']","['ENSMUST00000227052.1', 'ENSMUST00000178092.1', 'ENSMUST00000048615.12']","['ENSMUST00000178092.1', 'ENSMUST00000048615.12']",['protein_coding']
chr14_51091253_51104806_+,19,1511,chr14,51091253,51104806,+,GT-AG,GT,AG,annotated on 5',annotated on 3',0,1,"['ENSMUST00000022428.12', 'ENSMUST00000171688.8']","['ENSMUST00000022428.12', 'ENSMUST00000169895.2']",['ENSMUST00000022428.12'],['ENSMUST00000171688.8'],['ENSMUST00000169895.2'],['protein_coding'],"['ENSMUSG00000021876.15', 'ENSMUSG00000072115.11']","['Rnase4', 'Ang']","['ENSMUST00000022428.12', 'ENSMUST00000171688.8']","['ENSMUST00000169895.2', 'ENSMUST00000022428.12']",['protein_coding']
chr14_51096473_51101385_+,5,873,chr14,51096473,51101385,+,GT-AG,GT,AG,annotated on 5',annotated on 3',0,1,"['ENSMUST00000069011.8', 'ENSMUST00000169895.2']","['ENSMUST00000171688.8', 'ENSMUST00000069011.8']",['ENSMUST00000069011.8'],['ENSMUST00000169895.2'],['ENSMUST00000171688.8'],['protein_coding'],"['ENSMUSG00000021876.15', 'ENSMUSG00000072115.11']","['Rnase4', 'Ang']","['ENSMUST00000069011.8', 'ENSMUST00000169895.2']","['ENSMUST00000069011.8', 'ENSMUST00000171688.8']",['protein_coding']
chr15_58029044_58030956_-,10,415,chr15,58029044,58030956,-,GT-AG,GT,AG,annotated on 5',annotated on 3',0,0,"['ENSMUST00000100655.4', 'ENSMUST00000176935.7', 'ENSMUST00000189159.1', 'ENSMUST00000185553.1']","['ENSMUST00000100655.4', 'ENSMUST00000176935.7', 'ENSMUST00000189159.1']","['ENSMUST00000100655.4', 'ENSMUST00000176935.7', 'ENSMUST00000189159.1']","['ENSMUST00000177176.7', 'ENSMUST00000185553.1']",[],"['nonsense_mediated_decay', 'protein_coding']","['ENSMUSG00000101892.1', 'ENSMUSG00000022362.13']","['9130401M01Rik', 'Gm29394']","['ENSMUST00000100655.4', 'ENSMUST00000176935.7', 'ENSMUST00000177176.7', 'ENSMUST00000189159.1', 'ENSMUST00000185553.1']","['ENSMUST00000100655.4', 'ENSMUST00000176935.7', 'ENSMUST00000189159.1']",['protein_coding']
chr15_58031100_58031983_-,10,442,chr15,58031100,58031983,-,GT-AG,GT,AG,annotated on 5',annotated on 3',1,0,"['ENSMUST00000100655.4', 'ENSMUST00000189159.1', 'ENSMUST00000177176.7']","['ENSMUST00000100655.4', 'ENSMUST00000176935.7', 'ENSMUST00000189159.1', 'ENSMUST00000185553.1', 'ENSMUST00000177176.7']","['ENSMUST00000100655.4', 'ENSMUST00000189159.1', 'ENSMUST00000177176.7']",[],"['ENSMUST00000176935.7', 'ENSMUST00000185553.1']","['nonsense_mediated_decay', 'protein_coding']","['ENSMUSG00000101892.1', 'ENSMUSG00000022362.13']","['9130401M01Rik', 'Gm29394']","['ENSMUST00000100655.4', 'ENSMUST00000189159.1', 'ENSMUST00000177176.7']","['ENSMUST00000100655.4', 'ENSMUST00000176935.7', 'ENSMUST00000177176.7', 'ENSMUST00000189159.1', 'ENSMUST00000185553.1']",['protein_coding']
chr15_58032079_58034083_-,9,309,chr15,58032079,58034083,-,GT-AG,GT,AG,annotated on 5',annotated on 3',1,0,"['ENSMUST00000100655.4', 'ENSMUST00000189159.1', 'ENSMUST00000185553.1']","['ENSMUST00000100655.4', 'ENSMUST00000177176.7']","['ENSMUST00000100655.4', 'ENSMUST00000189159.1']",['ENSMUST00000185553.1'],['ENSMUST00000177176.7'],"['nonsense_mediated_decay', 'protein_coding']","['ENSMUSG00000101892.1', 'ENSMUSG00000022362.13']","['9130401M01Rik', 'Gm29394']","['ENSMUST00000100655.4', 'ENSMUST00000189159.1', 'ENSMUST00000185553.1']","['ENSMUST00000100655.4', 'ENSMUST00000189159.1', 'ENSMUST00000177176.7']",['protein_coding']
chr15_98932562_98932691_-,40,6039,chr15,98932562,98932691,-,GT-AG,GT,AG,annotated on 5',annotated on 3',1,0,['ENSMUST00000077577.7'],"['ENSMUST00000077577.7', 'ENSMUST00000134214.2']",['ENSMUST00000077577.7'],['ENSMUST00000140969.1'],['ENSMUST00000134214.2'],"['protein_coding', 'retained_intron']","['ENSMUSG00000023004.8', 'ENSMUSG00000116358.1']","['Tuba1b', 'Gm49450']","['ENSMUST00000077577.7', 'ENSMUST00000140969.1']","['ENSMUST00000077577.7', 'ENSMUST00000134214.2']",['protein_coding']
chr15_98932562_98951187_-,27,711,chr15,98932562,98951187,-,GT-AG,GT,AG,annotated on 5',annotated on 3',1,0,"['ENSMUST00000134214.2', 'ENSMUST00000097014.6']","['ENSMUST00000077577.7', 'ENSMUST00000134214.2']",['ENSMUST00000134214.2'],['ENSMUST00000097014.6'],['ENSMUST00000077577.7'],['protein_coding'],"['ENSMUSG00000023004.8', 'ENSMUSG00000072235.6', 'ENSMUSG00000116358.1']","['Tuba1b', 'Tuba1a', 'Gm49450']","['ENSMUST00000134214.2', 'ENSMUST00000097014.6']","['ENSMUST00000077577.7', 'ENSMUST00000134214.2']",['protein_coding']
chr15_98951014_98951187_-,36,5559,chr15,98951014,98951187,-,GT-AG,GT,AG,annotated on 5',annotated on 3',1,0,"['ENSMUST00000134214.2', 'ENSMUST00000097014.6']",['ENSMUST00000097014.6'],['ENSMUST00000097014.6'],['ENSMUST00000134214.2'],[],['protein_coding'],"['ENSMUSG00000072235.6', 'ENSMUSG00000116358.1']","['Tuba1a', 'Gm49450']","['ENSMUST00000134214.2', 'ENSMUST00000097014.6']",['ENSMUST00000097014.6'],['protein_coding']
chr15_100645539_100649079_-,12,1899,chr15,100645539,100649079,-,GT-AG,GT,AG,annotated on 5',annotated on 3',1,0,"['ENSMUST00000183211.7', 'ENSMUST00000182814.7', 'ENSMUST00000182775.7', 'ENSMUST00000182068.7', 'ENSMUST00000182574.1', 'ENSMUST00000182494.1']","['ENSMUST00000183211.7', 'ENSMUST00000182814.7', 'ENSMUST00000182775.7', 'ENSMUST00000182068.7', 'ENSMUST00000182574.1', 'ENSMUST00000182494.1']","['ENSMUST00000182068.7', 'ENSMUST00000182494.1', 'ENSMUST00000182775.7', 'ENSMUST00000183211.7', 'ENSMUST00000182814.7', 'ENSMUST00000182574.1']","['ENSMUST00000183193.1', 'ENSMUST00000183874.1']",[],"['miRNA', 'processed_transcript', 'protein_coding', 'retained_intron']","['ENSMUSG00000098112.7', 'ENSMUSG00000098527.1']","['Bin2', 'Mir6961']","['ENSMUST00000182068.7', 'ENSMUST00000182494.1', 'ENSMUST00000182775.7', 'ENSMUST00000183874.1', 'ENSMUST00000183211.7', 'ENSMUST00000182814.7', 'ENSMUST00000183193.1', 'ENSMUST00000182574.1']","['ENSMUST00000182068.7', 'ENSMUST00000182494.1', 'ENSMUST00000182775.7', 'ENSMUST00000183211.7', 'ENSMUST00000182814.7', 'ENSMUST00000182574.1']","['miRNA', 'protein_coding']"
chr15_100649162_100650199_-,11,1831,chr15,100649162,100650199,-,GT-AG,GT,AG,annotated on 5',annotated on 3',1,0,"['ENSMUST00000183211.7', 'ENSMUST00000182814.7', 'ENSMUST00000182775.7', 'ENSMUST00000182494.1', 'ENSMUST00000183193.1']","['ENSMUST00000183211.7', 'ENSMUST00000182814.7', 'ENSMUST00000182775.7', 'ENSMUST00000182068.7', 'ENSMUST00000182574.1', 'ENSMUST00000182494.1', 'ENSMUST00000183193.1']","['ENSMUST00000182494.1', 'ENSMUST00000182775.7', 'ENSMUST00000182814.7', 'ENSMUST00000183193.1', 'ENSMUST00000183211.7']",[],"['ENSMUST00000182068.7', 'ENSMUST00000182574.1', 'ENSMUST00000183874.1']","['miRNA', 'processed_transcript', 'protein_coding', 'retained_intron']","['ENSMUSG00000098112.7', 'ENSMUSG00000098527.1']","['Bin2', 'Mir6961']","['ENSMUST00000182494.1', 'ENSMUST00000182775.7', 'ENSMUST00000182814.7', 'ENSMUST00000183193.1', 'ENSMUST00000183211.7']","['ENSMUST00000182068.7', 'ENSMUST00000182494.1', 'ENSMUST00000182775.7', 'ENSMUST00000183874.1', 'ENSMUST00000183211.7', 'ENSMUST00000182814.7', 'ENSMUST00000183193.1', 'ENSMUST00000182574.1']","['miRNA', 'protein_coding']"
chr16_91406372_91407617_+,13,471,chr16,91406372,91407617,+,GT-AG,GT,AG,annotated on 5',annotated on 3',0,1,"['ENSMUST00000023691.11', 'ENSMUST00000152729.7', 'ENSMUST00000144215.2']","['ENSMUST00000160764.1', 'ENSMUST00000023691.11', 'ENSMUST00000152729.7', 'ENSMUST00000144215.2', 'ENSMUST00000137612.1']","['ENSMUST00000144215.2', 'ENSMUST00000023691.11', 'ENSMUST00000152729.7']",['ENSMUST00000156133.7'],"['ENSMUST00000160764.1', 'ENSMUST00000137612.1']","['nonsense_mediated_decay', 'processed_transcript', 'protein_coding', 'retained_intron']","['ENSMUSG00000093701.7', 'ENSMUSG00000022969.13']","['Gm21970', 'Il10rb']","['ENSMUST00000144215.2', 'ENSMUST00000023691.11', 'ENSMUST00000156133.7', 'ENSMUST00000152729.7']","['ENSMUST00000023691.11', 'ENSMUST00000152729.7', 'ENSMUST00000137612.1', 'ENSMUST00000144215.2', 'ENSMUST00000160764.1']",['protein_coding']
chr16_91407741_91411882_+,14,551,chr16,91407741,91411882,+,GT-AG,GT,AG,annotated on 5',annotated on 3',0,1,"['ENSMUST00000160764.1', 'ENSMUST00000156133.7', 'ENSMUST00000023691.11', 'ENSMUST00000152729.7', 'ENSMUST00000144215.2', 'ENSMUST00000137612.1']","['ENSMUST00000161517.7', 'ENSMUST00000160764.1', 'ENSMUST00000156133.7', 'ENSMUST00000023691.11', 'ENSMUST00000152729.7', 'ENSMUST00000137612.1']","['ENSMUST00000156133.7', 'ENSMUST00000023691.11', 'ENSMUST00000152729.7', 'ENSMUST00000137612.1', 'ENSMUST00000160764.1']",['ENSMUST00000144215.2'],['ENSMUST00000161517.7'],"['nonsense_mediated_decay', 'processed_transcript', 'protein_coding', 'retained_intron']","['ENSMUSG00000093701.7', 'ENSMUSG00000022969.13']","['Gm21970', 'Il10rb']","['ENSMUST00000156133.7', 'ENSMUST00000023691.11', 'ENSMUST00000152729.7', 'ENSMUST00000137612.1', 'ENSMUST00000144215.2', 'ENSMUST00000160764.1']","['ENSMUST00000156133.7', 'ENSMUST00000023691.11', 'ENSMUST00000161517.7', 'ENSMUST00000152729.7', 'ENSMUST00000137612.1', 'ENSMUST00000160764.1']",['protein_coding']
chr16_91412040_91414612_+,16,926,chr16,91412040,91414612,+,GT-AG,GT,AG,annotated on 5',annotated on 3',0,1,"['ENSMUST00000161517.7', 'ENSMUST00000160764.1', 'ENSMUST00000156133.7', 'ENSMUST00000023691.11', 'ENSMUST00000152729.7', 'ENSMUST00000137612.1']","['ENSMUST00000161517.7', 'ENSMUST00000160764.1', 'ENSMUST00000156133.7', 'ENSMUST00000023691.11', 'ENSMUST00000152729.7', 'ENSMUST00000144215.2', 'ENSMUST00000137612.1']","['ENSMUST00000156133.7', 'ENSMUST00000023691.11', 'ENSMUST00000161517.7', 'ENSMUST00000152729.7', 'ENSMUST00000137612.1', 'ENSMUST00000160764.1']",[],['ENSMUST00000144215.2'],"['nonsense_mediated_decay', 'processed_transcript', 'protein_coding', 'retained_intron']","['ENSMUSG00000093701.7', 'ENSMUSG00000022969.13']","['Gm21970', 'Il10rb']","['ENSMUST00000156133.7', 'ENSMUST00000023691.11', 'ENSMUST00000161517.7', 'ENSMUST00000152729.7', 'ENSMUST00000137612.1', 'ENSMUST00000160764.1']","['ENSMUST00000156133.7', 'ENSMUST00000023691.11', 'ENSMUST00000161517.7', 'ENSMUST00000152729.7', 'ENSMUST00000137612.1', 'ENSMUST00000144215.2', 'ENSMUST00000160764.1']",['protein_coding']
chr16_91414779_91419331_+,16,950,chr16,91414779,91419331,+,GT-AG,GT,AG,annotated on 5',annotated on 3',0,1,"['ENSMUST00000161517.7', 'ENSMUST00000160764.1', 'ENSMUST00000156133.7', 'ENSMUST00000023691.11', 'ENSMUST00000152729.7', 'ENSMUST00000144215.2']","['ENSMUST00000161517.7', 'ENSMUST00000160764.1', 'ENSMUST00000156133.7', 'ENSMUST00000023691.11', 'ENSMUST00000152729.7', 'ENSMUST00000144215.2']","['ENSMUST00000156133.7', 'ENSMUST00000023691.11', 'ENSMUST00000161517.7', 'ENSMUST00000152729.7', 'ENSMUST00000144215.2', 'ENSMUST00000160764.1']",[],[],"['nonsense_mediated_decay', 'protein_coding', 'retained_intron']","['ENSMUSG00000093701.7', 'ENSMUSG00000022969.13']","['Gm21970', 'Il10rb']","['ENSMUST00000156133.7', 'ENSMUST00000023691.11', 'ENSMUST00000161517.7', 'ENSMUST00000152729.7', 'ENSMUST00000144215.2', 'ENSMUST00000160764.1']","['ENSMUST00000156133.7', 'ENSMUST00000023691.11', 'ENSMUST00000161517.7', 'ENSMUST00000152729.7', 'ENSMUST00000144215.2', 'ENSMUST00000160764.1']",['protein_coding']
chr16_91419479_91421732_+,16,865,chr16,91419479,91421732,+,GT-AG,GT,AG,annotated on 5',annotated on 3',0,1,"['ENSMUST00000156133.7', 'ENSMUST00000023691.11', 'ENSMUST00000144215.2']","['ENSMUST00000156133.7', 'ENSMUST00000023691.11', 'ENSMUST00000144215.2']","['ENSMUST00000144215.2', 'ENSMUST00000023691.11', 'ENSMUST00000156133.7']","['ENSMUST00000161517.7', 'ENSMUST00000160764.1']",[],"['nonsense_mediated_decay', 'protein_coding']","['ENSMUSG00000093701.7', 'ENSMUSG00000022969.13']","['Gm21970', 'Il10rb']","['ENSMUST00000156133.7', 'ENSMUST00000023691.11', 'ENSMUST00000161517.7', 'ENSMUST00000144215.2', 'ENSMUST00000160764.1']","['ENSMUST00000144215.2', 'ENSMUST00000023691.11', 'ENSMUST00000156133.7']",['protein_coding']
chr16_91925627_91926458_-,31,3654,chr16,91925627,91926458,-,GT-AG,GT,AG,annotated on 5',annotated on 3',1,0,"['ENSMUST00000159295.7', 'ENSMUST00000023677.9', 'ENSMUST00000150642.7', 'ENSMUST00000155452.7', 'ENSMUST00000139277.7']","['ENSMUST00000023677.9', 'ENSMUST00000150642.7', 'ENSMUST00000155452.7', 'ENSMUST00000139277.7']","['ENSMUST00000023677.9', 'ENSMUST00000150642.7', 'ENSMUST00000155452.7', 'ENSMUST00000139277.7']",['ENSMUST00000159295.7'],[],"['nonsense_mediated_decay', 'protein_coding', 'retained_intron']","['ENSMUSG00000116933.1', 'ENSMUSG00000022956.11']","['Atp5o', 'Atp5o']","['ENSMUST00000159295.7', 'ENSMUST00000150642.7', 'ENSMUST00000023677.9', 'ENSMUST00000155452.7', 'ENSMUST00000139277.7']","['ENSMUST00000023677.9', 'ENSMUST00000150642.7', 'ENSMUST00000155452.7', 'ENSMUST00000139277.7']",['protein_coding']
chr16_91926571_91926852_-,29,2658,chr16,91926571,91926852,-,GT-AG,GT,AG,annotated on 5',annotated on 3',1,0,"['ENSMUST00000159295.7', 'ENSMUST00000023677.9', 'ENSMUST00000139277.7']","['ENSMUST00000159295.7', 'ENSMUST00000023677.9', 'ENSMUST00000155452.7', 'ENSMUST00000139277.7']","['ENSMUST00000159295.7', 'ENSMUST00000023677.9', 'ENSMUST00000139277.7']",['ENSMUST00000154661.7'],['ENSMUST00000155452.7'],"['nonsense_mediated_decay', 'protein_coding']","['ENSMUSG00000116933.1', 'ENSMUSG00000022956.11']","['Atp5o', 'Atp5o']","['ENSMUST00000159295.7', 'ENSMUST00000154661.7', 'ENSMUST00000023677.9', 'ENSMUST00000139277.7']","['ENSMUST00000159295.7', 'ENSMUST00000023677.9', 'ENSMUST00000155452.7', 'ENSMUST00000139277.7']",['protein_coding']
chr16_91926982_91928898_-,29,2806,chr16,91926982,91928898,-,GT-AG,GT,AG,annotated on 5',annotated on 3',1,0,"['ENSMUST00000023677.9', 'ENSMUST00000155452.7', 'ENSMUST00000139277.7', 'ENSMUST00000154661.7']","['ENSMUST00000159295.7', 'ENSMUST00000023677.9', 'ENSMUST00000139277.7', 'ENSMUST00000154661.7']","['ENSMUST00000023677.9', 'ENSMUST00000154661.7', 'ENSMUST00000139277.7']",['ENSMUST00000155452.7'],['ENSMUST00000159295.7'],"['nonsense_mediated_decay', 'protein_coding']","['ENSMUSG00000116933.1', 'ENSMUSG00000022956.11']","['Atp5o', 'Atp5o']","['ENSMUST00000023677.9', 'ENSMUST00000154661.7', 'ENSMUST00000155452.7', 'ENSMUST00000139277.7']","['ENSMUST00000159295.7', 'ENSMUST00000154661.7', 'ENSMUST00000023677.9', 'ENSMUST00000139277.7']",['protein_coding']
chr17_6979098_6981107_+,37,7821,chr17,6979098,6981107,+,GT-AG,GT,AG,annotated on 5',annotated on 3',0,1,"['ENSMUST00000089119.12', 'ENSMUST00000231550.1', 'ENSMUST00000179728.1', 'ENSMUST00000232106.1', 'ENSMUST00000232245.1']","['ENSMUST00000231963.1', 'ENSMUST00000232304.1', 'ENSMUST00000089119.12', 'ENSMUST00000231550.1', 'ENSMUST00000179728.1', 'ENSMUST00000232106.1']","['ENSMUST00000089119.12', 'ENSMUST00000232106.1', 'ENSMUST00000231550.1', 'ENSMUST00000179728.1']",['ENSMUST00000232245.1'],"['ENSMUST00000231963.1', 'ENSMUST00000232304.1']","['nonsense_mediated_decay', 'processed_transcript', 'protein_coding', 'retained_intron']","['ENSMUSG00000094724.8', 'ENSMUSG00000116876.1']","['Rnaset2b', 'AC122413.2']","['ENSMUST00000089119.12', 'ENSMUST00000179728.1', 'ENSMUST00000232106.1', 'ENSMUST00000232245.1', 'ENSMUST00000231550.1']","['ENSMUST00000089119.12', 'ENSMUST00000179728.1', 'ENSMUST00000231963.1', 'ENSMUST00000232304.1', 'ENSMUST00000232106.1', 'ENSMUST00000231550.1']",['protein_coding']
chr17_6981168_6984138_+,37,8860,chr17,6981168,6984138,+,GT-AG,GT,AG,annotated on 5',annotated on 3',0,1,"['ENSMUST00000231963.1', 'ENSMUST00000232304.1', 'ENSMUST00000089119.12', 'ENSMUST00000231550.1', 'ENSMUST00000179728.1', 'ENSMUST00000232106.1']","['ENSMUST00000231963.1', 'ENSMUST00000232304.1', 'ENSMUST00000089119.12', 'ENSMUST00000231550.1', 'ENSMUST00000179728.1', 'ENSMUST00000232106.1', 'ENSMUST00000232245.1']","['ENSMUST00000089119.12', 'ENSMUST00000179728.1', 'ENSMUST00000231963.1', 'ENSMUST00000232304.1', 'ENSMUST00000232106.1', 'ENSMUST00000231550.1']",[],['ENSMUST00000232245.1'],"['nonsense_mediated_decay', 'processed_transcript', 'protein_coding', 'retained_intron']","['ENSMUSG00000094724.8', 'ENSMUSG00000116876.1']","['Rnaset2b', 'AC122413.2']","['ENSMUST00000089119.12', 'ENSMUST00000179728.1', 'ENSMUST00000231963.1', 'ENSMUST00000232304.1', 'ENSMUST00000232106.1', 'ENSMUST00000231550.1']","['ENSMUST00000089119.12', 'ENSMUST00000179728.1', 'ENSMUST00000231963.1', 'ENSMUST00000232304.1', 'ENSMUST00000232106.1', 'ENSMUST00000232245.1', 'ENSMUST00000231550.1']",['protein_coding']
chr17_6984191_6985055_+,37,10391,chr17,6984191,6985055,+,GC-AG,GC,AG,annotated on 5',annotated on 3',0,1,"['ENSMUST00000231963.1', 'ENSMUST00000232304.1', 'ENSMUST00000089119.12', 'ENSMUST00000231550.1', 'ENSMUST00000179728.1', 'ENSMUST00000232245.1']","['ENSMUST00000232304.1', 'ENSMUST00000089119.12', 'ENSMUST00000231550.1', 'ENSMUST00000179728.1']","['ENSMUST00000089119.12', 'ENSMUST00000231550.1', 'ENSMUST00000179728.1', 'ENSMUST00000232304.1']","['ENSMUST00000231963.1', 'ENSMUST00000232245.1']",[],"['nonsense_mediated_decay', 'processed_transcript', 'protein_coding']","['ENSMUSG00000094724.8', 'ENSMUSG00000116876.1']","['Rnaset2b', 'AC122413.2']","['ENSMUST00000089119.12', 'ENSMUST00000179728.1', 'ENSMUST00000231963.1', 'ENSMUST00000232304.1', 'ENSMUST00000232245.1', 'ENSMUST00000231550.1']","['ENSMUST00000089119.12', 'ENSMUST00000231550.1', 'ENSMUST00000179728.1', 'ENSMUST00000232304.1']",['protein_coding']
chr17_6985113_6988721_+,38,9952,chr17,6985113,6988721,+,GT-AG,GT,AG,annotated on 5',annotated on 3',0,1,"['ENSMUST00000232304.1', 'ENSMUST00000089119.12', 'ENSMUST00000231550.1', 'ENSMUST00000179728.1', 'ENSMUST00000232106.1']","['ENSMUST00000231963.1', 'ENSMUST00000232304.1', 'ENSMUST00000089119.12', 'ENSMUST00000231550.1', 'ENSMUST00000179728.1', 'ENSMUST00000232106.1', 'ENSMUST00000232245.1']","['ENSMUST00000089119.12', 'ENSMUST00000179728.1', 'ENSMUST00000232304.1', 'ENSMUST00000232106.1', 'ENSMUST00000231550.1']",[],"['ENSMUST00000231963.1', 'ENSMUST00000232245.1']","['nonsense_mediated_decay', 'processed_transcript', 'protein_coding', 'retained_intron']","['ENSMUSG00000094724.8', 'ENSMUSG00000116876.1']","['Rnaset2b', 'AC122413.2']","['ENSMUST00000089119.12', 'ENSMUST00000179728.1', 'ENSMUST00000232304.1', 'ENSMUST00000232106.1', 'ENSMUST00000231550.1']","['ENSMUST00000089119.12', 'ENSMUST00000179728.1', 'ENSMUST00000231963.1', 'ENSMUST00000232304.1', 'ENSMUST00000232106.1', 'ENSMUST00000232245.1', 'ENSMUST00000231550.1']",['protein_coding']
chr17_6988792_6991680_+,38,7794,chr17,6988792,6991680,+,GT-AG,GT,AG,annotated on 5',annotated on 3',0,1,"['ENSMUST00000232304.1', 'ENSMUST00000089119.12', 'ENSMUST00000231550.1', 'ENSMUST00000179728.1', 'ENSMUST00000232106.1', 'ENSMUST00000232245.1']","['ENSMUST00000232304.1', 'ENSMUST00000089119.12', 'ENSMUST00000231550.1', 'ENSMUST00000179728.1', 'ENSMUST00000232106.1', 'ENSMUST00000232245.1', 'ENSMUST00000232029.1']","['ENSMUST00000089119.12', 'ENSMUST00000179728.1', 'ENSMUST00000232304.1', 'ENSMUST00000232106.1', 'ENSMUST00000232245.1', 'ENSMUST00000231550.1']",['ENSMUST00000231963.1'],['ENSMUST00000232029.1'],"['nonsense_mediated_decay', 'processed_transcript', 'protein_coding', 'retained_intron']","['ENSMUSG00000094724.8', 'ENSMUSG00000116876.1']","['Rnaset2b', 'AC122413.2']","['ENSMUST00000089119.12', 'ENSMUST00000179728.1', 'ENSMUST00000231963.1', 'ENSMUST00000232304.1', 'ENSMUST00000232106.1', 'ENSMUST00000232245.1', 'ENSMUST00000231550.1']","['ENSMUST00000089119.12', 'ENSMUST00000232029.1', 'ENSMUST00000179728.1', 'ENSMUST00000232304.1', 'ENSMUST00000232106.1', 'ENSMUST00000232245.1', 'ENSMUST00000231550.1']",['protein_coding']
chr17_6991794_6994628_+,37,7801,chr17,6991794,6994628,+,GT-AG,GT,AG,annotated on 5',annotated on 3',0,1,"['ENSMUST00000232304.1', 'ENSMUST00000089119.12', 'ENSMUST00000231550.1', 'ENSMUST00000179728.1', 'ENSMUST00000232106.1', 'ENSMUST00000232245.1', 'ENSMUST00000232029.1']","['ENSMUST00000232304.1', 'ENSMUST00000089119.12', 'ENSMUST00000231550.1', 'ENSMUST00000179728.1', 'ENSMUST00000232106.1', 'ENSMUST00000232245.1', 'ENSMUST00000232029.1']","['ENSMUST00000089119.12', 'ENSMUST00000232029.1', 'ENSMUST00000179728.1', 'ENSMUST00000232304.1', 'ENSMUST00000232106.1', 'ENSMUST00000232245.1', 'ENSMUST00000231550.1']",[],[],"['nonsense_mediated_decay', 'processed_transcript', 'protein_coding', 'retained_intron']","['ENSMUSG00000094724.8', 'ENSMUSG00000116876.1']","['Rnaset2b', 'AC122413.2']","['ENSMUST00000089119.12', 'ENSMUST00000232029.1', 'ENSMUST00000179728.1', 'ENSMUST00000232304.1', 'ENSMUST00000232106.1', 'ENSMUST00000232245.1', 'ENSMUST00000231550.1']","['ENSMUST00000089119.12', 'ENSMUST00000232029.1', 'ENSMUST00000179728.1', 'ENSMUST00000232304.1', 'ENSMUST00000232106.1', 'ENSMUST00000232245.1', 'ENSMUST00000231550.1']",['protein_coding']
chr17_6994674_6996433_+,36,8533,chr17,6994674,6996433,+,GT-AG,GT,AG,annotated on 5',annotated on 3',0,1,"['ENSMUST00000232304.1', 'ENSMUST00000089119.12', 'ENSMUST00000231550.1', 'ENSMUST00000179728.1', 'ENSMUST00000232245.1', 'ENSMUST00000232029.1']","['ENSMUST00000232304.1', 'ENSMUST00000089119.12', 'ENSMUST00000231550.1', 'ENSMUST00000179728.1', 'ENSMUST00000232245.1', 'ENSMUST00000232029.1']","['ENSMUST00000089119.12', 'ENSMUST00000232029.1', 'ENSMUST00000179728.1', 'ENSMUST00000232304.1', 'ENSMUST00000232245.1', 'ENSMUST00000231550.1']",['ENSMUST00000232106.1'],[],"['nonsense_mediated_decay', 'processed_transcript', 'protein_coding', 'retained_intron']","['ENSMUSG00000094724.8', 'ENSMUSG00000116876.1']","['Rnaset2b', 'AC122413.2']","['ENSMUST00000089119.12', 'ENSMUST00000232029.1', 'ENSMUST00000179728.1', 'ENSMUST00000232304.1', 'ENSMUST00000232106.1', 'ENSMUST00000232245.1', 'ENSMUST00000231550.1']","['ENSMUST00000089119.12', 'ENSMUST00000232029.1', 'ENSMUST00000179728.1', 'ENSMUST00000232304.1', 'ENSMUST00000232245.1', 'ENSMUST00000231550.1']",['protein_coding']
chr17_6996508_6997897_+,38,8849,chr17,6996508,6997897,+,GT-AG,GT,AG,annotated on 5',annotated on 3',0,1,"['ENSMUST00000232304.1', 'ENSMUST00000089119.12', 'ENSMUST00000231550.1', 'ENSMUST00000179728.1', 'ENSMUST00000232245.1', 'ENSMUST00000232029.1']","['ENSMUST00000232304.1', 'ENSMUST00000089119.12', 'ENSMUST00000231550.1', 'ENSMUST00000179728.1', 'ENSMUST00000232245.1', 'ENSMUST00000232029.1']","['ENSMUST00000089119.12', 'ENSMUST00000232029.1', 'ENSMUST00000179728.1', 'ENSMUST00000232304.1', 'ENSMUST00000232245.1', 'ENSMUST00000231550.1']",[],[],"['nonsense_mediated_decay', 'processed_transcript', 'protein_coding']","['ENSMUSG00000094724.8', 'ENSMUSG00000116876.1']","['Rnaset2b', 'AC122413.2']","['ENSMUST00000089119.12', 'ENSMUST00000232029.1', 'ENSMUST00000179728.1', 'ENSMUST00000232304.1', 'ENSMUST00000232245.1', 'ENSMUST00000231550.1']","['ENSMUST00000089119.12', 'ENSMUST00000232029.1', 'ENSMUST00000179728.1', 'ENSMUST00000232304.1', 'ENSMUST00000232245.1', 'ENSMUST00000231550.1']",['protein_coding']
chr17_8128886_8130224_-,37,8774,chr17,8128886,8130224,-,GT-AG,GT,AG,annotated on 5',annotated on 3',1,0,"['ENSMUST00000232307.1', 'ENSMUST00000231927.1', 'ENSMUST00000097420.6']","['ENSMUST00000232307.1', 'ENSMUST00000231927.1', 'ENSMUST00000097420.6']","['ENSMUST00000231927.1', 'ENSMUST00000232307.1', 'ENSMUST00000097420.6']",[],[],"['nonsense_mediated_decay', 'protein_coding']","['ENSMUSG00000095687.2', 'ENSMUSG00000116988.1']","['Rnaset2a', 'AC164314.2']","['ENSMUST00000231927.1', 'ENSMUST00000232307.1', 'ENSMUST00000097420.6']","['ENSMUST00000231927.1', 'ENSMUST00000232307.1', 'ENSMUST00000097420.6']",['protein_coding']
chr17_8130299_8132042_-,36,8486,chr17,8130299,8132042,-,GT-AG,GT,AG,annotated on 5',annotated on 3',1,0,"['ENSMUST00000232307.1', 'ENSMUST00000231927.1', 'ENSMUST00000097420.6']","['ENSMUST00000232307.1', 'ENSMUST00000231927.1', 'ENSMUST00000097420.6']","['ENSMUST00000231927.1', 'ENSMUST00000232307.1', 'ENSMUST00000097420.6']",[],[],"['nonsense_mediated_decay', 'protein_coding']","['ENSMUSG00000095687.2', 'ENSMUSG00000116988.1']","['Rnaset2a', 'AC164314.2']","['ENSMUST00000231927.1', 'ENSMUST00000232307.1', 'ENSMUST00000097420.6']","['ENSMUST00000231927.1', 'ENSMUST00000232307.1', 'ENSMUST00000097420.6']",['protein_coding']
chr17_8132088_8134903_-,37,7803,chr17,8132088,8134903,-,GT-AG,GT,AG,annotated on 5',annotated on 3',1,0,"['ENSMUST00000232307.1', 'ENSMUST00000231927.1', 'ENSMUST00000097420.6']","['ENSMUST00000232307.1', 'ENSMUST00000231927.1', 'ENSMUST00000097420.6']","['ENSMUST00000231927.1', 'ENSMUST00000232307.1', 'ENSMUST00000097420.6']",[],[],"['nonsense_mediated_decay', 'protein_coding']","['ENSMUSG00000095687.2', 'ENSMUSG00000116988.1']","['Rnaset2a', 'AC164314.2']","['ENSMUST00000231927.1', 'ENSMUST00000232307.1', 'ENSMUST00000097420.6']","['ENSMUST00000231927.1', 'ENSMUST00000232307.1', 'ENSMUST00000097420.6']",['protein_coding']
chr17_8135017_8137887_-,38,7750,chr17,8135017,8137887,-,GT-AG,GT,AG,annotated on 5',annotated on 3',1,0,"['ENSMUST00000232307.1', 'ENSMUST00000231927.1', 'ENSMUST00000097420.6']","['ENSMUST00000232307.1', 'ENSMUST00000231927.1', 'ENSMUST00000097420.6']","['ENSMUST00000231927.1', 'ENSMUST00000232307.1', 'ENSMUST00000097420.6']",[],[],"['nonsense_mediated_decay', 'protein_coding']","['ENSMUSG00000095687.2', 'ENSMUSG00000116988.1']","['Rnaset2a', 'AC164314.2']","['ENSMUST00000231927.1', 'ENSMUST00000232307.1', 'ENSMUST00000097420.6']","['ENSMUST00000231927.1', 'ENSMUST00000232307.1', 'ENSMUST00000097420.6']",['protein_coding']
chr17_8137958_8141595_-,38,9806,chr17,8137958,8141595,-,GT-AG,GT,AG,annotated on 5',annotated on 3',1,0,"['ENSMUST00000232307.1', 'ENSMUST00000231927.1', 'ENSMUST00000097420.6']","['ENSMUST00000232307.1', 'ENSMUST00000231927.1', 'ENSMUST00000097420.6']","['ENSMUST00000231927.1', 'ENSMUST00000232307.1', 'ENSMUST00000097420.6']",[],[],"['nonsense_mediated_decay', 'protein_coding']","['ENSMUSG00000095687.2', 'ENSMUSG00000116988.1']","['Rnaset2a', 'AC164314.2']","['ENSMUST00000231927.1', 'ENSMUST00000232307.1', 'ENSMUST00000097420.6']","['ENSMUST00000231927.1', 'ENSMUST00000232307.1', 'ENSMUST00000097420.6']",['protein_coding']
chr17_8141653_8142517_-,37,10054,chr17,8141653,8142517,-,GC-AG,GC,AG,annotated on 5',annotated on 3',1,0,"['ENSMUST00000232307.1', 'ENSMUST00000231927.1', 'ENSMUST00000097420.6']","['ENSMUST00000232307.1', 'ENSMUST00000231927.1', 'ENSMUST00000097420.6']","['ENSMUST00000231927.1', 'ENSMUST00000232307.1', 'ENSMUST00000097420.6']",[],[],"['nonsense_mediated_decay', 'protein_coding']","['ENSMUSG00000095687.2', 'ENSMUSG00000116988.1']","['Rnaset2a', 'AC164314.2']","['ENSMUST00000231927.1', 'ENSMUST00000232307.1', 'ENSMUST00000097420.6']","['ENSMUST00000231927.1', 'ENSMUST00000232307.1', 'ENSMUST00000097420.6']",['protein_coding']
chr17_8142570_8145541_-,37,8604,chr17,8142570,8145541,-,GT-AG,GT,AG,annotated on 5',annotated on 3',1,0,"['ENSMUST00000232307.1', 'ENSMUST00000231927.1', 'ENSMUST00000097420.6']","['ENSMUST00000232307.1', 'ENSMUST00000231927.1', 'ENSMUST00000097420.6']","['ENSMUST00000231927.1', 'ENSMUST00000232307.1', 'ENSMUST00000097420.6']",[],[],"['nonsense_mediated_decay', 'protein_coding']","['ENSMUSG00000095687.2', 'ENSMUSG00000116988.1']","['Rnaset2a', 'AC164314.2']","['ENSMUST00000231927.1', 'ENSMUST00000232307.1', 'ENSMUST00000097420.6']","['ENSMUST00000231927.1', 'ENSMUST00000232307.1', 'ENSMUST00000097420.6']",['protein_coding']
chr17_8145602_8147593_-,37,7627,chr17,8145602,8147593,-,GT-AG,GT,AG,annotated on 5',annotated on 3',1,0,"['ENSMUST00000232307.1', 'ENSMUST00000231927.1', 'ENSMUST00000097420.6']","['ENSMUST00000232307.1', 'ENSMUST00000231927.1', 'ENSMUST00000097420.6']","['ENSMUST00000231927.1', 'ENSMUST00000232307.1', 'ENSMUST00000097420.6']",[],[],"['nonsense_mediated_decay', 'protein_coding']","['ENSMUSG00000095687.2', 'ENSMUSG00000116988.1']","['Rnaset2a', 'AC164314.2']","['ENSMUST00000231927.1', 'ENSMUST00000232307.1', 'ENSMUST00000097420.6']","['ENSMUST00000231927.1', 'ENSMUST00000232307.1', 'ENSMUST00000097420.6']",['protein_coding']
chr17_24896758_24896851_+,10,617,chr17,24896758,24896851,+,GT-AG,GT,AG,annotated on 5',annotated on 3',0,1,"['ENSMUST00000154236.1', 'ENSMUST00000024978.6', 'ENSMUST00000150500.7', 'ENSMUST00000145688.7', 'ENSMUST00000125532.1']","['ENSMUST00000154236.1', 'ENSMUST00000024978.6', 'ENSMUST00000150500.7', 'ENSMUST00000145688.7', 'ENSMUST00000125532.1']","['ENSMUST00000145688.7', 'ENSMUST00000125532.1', 'ENSMUST00000154236.1', 'ENSMUST00000150500.7', 'ENSMUST00000024978.6']",[],['ENSMUST00000154321.1'],"['nonsense_mediated_decay', 'processed_transcript', 'protein_coding', 'retained_intron']","['ENSMUSG00000073435.10', 'ENSMUSG00000038880.13']","['Nme3', 'Mrps34']","['ENSMUST00000145688.7', 'ENSMUST00000125532.1', 'ENSMUST00000154236.1', 'ENSMUST00000150500.7', 'ENSMUST00000024978.6']","['ENSMUST00000145688.7', 'ENSMUST00000154321.1', 'ENSMUST00000125532.1', 'ENSMUST00000154236.1', 'ENSMUST00000150500.7', 'ENSMUST00000024978.6']",['protein_coding']
chr17_24896953_24897027_+,10,812,chr17,24896953,24897027,+,GT-AG,GT,AG,annotated on 5',annotated on 3',0,1,"['ENSMUST00000154236.1', 'ENSMUST00000024978.6', 'ENSMUST00000150500.7', 'ENSMUST00000145688.7', 'ENSMUST00000125532.1', 'ENSMUST00000154321.1']","['ENSMUST00000154236.1', 'ENSMUST00000024978.6', 'ENSMUST00000150500.7', 'ENSMUST00000145688.7', 'ENSMUST00000154321.1']","['ENSMUST00000145688.7', 'ENSMUST00000154321.1', 'ENSMUST00000154236.1', 'ENSMUST00000150500.7', 'ENSMUST00000024978.6']",['ENSMUST00000125532.1'],[],"['nonsense_mediated_decay', 'processed_transcript', 'protein_coding', 'retained_intron']","['ENSMUSG00000073435.10', 'ENSMUSG00000038880.13']","['Nme3', 'Mrps34']","['ENSMUST00000145688.7', 'ENSMUST00000154321.1', 'ENSMUST00000125532.1', 'ENSMUST00000154236.1', 'ENSMUST00000150500.7', 'ENSMUST00000024978.6']","['ENSMUST00000145688.7', 'ENSMUST00000154321.1', 'ENSMUST00000154236.1', 'ENSMUST00000150500.7', 'ENSMUST00000024978.6']",['protein_coding']
chr17_24897140_24897213_+,10,581,chr17,24897140,24897213,+,GT-AG,GT,AG,annotated on 5',annotated on 3',0,1,"['ENSMUST00000154236.1', 'ENSMUST00000024978.6', 'ENSMUST00000150500.7', 'ENSMUST00000145688.7', 'ENSMUST00000154321.1']","['ENSMUST00000154236.1', 'ENSMUST00000024978.6', 'ENSMUST00000150500.7', 'ENSMUST00000145688.7', 'ENSMUST00000125532.1', 'ENSMUST00000154321.1']","['ENSMUST00000145688.7', 'ENSMUST00000154321.1', 'ENSMUST00000154236.1', 'ENSMUST00000150500.7', 'ENSMUST00000024978.6']",[],['ENSMUST00000125532.1'],"['nonsense_mediated_decay', 'processed_transcript', 'protein_coding', 'retained_intron']","['ENSMUSG00000073435.10', 'ENSMUSG00000038880.13']","['Nme3', 'Mrps34']","['ENSMUST00000145688.7', 'ENSMUST00000154321.1', 'ENSMUST00000154236.1', 'ENSMUST00000150500.7', 'ENSMUST00000024978.6']","['ENSMUST00000145688.7', 'ENSMUST00000154321.1', 'ENSMUST00000125532.1', 'ENSMUST00000154236.1', 'ENSMUST00000150500.7', 'ENSMUST00000024978.6']",['protein_coding']
chr17_33631463_33631541_+,7,210,chr17,33631463,33631541,+,GT-AG,GT,AG,annotated on 5',annotated on 3',0,1,"['ENSMUST00000166627.7', 'ENSMUST00000073570.11', 'ENSMUST00000170225.1', 'ENSMUST00000163245.1', 'ENSMUST00000164636.1']","['ENSMUST00000166627.7', 'ENSMUST00000073570.11', 'ENSMUST00000164636.1']","['ENSMUST00000166627.7', 'ENSMUST00000073570.11', 'ENSMUST00000164636.1']","['ENSMUST00000170225.1', 'ENSMUST00000163245.1']",[],"['processed_transcript', 'protein_coding', 'retained_intron']","['ENSMUSG00000073423.9', 'ENSMUSG00000092412.1']","['Zfp414', 'Gm20507']","['ENSMUST00000166627.7', 'ENSMUST00000073570.11', 'ENSMUST00000163245.1', 'ENSMUST00000170225.1', 'ENSMUST00000164636.1']","['ENSMUST00000166627.7', 'ENSMUST00000073570.11', 'ENSMUST00000164636.1']","['processed_transcript', 'protein_coding']"
chr18_61117412_61117531_+,7,1144,chr18,61117412,61117531,+,GT-AG,GT,AG,annotated on 5',annotated on 3',0,1,"['ENSMUST00000025523.12', 'ENSMUST00000115268.3']","['ENSMUST00000025523.12', 'ENSMUST00000115268.3']","['ENSMUST00000025523.12', 'ENSMUST00000115268.3']",[],['ENSMUST00000183458.1'],"['miRNA', 'protein_coding']","['ENSMUSG00000024621.15', 'ENSMUSG00000098389.1']","['Csf1r', 'Mir6983']","['ENSMUST00000025523.12', 'ENSMUST00000115268.3']","['ENSMUST00000025523.12', 'ENSMUST00000115268.3', 'ENSMUST00000183458.1']","['miRNA', 'protein_coding']"
chr18_76939669_76940512_+,23,668,chr18,76939669,76940512,+,GT-AG,GT,AG,annotated on 5',annotated on 3',0,1,"['ENSMUST00000026487.4', 'ENSMUST00000136800.1', 'ENSMUST00000142456.1', 'ENSMUST00000152369.1']","['ENSMUST00000026487.4', 'ENSMUST00000136800.1', 'ENSMUST00000152369.1']","['ENSMUST00000026487.4', 'ENSMUST00000152369.1', 'ENSMUST00000136800.1']","['ENSMUST00000142456.1', 'ENSMUST00000128679.1']",[],"['nonsense_mediated_decay', 'processed_transcript', 'protein_coding', 'retained_intron']","['ENSMUSG00000025421.14', 'ENSMUSG00000090000.1']","['Hdhd2', 'Ier3ip1']","['ENSMUST00000026487.4', 'ENSMUST00000152369.1', 'ENSMUST00000128679.1', 'ENSMUST00000136800.1', 'ENSMUST00000142456.1']","['ENSMUST00000026487.4', 'ENSMUST00000152369.1', 'ENSMUST00000136800.1']",['protein_coding']
chr19_5728868_5729236_-,21,767,chr19,5728868,5729236,-,GT-AG,GT,AG,annotated on 5',annotated on 3',1,0,"['ENSMUST00000116558.2', 'ENSMUST00000099955.3', 'ENSMUST00000161368.1', 'ENSMUST00000160852.7']","['ENSMUST00000099955.3', 'ENSMUST00000160852.7']","['ENSMUST00000116558.2', 'ENSMUST00000161368.1', 'ENSMUST00000099955.3', 'ENSMUST00000160852.7']",[],[],"['nonsense_mediated_decay', 'protein_coding']","['ENSMUSG00000079478.8', 'ENSMUSG00000024939.6']","['Sssca1', 'Fam89b']","['ENSMUST00000116558.2', 'ENSMUST00000161368.1', 'ENSMUST00000099955.3', 'ENSMUST00000160852.7']","['ENSMUST00000116558.2', 'ENSMUST00000161368.1', 'ENSMUST00000099955.3', 'ENSMUST00000160852.7']",['protein_coding']
chr19_44550412_44552697_-,32,3287,chr19,44550412,44552697,-,GT-AG,GT,AG,annotated on 5',annotated on 3',1,0,"['ENSMUST00000166808.1', 'ENSMUST00000171415.7', 'ENSMUST00000026222.10', 'ENSMUST00000168083.1', 'ENSMUST00000164543.1']","['ENSMUST00000026222.10', 'ENSMUST00000168083.1', 'ENSMUST00000164543.1']","['ENSMUST00000026222.10', 'ENSMUST00000168083.1', 'ENSMUST00000164543.1']","['ENSMUST00000166808.1', 'ENSMUST00000169304.7', 'ENSMUST00000171415.7']",[],"['nonsense_mediated_decay', 'protein_coding', 'retained_intron']","['ENSMUSG00000025204.10', 'ENSMUSG00000091471.1']","['Ndufb8', 'Gm20538']","['ENSMUST00000166808.1', 'ENSMUST00000171415.7', 'ENSMUST00000168083.1', 'ENSMUST00000026222.10', 'ENSMUST00000164543.1', 'ENSMUST00000169304.7']","['ENSMUST00000026222.10', 'ENSMUST00000168083.1', 'ENSMUST00000164543.1']",['protein_coding']
chr2_93421928_93429944_-,13,1013,chr2,93421928,93429944,-,GT-AG,GT,AG,annotated on 5',annotated on 3',1,0,"['ENSMUST00000099696.7', 'ENSMUST00000028644.10', 'ENSMUST00000116457.8', 'ENSMUST00000111257.7', 'ENSMUST00000123565.7', 'ENSMUST00000145553.7', 'ENSMUST00000150508.7']","['ENSMUST00000099696.7', 'ENSMUST00000028644.10', 'ENSMUST00000116457.8', 'ENSMUST00000111257.7', 'ENSMUST00000123565.7', 'ENSMUST00000145553.7', 'ENSMUST00000150508.7']","['ENSMUST00000123565.7', 'ENSMUST00000099696.7', 'ENSMUST00000116457.8', 'ENSMUST00000145553.7', 'ENSMUST00000150508.7', 'ENSMUST00000028644.10', 'ENSMUST00000111257.7']",[],['ENSMUST00000184769.1'],"['miRNA', 'protein_coding']","['ENSMUSG00000027215.13', 'ENSMUSG00000099238.1']","['Cd82', 'Mir7001']","['ENSMUST00000123565.7', 'ENSMUST00000099696.7', 'ENSMUST00000116457.8', 'ENSMUST00000145553.7', 'ENSMUST00000150508.7', 'ENSMUST00000028644.10', 'ENSMUST00000111257.7']","['ENSMUST00000123565.7', 'ENSMUST00000099696.7', 'ENSMUST00000184769.1', 'ENSMUST00000116457.8', 'ENSMUST00000145553.7', 'ENSMUST00000150508.7', 'ENSMUST00000028644.10', 'ENSMUST00000111257.7']","['miRNA', 'protein_coding']"
chr2_121457701_121457991_+,27,864,chr2,121457701,121457991,+,GT-AG,GT,AG,annotated on 5',annotated on 3',0,1,"['ENSMUST00000154418.7', 'ENSMUST00000148575.1', 'ENSMUST00000110612.7', 'ENSMUST00000125849.7', 'ENSMUST00000126764.1']","['ENSMUST00000154418.7', 'ENSMUST00000148575.1', 'ENSMUST00000110612.7', 'ENSMUST00000125849.7', 'ENSMUST00000126764.1', 'ENSMUST00000028677.4']","['ENSMUST00000154418.7', 'ENSMUST00000110612.7', 'ENSMUST00000125849.7', 'ENSMUST00000148575.1', 'ENSMUST00000126764.1']",[],['ENSMUST00000028677.4'],"['nonsense_mediated_decay', 'processed_transcript', 'protein_coding', 'retained_intron']","['ENSMUSG00000074884.12', 'ENSMUSG00000027245.11']","['Serf2', 'Hypk']","['ENSMUST00000154418.7', 'ENSMUST00000110612.7', 'ENSMUST00000125849.7', 'ENSMUST00000148575.1', 'ENSMUST00000126764.1']","['ENSMUST00000154418.7', 'ENSMUST00000110612.7', 'ENSMUST00000125849.7', 'ENSMUST00000148575.1', 'ENSMUST00000028677.4', 'ENSMUST00000126764.1']",['protein_coding']
chr2_121458043_121458148_+,28,1182,chr2,121458043,121458148,+,GT-AG,GT,AG,annotated on 5',annotated on 3',0,1,"['ENSMUST00000154418.7', 'ENSMUST00000148575.1', 'ENSMUST00000110612.7', 'ENSMUST00000125849.7', 'ENSMUST00000126764.1', 'ENSMUST00000131870.1', 'ENSMUST00000028677.4']","['ENSMUST00000154418.7', 'ENSMUST00000148575.1', 'ENSMUST00000110612.7', 'ENSMUST00000125849.7', 'ENSMUST00000126764.1', 'ENSMUST00000131870.1', 'ENSMUST00000028677.4']","['ENSMUST00000154418.7', 'ENSMUST00000110612.7', 'ENSMUST00000125849.7', 'ENSMUST00000131870.1', 'ENSMUST00000148575.1', 'ENSMUST00000028677.4', 'ENSMUST00000126764.1']",[],[],"['nonsense_mediated_decay', 'processed_transcript', 'protein_coding', 'retained_intron']","['ENSMUSG00000074884.12', 'ENSMUSG00000027245.11']","['Serf2', 'Hypk']","['ENSMUST00000154418.7', 'ENSMUST00000110612.7', 'ENSMUST00000125849.7', 'ENSMUST00000131870.1', 'ENSMUST00000148575.1', 'ENSMUST00000028677.4', 'ENSMUST00000126764.1']","['ENSMUST00000154418.7', 'ENSMUST00000110612.7', 'ENSMUST00000125849.7', 'ENSMUST00000131870.1', 'ENSMUST00000148575.1', 'ENSMUST00000028677.4', 'ENSMUST00000126764.1']",['protein_coding']
chr2_167063297_167063635_+,11,600,chr2,167063297,167063635,+,GT-AG,GT,AG,annotated on 5',annotated on 3',0,1,"['ENSMUST00000189909.6', 'ENSMUST00000145859.2', 'ENSMUST00000125841.2']","['ENSMUST00000189909.6', 'ENSMUST00000145859.2', 'ENSMUST00000125841.2']","['ENSMUST00000125841.2', 'ENSMUST00000189909.6', 'ENSMUST00000145859.2']",['ENSMUST00000184735.1'],['ENSMUST00000143587.1'],"['antisense', 'misc_RNA', 'retained_intron']","['ENSMUSG00000098430.1', 'ENSMUSG00000074578.13']","['Gm27494', 'Zfas1']","['ENSMUST00000125841.2', 'ENSMUST00000184735.1', 'ENSMUST00000189909.6', 'ENSMUST00000145859.2']","['ENSMUST00000143587.1', 'ENSMUST00000125841.2', 'ENSMUST00000189909.6', 'ENSMUST00000145859.2']","['processed_transcript', 'misc_RNA']"
chr3_10321720_10322903_-,9,403,chr3,10321720,10322903,-,GT-AG,GT,AG,annotated on 5',annotated on 3',1,0,"['ENSMUST00000065938.14', 'ENSMUST00000118410.7', 'ENSMUST00000191670.5', 'ENSMUST00000192603.1']","['ENSMUST00000065938.14', 'ENSMUST00000118410.7', 'ENSMUST00000192603.1']","['ENSMUST00000118410.7', 'ENSMUST00000192603.1', 'ENSMUST00000065938.14']",['ENSMUST00000191670.5'],[],"['nonsense_mediated_decay', 'protein_coding']","['ENSMUSG00000027531.16', 'ENSMUSG00000103392.1']","['Impa1', 'Gm38303']","['ENSMUST00000118410.7', 'ENSMUST00000192603.1', 'ENSMUST00000065938.14', 'ENSMUST00000191670.5']","['ENSMUST00000118410.7', 'ENSMUST00000192603.1', 'ENSMUST00000065938.14']",['protein_coding']
chr3_10323012_10324051_-,12,345,chr3,10323012,10324051,-,GT-AG,GT,AG,annotated on 5',annotated on 3',1,0,"['ENSMUST00000065938.14', 'ENSMUST00000118410.7', 'ENSMUST00000191670.5', 'ENSMUST00000192603.1']","['ENSMUST00000065938.14', 'ENSMUST00000118410.7', 'ENSMUST00000191670.5', 'ENSMUST00000192603.1']","['ENSMUST00000118410.7', 'ENSMUST00000192603.1', 'ENSMUST00000065938.14', 'ENSMUST00000191670.5']",[],[],"['nonsense_mediated_decay', 'protein_coding']","['ENSMUSG00000027531.16', 'ENSMUSG00000103392.1']","['Impa1', 'Gm38303']","['ENSMUST00000118410.7', 'ENSMUST00000192603.1', 'ENSMUST00000065938.14', 'ENSMUST00000191670.5']","['ENSMUST00000118410.7', 'ENSMUST00000192603.1', 'ENSMUST00000065938.14', 'ENSMUST00000191670.5']",['protein_coding']
chr3_10324097_10326106_-,12,334,chr3,10324097,10326106,-,GT-AG,GT,AG,annotated on 5',annotated on 3',1,0,"['ENSMUST00000065938.14', 'ENSMUST00000118410.7', 'ENSMUST00000191670.5', 'ENSMUST00000192603.1']","['ENSMUST00000065938.14', 'ENSMUST00000118410.7', 'ENSMUST00000191670.5', 'ENSMUST00000192603.1']","['ENSMUST00000118410.7', 'ENSMUST00000192603.1', 'ENSMUST00000065938.14', 'ENSMUST00000191670.5']",['ENSMUST00000128912.1'],[],"['nonsense_mediated_decay', 'protein_coding']","['ENSMUSG00000027531.16', 'ENSMUSG00000103392.1']","['Impa1', 'Gm38303']","['ENSMUST00000128912.1', 'ENSMUST00000192603.1', 'ENSMUST00000118410.7', 'ENSMUST00000065938.14', 'ENSMUST00000191670.5']","['ENSMUST00000118410.7', 'ENSMUST00000192603.1', 'ENSMUST00000065938.14', 'ENSMUST00000191670.5']",['protein_coding']
chr3_10326211_10328344_-,12,258,chr3,10326211,10328344,-,GT-AG,GT,AG,annotated on 5',annotated on 3',1,0,"['ENSMUST00000065938.14', 'ENSMUST00000118410.7', 'ENSMUST00000191670.5', 'ENSMUST00000128912.1']","['ENSMUST00000065938.14', 'ENSMUST00000118410.7', 'ENSMUST00000191670.5', 'ENSMUST00000128912.1']","['ENSMUST00000118410.7', 'ENSMUST00000065938.14', 'ENSMUST00000128912.1', 'ENSMUST00000191670.5']",[],['ENSMUST00000192603.1'],"['nonsense_mediated_decay', 'protein_coding']","['ENSMUSG00000027531.16', 'ENSMUSG00000103392.1']","['Impa1', 'Gm38303']","['ENSMUST00000118410.7', 'ENSMUST00000065938.14', 'ENSMUST00000128912.1', 'ENSMUST00000191670.5']","['ENSMUST00000128912.1', 'ENSMUST00000192603.1', 'ENSMUST00000118410.7', 'ENSMUST00000065938.14', 'ENSMUST00000191670.5']",['protein_coding']
chr3_130706043_130709236_-,23,1572,chr3,130706043,130709236,-,GT-AG,GT,AG,annotated on 5',annotated on 3',1,0,['ENSMUST00000043937.8'],['ENSMUST00000043937.8'],['ENSMUST00000043937.8'],[],['ENSMUST00000197053.1'],"['protein_coding', 'TEC']","['ENSMUSG00000041084.8', 'ENSMUSG00000105466.1']","['Ostc', 'Gm42998']",['ENSMUST00000043937.8'],"['ENSMUST00000197053.1', 'ENSMUST00000043937.8']","['protein_coding', 'TEC']"
chr4_59035318_59039226_+,13,1629,chr4,59035318,59039226,+,GT-AG,GT,AG,annotated on 5',annotated on 3',0,1,['ENSMUST00000041160.12'],"['ENSMUST00000174664.1', 'ENSMUST00000041160.12', 'ENSMUST00000126507.1']",['ENSMUST00000041160.12'],[],"['ENSMUST00000126507.1', 'ENSMUST00000174664.1']","['processed_transcript', 'protein_coding']","['ENSMUSG00000092345.1', 'ENSMUSG00000038607.12']","['Gm20503', 'Gng10']",['ENSMUST00000041160.12'],"['ENSMUST00000126507.1', 'ENSMUST00000041160.12', 'ENSMUST00000174664.1']",['protein_coding']
chr4_59039358_59041074_+,14,2131,chr4,59039358,59041074,+,GT-AG,GT,AG,annotated on 5',annotated on 3',0,1,"['ENSMUST00000174664.1', 'ENSMUST00000041160.12', 'ENSMUST00000126507.1']","['ENSMUST00000174664.1', 'ENSMUST00000041160.12', 'ENSMUST00000126507.1']","['ENSMUST00000126507.1', 'ENSMUST00000041160.12', 'ENSMUST00000174664.1']",[],[],"['processed_transcript', 'protein_coding']","['ENSMUSG00000092345.1', 'ENSMUSG00000038607.12']","['Gm20503', 'Gng10']","['ENSMUST00000126507.1', 'ENSMUST00000041160.12', 'ENSMUST00000174664.1']","['ENSMUST00000126507.1', 'ENSMUST00000041160.12', 'ENSMUST00000174664.1']",['protein_coding']
chr5_31701977_31730966_+,10,602,chr5,31701977,31730966,+,GT-AG,GT,AG,annotated on 5',annotated on 3',0,1,"['ENSMUST00000201352.3', 'ENSMUST00000202815.3', 'ENSMUST00000201487.3', 'ENSMUST00000201592.3', 'ENSMUST00000201107.3', 'ENSMUST00000201202.3', 'ENSMUST00000114515.8', 'ENSMUST00000202293.3', 'ENSMUST00000200705.1']","['ENSMUST00000201352.3', 'ENSMUST00000202815.3', 'ENSMUST00000201487.3', 'ENSMUST00000201107.3', 'ENSMUST00000201202.3', 'ENSMUST00000114515.8', 'ENSMUST00000063813.10', 'ENSMUST00000071531.11', 'ENSMUST00000131995.6', 'ENSMUST00000202293.3', 'ENSMUST00000200705.1']","['ENSMUST00000201352.3', 'ENSMUST00000202293.3', 'ENSMUST00000201107.3', 'ENSMUST00000200705.1', 'ENSMUST00000114515.8', 'ENSMUST00000201487.3', 'ENSMUST00000201202.3', 'ENSMUST00000063813.10', 'ENSMUST00000202815.3']","['ENSMUST00000202033.1', 'ENSMUST00000200694.3', 'ENSMUST00000201592.3']","['ENSMUST00000131995.6', 'ENSMUST00000071531.11']","['nonsense_mediated_decay', 'processed_transcript', 'protein_coding', 'retained_intron']","['ENSMUSG00000105617.4', 'ENSMUSG00000052139.18']","['Gm43809', 'Babam2']","['ENSMUST00000201352.3', 'ENSMUST00000202033.1', 'ENSMUST00000202293.3', 'ENSMUST00000201107.3', 'ENSMUST00000200705.1', 'ENSMUST00000114515.8', 'ENSMUST00000201592.3', 'ENSMUST00000201487.3', 'ENSMUST00000200694.3', 'ENSMUST00000201202.3', 'ENSMUST00000063813.10', 'ENSMUST00000202815.3']","['ENSMUST00000201352.3', 'ENSMUST00000202293.3', 'ENSMUST00000071531.11', 'ENSMUST00000201107.3', 'ENSMUST00000200705.1', 'ENSMUST00000114515.8', 'ENSMUST00000131995.6', 'ENSMUST00000201487.3', 'ENSMUST00000201202.3', 'ENSMUST00000063813.10', 'ENSMUST00000202815.3']","['processed_transcript', 'protein_coding']"
chr5_32738146_32738387_-,13,676,chr5,32738146,32738387,-,GT-AG,GT,AG,annotated on 5',annotated on 3',1,0,"['ENSMUST00000142779.7', 'ENSMUST00000061895.15', 'ENSMUST00000202283.4', 'ENSMUST00000201980.4', 'ENSMUST00000142957.5', 'ENSMUST00000071829.11', 'ENSMUST00000120591.7', 'ENSMUST00000144673.2', 'ENSMUST00000197787.4']","['ENSMUST00000061895.15', 'ENSMUST00000202283.4', 'ENSMUST00000201980.4', 'ENSMUST00000142957.5', 'ENSMUST00000120591.7', 'ENSMUST00000144673.2', 'ENSMUST00000197787.4']","['ENSMUST00000061895.15', 'ENSMUST00000142957.5', 'ENSMUST00000201980.4', 'ENSMUST00000144673.2', 'ENSMUST00000120591.7', 'ENSMUST00000197787.4', 'ENSMUST00000202283.4']","['ENSMUST00000142779.7', 'ENSMUST00000071829.11', 'ENSMUST00000200390.4']",[],"['nonsense_mediated_decay', 'protein_coding', 'retained_intron']","['ENSMUSG00000023452.19', 'ENSMUSG00000093574.1']","['Pisd', 'Gm20671']","['ENSMUST00000071829.11', 'ENSMUST00000200390.4', 'ENSMUST00000061895.15', 'ENSMUST00000142957.5', 'ENSMUST00000201980.4', 'ENSMUST00000144673.2', 'ENSMUST00000120591.7', 'ENSMUST00000197787.4', 'ENSMUST00000202283.4', 'ENSMUST00000142779.7']","['ENSMUST00000061895.15', 'ENSMUST00000142957.5', 'ENSMUST00000201980.4', 'ENSMUST00000144673.2', 'ENSMUST00000120591.7', 'ENSMUST00000197787.4', 'ENSMUST00000202283.4']",['protein_coding']
chr5_65460572_65468392_-,26,2115,chr5,65460572,65468392,-,GT-AG,GT,AG,annotated on 5',annotated on 3',1,0,"['ENSMUST00000196121.1', 'ENSMUST00000139122.7', 'ENSMUST00000121661.7', 'ENSMUST00000040532.11', 'ENSMUST00000149167.1']","['ENSMUST00000139122.7', 'ENSMUST00000121661.7', 'ENSMUST00000040532.11', 'ENSMUST00000149167.1']","['ENSMUST00000040532.11', 'ENSMUST00000121661.7', 'ENSMUST00000139122.7', 'ENSMUST00000149167.1']","['ENSMUST00000144562.1', 'ENSMUST00000196121.1']",[],"['nonsense_mediated_decay', 'protein_coding', 'retained_intron']","['ENSMUSG00000105835.1', 'ENSMUSG00000037822.12']","['Gm43552', 'Smim14']","['ENSMUST00000040532.11', 'ENSMUST00000139122.7', 'ENSMUST00000196121.1', 'ENSMUST00000121661.7', 'ENSMUST00000149167.1', 'ENSMUST00000144562.1']","['ENSMUST00000040532.11', 'ENSMUST00000121661.7', 'ENSMUST00000139122.7', 'ENSMUST00000149167.1']",['protein_coding']
chr5_65468501_65492735_-,25,2019,chr5,65468501,65492735,-,GT-AG,GT,AG,annotated on 5',annotated on 3',1,0,"['ENSMUST00000196121.1', 'ENSMUST00000139122.7', 'ENSMUST00000040532.11', 'ENSMUST00000144562.1']","['ENSMUST00000196121.1', 'ENSMUST00000139122.7', 'ENSMUST00000121661.7', 'ENSMUST00000040532.11', 'ENSMUST00000149167.1', 'ENSMUST00000125954.2', 'ENSMUST00000144562.1']","['ENSMUST00000040532.11', 'ENSMUST00000144562.1', 'ENSMUST00000196121.1', 'ENSMUST00000139122.7']",[],"['ENSMUST00000149167.1', 'ENSMUST00000125954.2', 'ENSMUST00000121661.7']","['nonsense_mediated_decay', 'protein_coding', 'retained_intron']","['ENSMUSG00000105835.1', 'ENSMUSG00000037822.12']","['Gm43552', 'Smim14']","['ENSMUST00000040532.11', 'ENSMUST00000144562.1', 'ENSMUST00000196121.1', 'ENSMUST00000139122.7']","['ENSMUST00000125954.2', 'ENSMUST00000040532.11', 'ENSMUST00000139122.7', 'ENSMUST00000196121.1', 'ENSMUST00000121661.7', 'ENSMUST00000149167.1', 'ENSMUST00000144562.1']",['protein_coding']
chr5_114809331_114813779_-,5,232,chr5,114809331,114813779,-,GT-AG,GT,AG,annotated on 5',annotated on 3',1,0,"['ENSMUST00000112160.3', 'ENSMUST00000061251.5']","['ENSMUST00000112160.3', 'ENSMUST00000140374.1']",['ENSMUST00000112160.3'],['ENSMUST00000061251.5'],['ENSMUST00000140374.1'],['protein_coding'],"['ENSMUSG00000072694.7', 'ENSMUSG00000092252.1']","['1500011B03Rik', 'Gm20499']","['ENSMUST00000112160.3', 'ENSMUST00000061251.5']","['ENSMUST00000112160.3', 'ENSMUST00000140374.1']",['protein_coding']
chr5_123512707_123517736_-,12,696,chr5,123512707,123517736,-,GT-AG,GT,AG,annotated on 5',annotated on 3',1,0,"['ENSMUST00000125652.7', 'ENSMUST00000139398.7', 'ENSMUST00000111587.9', 'ENSMUST00000197682.5', 'ENSMUST00000111586.7']","['ENSMUST00000125652.7', 'ENSMUST00000139398.7', 'ENSMUST00000111587.9', 'ENSMUST00000197682.5']","['ENSMUST00000111587.9', 'ENSMUST00000197682.5', 'ENSMUST00000139398.7', 'ENSMUST00000125652.7', 'ENSMUST00000200247.4']",['ENSMUST00000111586.7'],[],"['nonsense_mediated_decay', 'protein_coding']","['ENSMUSG00000029433.16', 'ENSMUSG00000114278.2']","['Diablo', 'Gm49027']","['ENSMUST00000111587.9', 'ENSMUST00000197682.5', 'ENSMUST00000139398.7', 'ENSMUST00000125652.7', 'ENSMUST00000111586.7', 'ENSMUST00000200247.4']","['ENSMUST00000111587.9', 'ENSMUST00000197682.5', 'ENSMUST00000139398.7', 'ENSMUST00000125652.7', 'ENSMUST00000200247.4']",['protein_coding']
chr5_123518065_123520040_-,12,721,chr5,123518065,123520040,-,GT-AG,GT,AG,annotated on 5',annotated on 3',1,0,"['ENSMUST00000125652.7', 'ENSMUST00000139398.7', 'ENSMUST00000111587.9', 'ENSMUST00000197682.5', 'ENSMUST00000200247.4', 'ENSMUST00000145152.7', 'ENSMUST00000111586.7', 'ENSMUST00000031385.6', 'ENSMUST00000125047.1', 'ENSMUST00000149334.1']","['ENSMUST00000125652.7', 'ENSMUST00000139398.7', 'ENSMUST00000111587.9', 'ENSMUST00000197682.5', 'ENSMUST00000200247.4', 'ENSMUST00000145152.7', 'ENSMUST00000111586.7', 'ENSMUST00000031385.6', 'ENSMUST00000125047.1', 'ENSMUST00000149334.1']","['ENSMUST00000111587.9', 'ENSMUST00000145152.7', 'ENSMUST00000197682.5', 'ENSMUST00000031385.6', 'ENSMUST00000139398.7', 'ENSMUST00000125047.1', 'ENSMUST00000125652.7', 'ENSMUST00000111586.7', 'ENSMUST00000200247.4', 'ENSMUST00000149334.1']",[],[],"['nonsense_mediated_decay', 'protein_coding', 'retained_intron']","['ENSMUSG00000029433.16', 'ENSMUSG00000114278.2']","['Diablo', 'Gm49027']","['ENSMUST00000111587.9', 'ENSMUST00000145152.7', 'ENSMUST00000197682.5', 'ENSMUST00000031385.6', 'ENSMUST00000139398.7', 'ENSMUST00000125047.1', 'ENSMUST00000125652.7', 'ENSMUST00000111586.7', 'ENSMUST00000200247.4', 'ENSMUST00000149334.1']","['ENSMUST00000111587.9', 'ENSMUST00000145152.7', 'ENSMUST00000197682.5', 'ENSMUST00000031385.6', 'ENSMUST00000139398.7', 'ENSMUST00000125047.1', 'ENSMUST00000125652.7', 'ENSMUST00000111586.7', 'ENSMUST00000200247.4', 'ENSMUST00000149334.1']",['protein_coding']
chr5_123520172_123523254_-,12,621,chr5,123520172,123523254,-,GT-AG,GT,AG,annotated on 5',annotated on 3',1,0,"['ENSMUST00000125652.7', 'ENSMUST00000139398.7', 'ENSMUST00000111587.9', 'ENSMUST00000197682.5', 'ENSMUST00000200247.4', 'ENSMUST00000145152.7', 'ENSMUST00000111586.7', 'ENSMUST00000031385.6', 'ENSMUST00000125047.1']","['ENSMUST00000125652.7', 'ENSMUST00000139398.7', 'ENSMUST00000111587.9', 'ENSMUST00000197682.5', 'ENSMUST00000200247.4', 'ENSMUST00000145152.7', 'ENSMUST00000111586.7', 'ENSMUST00000031385.6', 'ENSMUST00000125047.1']","['ENSMUST00000111587.9', 'ENSMUST00000145152.7', 'ENSMUST00000197682.5', 'ENSMUST00000031385.6', 'ENSMUST00000139398.7', 'ENSMUST00000125047.1', 'ENSMUST00000125652.7', 'ENSMUST00000111586.7', 'ENSMUST00000200247.4']",[],[],"['nonsense_mediated_decay', 'protein_coding', 'retained_intron']","['ENSMUSG00000029433.16', 'ENSMUSG00000114278.2']","['Diablo', 'Gm49027']","['ENSMUST00000111587.9', 'ENSMUST00000145152.7', 'ENSMUST00000197682.5', 'ENSMUST00000031385.6', 'ENSMUST00000139398.7', 'ENSMUST00000125047.1', 'ENSMUST00000125652.7', 'ENSMUST00000111586.7', 'ENSMUST00000200247.4']","['ENSMUST00000111587.9', 'ENSMUST00000145152.7', 'ENSMUST00000197682.5', 'ENSMUST00000031385.6', 'ENSMUST00000139398.7', 'ENSMUST00000125047.1', 'ENSMUST00000125652.7', 'ENSMUST00000111586.7', 'ENSMUST00000200247.4']",['protein_coding']
chr5_123523381_123524070_-,12,465,chr5,123523381,123524070,-,GT-AG,GT,AG,annotated on 5',annotated on 3',1,0,"['ENSMUST00000125652.7', 'ENSMUST00000139398.7', 'ENSMUST00000111587.9', 'ENSMUST00000200247.4', 'ENSMUST00000145152.7', 'ENSMUST00000111586.7', 'ENSMUST00000031385.6']","['ENSMUST00000125652.7', 'ENSMUST00000139398.7', 'ENSMUST00000111587.9', 'ENSMUST00000200247.4', 'ENSMUST00000145152.7', 'ENSMUST00000111586.7', 'ENSMUST00000031385.6']","['ENSMUST00000111587.9', 'ENSMUST00000145152.7', 'ENSMUST00000197682.5', 'ENSMUST00000031385.6', 'ENSMUST00000139398.7', 'ENSMUST00000125652.7', 'ENSMUST00000111586.7', 'ENSMUST00000200247.4']",[],[],"['nonsense_mediated_decay', 'protein_coding']","['ENSMUSG00000029433.16', 'ENSMUSG00000114278.2']","['Diablo', 'Gm49027']","['ENSMUST00000111587.9', 'ENSMUST00000145152.7', 'ENSMUST00000197682.5', 'ENSMUST00000031385.6', 'ENSMUST00000139398.7', 'ENSMUST00000125652.7', 'ENSMUST00000111586.7', 'ENSMUST00000200247.4']","['ENSMUST00000111587.9', 'ENSMUST00000145152.7', 'ENSMUST00000197682.5', 'ENSMUST00000031385.6', 'ENSMUST00000139398.7', 'ENSMUST00000125652.7', 'ENSMUST00000111586.7', 'ENSMUST00000200247.4']",['protein_coding']
chr5_137638738_137639121_+,8,253,chr5,137638738,137639121,+,GT-AG,GT,AG,annotated on 5',annotated on 3',0,1,"['ENSMUST00000031734.15', 'ENSMUST00000177545.1', 'ENSMUST00000176667.7', 'ENSMUST00000175968.7']","['ENSMUST00000031734.15', 'ENSMUST00000177545.1', 'ENSMUST00000176667.7', 'ENSMUST00000175968.7', 'ENSMUST00000176871.1']","['ENSMUST00000175968.7', 'ENSMUST00000176667.7', 'ENSMUST00000177545.1', 'ENSMUST00000031734.15']",[],['ENSMUST00000176871.1'],"['nonsense_mediated_decay', 'protein_coding']","['ENSMUSG00000029720.9', 'ENSMUSG00000093445.7']","['Gm20605', 'Lrch4']","['ENSMUST00000175968.7', 'ENSMUST00000176667.7', 'ENSMUST00000177545.1', 'ENSMUST00000031734.15']","['ENSMUST00000176667.7', 'ENSMUST00000177545.1', 'ENSMUST00000176871.1', 'ENSMUST00000175968.7', 'ENSMUST00000031734.15']",['protein_coding']
chr5_137639655_137640764_+,8,290,chr5,137639655,137640764,+,GT-AG,GT,AG,annotated on 5',annotated on 3',0,1,"['ENSMUST00000031734.15', 'ENSMUST00000177545.1', 'ENSMUST00000176667.7', 'ENSMUST00000175968.7']",['ENSMUST00000176667.7'],['ENSMUST00000176667.7'],"['ENSMUST00000175968.7', 'ENSMUST00000177545.1', 'ENSMUST00000031734.15']",[],"['nonsense_mediated_decay', 'protein_coding']","['ENSMUSG00000029720.9', 'ENSMUSG00000093445.7']","['Gm20605', 'Lrch4']","['ENSMUST00000175968.7', 'ENSMUST00000176667.7', 'ENSMUST00000177545.1', 'ENSMUST00000031734.15']",['ENSMUST00000176667.7'],['protein_coding']
chr6_39592712_39596450_+,19,852,chr6,39592712,39596450,+,GT-AG,GT,AG,annotated on 5',annotated on 3',0,1,"['ENSMUST00000135671.7', 'ENSMUST00000119379.1', 'ENSMUST00000146793.1']","['ENSMUST00000126621.2', 'ENSMUST00000135671.7', 'ENSMUST00000119379.1', 'ENSMUST00000002490.6', 'ENSMUST00000146793.1']","['ENSMUST00000119379.1', 'ENSMUST00000146793.1', 'ENSMUST00000002490.6', 'ENSMUST00000135671.7']",[],['ENSMUST00000126621.2'],"['nonsense_mediated_decay', 'processed_transcript', 'protein_coding', 'retained_intron']","['ENSMUSG00000107071.1', 'ENSMUSG00000002416.13']","['Gm42420', 'Ndufb2']","['ENSMUST00000119379.1', 'ENSMUST00000146793.1', 'ENSMUST00000002490.6', 'ENSMUST00000135671.7']","['ENSMUST00000119379.1', 'ENSMUST00000146793.1', 'ENSMUST00000126621.2', 'ENSMUST00000135671.7', 'ENSMUST00000002490.6']",['protein_coding']
chr6_39596595_39598265_+,20,1177,chr6,39596595,39598265,+,GT-AG,GT,AG,annotated on 5',annotated on 3',0,1,"['ENSMUST00000126621.2', 'ENSMUST00000135671.7', 'ENSMUST00000119379.1', 'ENSMUST00000002490.6']","['ENSMUST00000135671.7', 'ENSMUST00000119379.1', 'ENSMUST00000002490.6', 'ENSMUST00000128064.1']","['ENSMUST00000119379.1', 'ENSMUST00000002490.6', 'ENSMUST00000135671.7']",['ENSMUST00000126621.2'],['ENSMUST00000128064.1'],"['nonsense_mediated_decay', 'processed_transcript', 'protein_coding', 'retained_intron']","['ENSMUSG00000107071.1', 'ENSMUSG00000002416.13']","['Gm42420', 'Ndufb2']","['ENSMUST00000119379.1', 'ENSMUST00000126621.2', 'ENSMUST00000135671.7', 'ENSMUST00000002490.6']","['ENSMUST00000119379.1', 'ENSMUST00000128064.1', 'ENSMUST00000002490.6', 'ENSMUST00000135671.7']",['protein_coding']
chr6_87819643_87821507_-,11,299,chr6,87819643,87821507,-,GT-AG,GT,AG,annotated on 5',annotated on 3',1,0,"['ENSMUST00000204169.1', 'ENSMUST00000089497.6', 'ENSMUST00000204881.2']","['ENSMUST00000204169.1', 'ENSMUST00000089497.6']","['ENSMUST00000204169.1', 'ENSMUST00000089497.6']","['ENSMUST00000204419.1', 'ENSMUST00000203429.1', 'ENSMUST00000204881.2']",[],"['nonsense_mediated_decay', 'protein_coding', 'retained_intron']","['ENSMUSG00000107928.1', 'ENSMUSG00000030056.8']","['Gm45140', 'Isy1']","['ENSMUST00000203429.1', 'ENSMUST00000204169.1', 'ENSMUST00000204419.1', 'ENSMUST00000089497.6', 'ENSMUST00000204881.2']","['ENSMUST00000204169.1', 'ENSMUST00000089497.6']",['protein_coding']
chr6_87821629_87822339_-,11,319,chr6,87821629,87822339,-,GT-AG,GT,AG,annotated on 5',annotated on 3',1,0,"['ENSMUST00000204419.1', 'ENSMUST00000089497.6', 'ENSMUST00000204881.2', 'ENSMUST00000203429.1']","['ENSMUST00000204419.1', 'ENSMUST00000089497.6', 'ENSMUST00000204881.2', 'ENSMUST00000203429.1']","['ENSMUST00000204419.1', 'ENSMUST00000203429.1', 'ENSMUST00000204881.2', 'ENSMUST00000089497.6']",['ENSMUST00000205070.2'],['ENSMUST00000204169.1'],"['nonsense_mediated_decay', 'protein_coding', 'retained_intron']","['ENSMUSG00000107928.1', 'ENSMUSG00000030056.8']","['Gm45140', 'Isy1']","['ENSMUST00000203429.1', 'ENSMUST00000204419.1', 'ENSMUST00000089497.6', 'ENSMUST00000205070.2', 'ENSMUST00000204881.2']","['ENSMUST00000203429.1', 'ENSMUST00000204169.1', 'ENSMUST00000204419.1', 'ENSMUST00000089497.6', 'ENSMUST00000204881.2']",['protein_coding']
chr6_87822462_87825370_-,11,298,chr6,87822462,87825370,-,GT-AG,GT,AG,annotated on 5',annotated on 3',1,0,"['ENSMUST00000204419.1', 'ENSMUST00000089497.6', 'ENSMUST00000204881.2', 'ENSMUST00000205070.2']","['ENSMUST00000204419.1', 'ENSMUST00000089497.6', 'ENSMUST00000204881.2', 'ENSMUST00000205070.2']","['ENSMUST00000204419.1', 'ENSMUST00000205070.2', 'ENSMUST00000204881.2', 'ENSMUST00000089497.6']",[],['ENSMUST00000203429.1'],"['nonsense_mediated_decay', 'protein_coding', 'retained_intron']","['ENSMUSG00000107928.1', 'ENSMUSG00000030056.8']","['Gm45140', 'Isy1']","['ENSMUST00000204419.1', 'ENSMUST00000205070.2', 'ENSMUST00000204881.2', 'ENSMUST00000089497.6']","['ENSMUST00000203429.1', 'ENSMUST00000204419.1', 'ENSMUST00000089497.6', 'ENSMUST00000205070.2', 'ENSMUST00000204881.2']",['protein_coding']
chr6_124739413_124740518_-,31,1885,chr6,124739413,124740518,-,GT-AG,GT,AG,annotated on 5',annotated on 3',1,0,"['ENSMUST00000129823.1', 'ENSMUST00000004389.5', 'ENSMUST00000137318.1', 'ENSMUST00000129411.6']","['ENSMUST00000004389.5', 'ENSMUST00000137318.1', 'ENSMUST00000129411.6']","['ENSMUST00000137318.1', 'ENSMUST00000004389.5', 'ENSMUST00000129411.6']",['ENSMUST00000129823.1'],[],"['nonsense_mediated_decay', 'processed_transcript', 'protein_coding', 'retained_intron']","['ENSMUSG00000072772.3', 'ENSMUSG00000107478.1']","['Grcc10', 'Gm45234']","['ENSMUST00000004389.5', 'ENSMUST00000129823.1', 'ENSMUST00000137318.1', 'ENSMUST00000129411.6']","['ENSMUST00000137318.1', 'ENSMUST00000004389.5', 'ENSMUST00000129411.6']",['protein_coding']
chr6_124740695_124740919_-,31,2776,chr6,124740695,124740919,-,GT-AG,GT,AG,annotated on 5',annotated on 3',1,0,"['ENSMUST00000004389.5', 'ENSMUST00000140423.1']","['ENSMUST00000129823.1', 'ENSMUST00000004389.5', 'ENSMUST00000140423.1', 'ENSMUST00000129411.6']","['ENSMUST00000140423.1', 'ENSMUST00000004389.5']",[],"['ENSMUST00000137318.1', 'ENSMUST00000129823.1', 'ENSMUST00000129411.6']","['nonsense_mediated_decay', 'processed_transcript', 'protein_coding', 'retained_intron']","['ENSMUSG00000072772.3', 'ENSMUSG00000107478.1']","['Grcc10', 'Gm45234']","['ENSMUST00000140423.1', 'ENSMUST00000004389.5']","['ENSMUST00000129823.1', 'ENSMUST00000004389.5', 'ENSMUST00000137318.1', 'ENSMUST00000129411.6', 'ENSMUST00000140423.1']",['protein_coding']
chr7_30641220_30641307_-,23,1246,chr7,30641220,30641307,-,GT-AG,GT,AG,annotated on 5',annotated on 3',1,0,"['ENSMUST00000108141.1', 'ENSMUST00000042726.13', 'ENSMUST00000146232.1']","['ENSMUST00000108141.1', 'ENSMUST00000042726.13', 'ENSMUST00000146232.1']","['ENSMUST00000146232.1', 'ENSMUST00000108141.1', 'ENSMUST00000042726.13']",[],[],"['protein_coding', 'retained_intron']","['ENSMUSG00000036733.16', 'ENSMUSG00000094365.1']","['Rbm42', 'Gm21982']","['ENSMUST00000146232.1', 'ENSMUST00000108141.1', 'ENSMUST00000042726.13']","['ENSMUST00000146232.1', 'ENSMUST00000108141.1', 'ENSMUST00000042726.13']","['processed_transcript', 'protein_coding']"
chr7_30641502_30644498_-,24,1424,chr7,30641502,30644498,-,GT-AG,GT,AG,annotated on 5',annotated on 3',1,0,"['ENSMUST00000108141.1', 'ENSMUST00000042726.13', 'ENSMUST00000146232.1']","['ENSMUST00000108141.1', 'ENSMUST00000042726.13', 'ENSMUST00000146232.1']","['ENSMUST00000146232.1', 'ENSMUST00000108141.1', 'ENSMUST00000042726.13']",[],[],"['protein_coding', 'retained_intron']","['ENSMUSG00000036733.16', 'ENSMUSG00000094365.1']","['Rbm42', 'Gm21982']","['ENSMUST00000146232.1', 'ENSMUST00000108141.1', 'ENSMUST00000042726.13']","['ENSMUST00000146232.1', 'ENSMUST00000108141.1', 'ENSMUST00000042726.13']","['processed_transcript', 'protein_coding']"
chr7_30644616_30644825_-,24,1738,chr7,30644616,30644825,-,GT-AG,GT,AG,annotated on 5',annotated on 3',1,0,"['ENSMUST00000108141.1', 'ENSMUST00000042726.13', 'ENSMUST00000146232.1', 'ENSMUST00000140550.1']","['ENSMUST00000108141.1', 'ENSMUST00000042726.13', 'ENSMUST00000146232.1', 'ENSMUST00000140550.1']","['ENSMUST00000146232.1', 'ENSMUST00000140550.1', 'ENSMUST00000108141.1', 'ENSMUST00000042726.13']",[],[],"['protein_coding', 'retained_intron']","['ENSMUSG00000036733.16', 'ENSMUSG00000094365.1']","['Rbm42', 'Gm21982']","['ENSMUST00000146232.1', 'ENSMUST00000140550.1', 'ENSMUST00000108141.1', 'ENSMUST00000042726.13']","['ENSMUST00000146232.1', 'ENSMUST00000140550.1', 'ENSMUST00000108141.1', 'ENSMUST00000042726.13']","['processed_transcript', 'protein_coding']"
chr7_30645158_30645666_-,22,2066,chr7,30645158,30645666,-,GT-AG,GT,AG,annotated on 5',annotated on 3',1,0,"['ENSMUST00000108141.1', 'ENSMUST00000042726.13', 'ENSMUST00000146232.1', 'ENSMUST00000140550.1']","['ENSMUST00000108141.1', 'ENSMUST00000042726.13', 'ENSMUST00000146232.1', 'ENSMUST00000140550.1']","['ENSMUST00000146232.1', 'ENSMUST00000140550.1', 'ENSMUST00000108141.1', 'ENSMUST00000042726.13']",[],[],"['protein_coding', 'retained_intron']","['ENSMUSG00000036733.16', 'ENSMUSG00000094365.1']","['Rbm42', 'Gm21982']","['ENSMUST00000146232.1', 'ENSMUST00000140550.1', 'ENSMUST00000108141.1', 'ENSMUST00000042726.13']","['ENSMUST00000146232.1', 'ENSMUST00000140550.1', 'ENSMUST00000108141.1', 'ENSMUST00000042726.13']","['processed_transcript', 'protein_coding']"
chr7_30645821_30647559_-,15,755,chr7,30645821,30647559,-,GT-AG,GT,AG,annotated on 5',annotated on 3',1,0,"['ENSMUST00000108141.1', 'ENSMUST00000042726.13', 'ENSMUST00000146232.1']",['ENSMUST00000108141.1'],"['ENSMUST00000146232.1', 'ENSMUST00000108141.1', 'ENSMUST00000042726.13']",[],['ENSMUST00000140550.1'],"['protein_coding', 'retained_intron']","['ENSMUSG00000036733.16', 'ENSMUSG00000094365.1']","['Rbm42', 'Gm21982']","['ENSMUST00000146232.1', 'ENSMUST00000108141.1', 'ENSMUST00000042726.13']","['ENSMUST00000146232.1', 'ENSMUST00000140550.1', 'ENSMUST00000108141.1', 'ENSMUST00000042726.13']","['processed_transcript', 'protein_coding']"
chr7_30645842_30645918_-,16,1187,chr7,30645842,30645918,-,GT-AG,GT,AG,annotated on 5',annotated on 3',1,0,"['ENSMUST00000042726.13', 'ENSMUST00000146232.1', 'ENSMUST00000140550.1']","['ENSMUST00000042726.13', 'ENSMUST00000146232.1', 'ENSMUST00000140550.1']","['ENSMUST00000146232.1', 'ENSMUST00000042726.13', 'ENSMUST00000140550.1']",[],['ENSMUST00000108141.1'],"['protein_coding', 'retained_intron']","['ENSMUSG00000036733.16', 'ENSMUSG00000094365.1']","['Rbm42', 'Gm21982']","['ENSMUST00000146232.1', 'ENSMUST00000042726.13', 'ENSMUST00000140550.1']","['ENSMUST00000146232.1', 'ENSMUST00000140550.1', 'ENSMUST00000108141.1', 'ENSMUST00000042726.13']","['processed_transcript', 'protein_coding']"
chr7_30645984_30647559_-,16,1129,chr7,30645984,30647559,-,GT-AG,GT,AG,annotated on 5',annotated on 3',1,0,"['ENSMUST00000108141.1', 'ENSMUST00000042726.13', 'ENSMUST00000146232.1']","['ENSMUST00000042726.13', 'ENSMUST00000146232.1']","['ENSMUST00000146232.1', 'ENSMUST00000042726.13']",['ENSMUST00000108141.1'],['ENSMUST00000140550.1'],"['protein_coding', 'retained_intron']","['ENSMUSG00000036733.16', 'ENSMUSG00000094365.1']","['Rbm42', 'Gm21982']","['ENSMUST00000146232.1', 'ENSMUST00000108141.1', 'ENSMUST00000042726.13']","['ENSMUST00000146232.1', 'ENSMUST00000042726.13', 'ENSMUST00000140550.1']","['processed_transcript', 'protein_coding']"
chr7_30647634_30647730_-,21,1357,chr7,30647634,30647730,-,GT-AG,GT,AG,annotated on 5',annotated on 3',1,0,"['ENSMUST00000108141.1', 'ENSMUST00000042726.13', 'ENSMUST00000146232.1']","['ENSMUST00000108141.1', 'ENSMUST00000042726.13', 'ENSMUST00000146232.1']","['ENSMUST00000146232.1', 'ENSMUST00000108141.1', 'ENSMUST00000042726.13']",[],[],"['protein_coding', 'retained_intron']","['ENSMUSG00000036733.16', 'ENSMUSG00000094365.1']","['Rbm42', 'Gm21982']","['ENSMUST00000146232.1', 'ENSMUST00000108141.1', 'ENSMUST00000042726.13']","['ENSMUST00000146232.1', 'ENSMUST00000108141.1', 'ENSMUST00000042726.13']","['processed_transcript', 'protein_coding']"
chr7_30647815_30649583_-,20,1250,chr7,30647815,30649583,-,GT-AG,GT,AG,annotated on 5',annotated on 3',1,0,"['ENSMUST00000108141.1', 'ENSMUST00000042726.13', 'ENSMUST00000146232.1']","['ENSMUST00000108141.1', 'ENSMUST00000042726.13', 'ENSMUST00000146232.1']","['ENSMUST00000146232.1', 'ENSMUST00000108141.1', 'ENSMUST00000042726.13']",[],[],"['protein_coding', 'retained_intron']","['ENSMUSG00000036733.16', 'ENSMUSG00000094365.1']","['Rbm42', 'Gm21982']","['ENSMUST00000146232.1', 'ENSMUST00000108141.1', 'ENSMUST00000042726.13']","['ENSMUST00000146232.1', 'ENSMUST00000108141.1', 'ENSMUST00000042726.13']","['processed_transcript', 'protein_coding']"
chr7_30649719_30649937_-,20,662,chr7,30649719,30649937,-,GT-AG,GT,AG,annotated on 5',annotated on 3',1,0,"['ENSMUST00000108141.1', 'ENSMUST00000042726.13', 'ENSMUST00000146232.1']","['ENSMUST00000108141.1', 'ENSMUST00000042726.13', 'ENSMUST00000146232.1']","['ENSMUST00000146232.1', 'ENSMUST00000108141.1', 'ENSMUST00000042726.13']",[],[],"['protein_coding', 'retained_intron']","['ENSMUSG00000036733.16', 'ENSMUSG00000094365.1']","['Rbm42', 'Gm21982']","['ENSMUST00000146232.1', 'ENSMUST00000108141.1', 'ENSMUST00000042726.13']","['ENSMUST00000146232.1', 'ENSMUST00000108141.1', 'ENSMUST00000042726.13']","['processed_transcript', 'protein_coding']"
chr7_45127568_45128541_-,8,313,chr7,45127568,45128541,-,GT-AG,GT,AG,annotated on 5',annotated on 3',1,0,"['ENSMUST00000209711.1', 'ENSMUST00000209626.1']","['ENSMUST00000150350.8', 'ENSMUST00000209812.1', 'ENSMUST00000211037.1', 'ENSMUST00000210967.1', 'ENSMUST00000209467.1', 'ENSMUST00000209927.1', 'ENSMUST00000209711.1', 'ENSMUST00000209212.1', 'ENSMUST00000210191.1', 'ENSMUST00000209626.1', 'ENSMUST00000209815.1', 'ENSMUST00000210918.1', 'ENSMUST00000211438.1', 'ENSMUST00000210134.1', 'ENSMUST00000209965.1']","['ENSMUST00000209626.1', 'ENSMUST00000209711.1']",[],"['ENSMUST00000210967.1', 'ENSMUST00000209927.1', 'ENSMUST00000210191.1', 'ENSMUST00000209467.1', 'ENSMUST00000150350.8', 'ENSMUST00000209812.1', 'ENSMUST00000209212.1', 'ENSMUST00000209815.1', 'ENSMUST00000210134.1', 'ENSMUST00000211438.1', 'ENSMUST00000209965.1', 'ENSMUST00000211037.1', 'ENSMUST00000210918.1']","['nonsense_mediated_decay', 'processed_transcript', 'protein_coding', 'retained_intron']","['ENSMUSG00000089989.10', 'ENSMUSG00000074129.14']","['Gm45713', 'Rpl13a']","['ENSMUST00000209626.1', 'ENSMUST00000209711.1']","['ENSMUST00000210967.1', 'ENSMUST00000209927.1', 'ENSMUST00000210191.1', 'ENSMUST00000209467.1', 'ENSMUST00000209711.1', 'ENSMUST00000150350.8', 'ENSMUST00000209812.1', 'ENSMUST00000209212.1', 'ENSMUST00000209815.1', 'ENSMUST00000209626.1', 'ENSMUST00000210134.1', 'ENSMUST00000211438.1', 'ENSMUST00000209965.1', 'ENSMUST00000211037.1', 'ENSMUST00000210918.1']",['protein_coding']
chr7_45127568_45128699_-,38,5222,chr7,45127568,45128699,-,GT-AG,GT,AG,annotated on 5',annotated on 3',1,0,"['ENSMUST00000150350.8', 'ENSMUST00000209812.1', 'ENSMUST00000211037.1', 'ENSMUST00000210967.1', 'ENSMUST00000209927.1', 'ENSMUST00000209212.1', 'ENSMUST00000210191.1', 'ENSMUST00000209815.1', 'ENSMUST00000210918.1', 'ENSMUST00000211438.1', 'ENSMUST00000210134.1']","['ENSMUST00000150350.8', 'ENSMUST00000209812.1', 'ENSMUST00000211037.1', 'ENSMUST00000210967.1', 'ENSMUST00000209467.1', 'ENSMUST00000209927.1', 'ENSMUST00000209711.1', 'ENSMUST00000209212.1', 'ENSMUST00000210191.1', 'ENSMUST00000209626.1', 'ENSMUST00000209815.1', 'ENSMUST00000210918.1', 'ENSMUST00000211438.1', 'ENSMUST00000210134.1', 'ENSMUST00000209965.1']","['ENSMUST00000210967.1', 'ENSMUST00000209927.1', 'ENSMUST00000210191.1', 'ENSMUST00000150350.8', 'ENSMUST00000209812.1', 'ENSMUST00000209212.1', 'ENSMUST00000209815.1', 'ENSMUST00000210134.1', 'ENSMUST00000211438.1', 'ENSMUST00000211037.1', 'ENSMUST00000210918.1']",[],"['ENSMUST00000209711.1', 'ENSMUST00000209626.1', 'ENSMUST00000209965.1', 'ENSMUST00000209467.1']","['nonsense_mediated_decay', 'processed_transcript', 'protein_coding', 'retained_intron']","['ENSMUSG00000089989.10', 'ENSMUSG00000074129.14']","['Gm45713', 'Rpl13a']","['ENSMUST00000210967.1', 'ENSMUST00000209927.1', 'ENSMUST00000210191.1', 'ENSMUST00000150350.8', 'ENSMUST00000209812.1', 'ENSMUST00000209212.1', 'ENSMUST00000209815.1', 'ENSMUST00000210134.1', 'ENSMUST00000211438.1', 'ENSMUST00000211037.1', 'ENSMUST00000210918.1']","['ENSMUST00000210967.1', 'ENSMUST00000209927.1', 'ENSMUST00000210191.1', 'ENSMUST00000209467.1', 'ENSMUST00000209711.1', 'ENSMUST00000150350.8', 'ENSMUST00000209812.1', 'ENSMUST00000209212.1', 'ENSMUST00000209815.1', 'ENSMUST00000209626.1', 'ENSMUST00000210134.1', 'ENSMUST00000211438.1', 'ENSMUST00000209965.1', 'ENSMUST00000211037.1', 'ENSMUST00000210918.1']",['protein_coding']
chr7_45465324_45465976_-,19,986,chr7,45465324,45465976,-,GT-AG,GT,AG,annotated on 5',annotated on 3',1,0,"['ENSMUST00000211365.1', 'ENSMUST00000033093.9', 'ENSMUST00000210392.1', 'ENSMUST00000211615.1', 'ENSMUST00000210019.1']","['ENSMUST00000211365.1', 'ENSMUST00000033093.9', 'ENSMUST00000210392.1', 'ENSMUST00000211615.1', 'ENSMUST00000211195.1', 'ENSMUST00000210019.1']","['ENSMUST00000210019.1', 'ENSMUST00000033093.9', 'ENSMUST00000211365.1', 'ENSMUST00000210392.1', 'ENSMUST00000211615.1']",['ENSMUST00000210701.1'],['ENSMUST00000211195.1'],"['protein_coding', 'retained_intron']","['ENSMUSG00000003873.11', 'ENSMUSG00000109926.1']","['Bax', 'Gm45808']","['ENSMUST00000210019.1', 'ENSMUST00000210701.1', 'ENSMUST00000033093.9', 'ENSMUST00000211365.1', 'ENSMUST00000210392.1', 'ENSMUST00000211615.1']","['ENSMUST00000210019.1', 'ENSMUST00000033093.9', 'ENSMUST00000211195.1', 'ENSMUST00000211365.1', 'ENSMUST00000210392.1', 'ENSMUST00000211615.1']",['protein_coding']
chr7_45466123_45466219_-,18,1216,chr7,45466123,45466219,-,GT-AG,GT,AG,annotated on 5',annotated on 3',1,0,"['ENSMUST00000211365.1', 'ENSMUST00000033093.9', 'ENSMUST00000210392.1', 'ENSMUST00000211195.1', 'ENSMUST00000210019.1', 'ENSMUST00000210701.1']","['ENSMUST00000211365.1', 'ENSMUST00000033093.9', 'ENSMUST00000210392.1', 'ENSMUST00000210019.1', 'ENSMUST00000210701.1']","['ENSMUST00000210019.1', 'ENSMUST00000210701.1', 'ENSMUST00000033093.9', 'ENSMUST00000211365.1', 'ENSMUST00000210392.1']",['ENSMUST00000211195.1'],['ENSMUST00000211615.1'],"['protein_coding', 'retained_intron']","['ENSMUSG00000003873.11', 'ENSMUSG00000109926.1']","['Bax', 'Gm45808']","['ENSMUST00000210019.1', 'ENSMUST00000210701.1', 'ENSMUST00000033093.9', 'ENSMUST00000211195.1', 'ENSMUST00000211365.1', 'ENSMUST00000210392.1']","['ENSMUST00000210019.1', 'ENSMUST00000210701.1', 'ENSMUST00000033093.9', 'ENSMUST00000211365.1', 'ENSMUST00000210392.1', 'ENSMUST00000211615.1']",['protein_coding']
chr7_45466271_45466741_-,15,827,chr7,45466271,45466741,-,GT-AG,GT,AG,annotated on 5',annotated on 3',1,0,"['ENSMUST00000211365.1', 'ENSMUST00000033093.9', 'ENSMUST00000211195.1', 'ENSMUST00000210019.1']","['ENSMUST00000211365.1', 'ENSMUST00000033093.9', 'ENSMUST00000211195.1', 'ENSMUST00000210701.1']","['ENSMUST00000033093.9', 'ENSMUST00000211195.1', 'ENSMUST00000210019.1', 'ENSMUST00000211365.1']",[],['ENSMUST00000210701.1'],['protein_coding'],"['ENSMUSG00000003873.11', 'ENSMUSG00000109926.1']","['Bax', 'Gm45808']","['ENSMUST00000033093.9', 'ENSMUST00000211195.1', 'ENSMUST00000210019.1', 'ENSMUST00000211365.1']","['ENSMUST00000210019.1', 'ENSMUST00000210701.1', 'ENSMUST00000033093.9', 'ENSMUST00000211195.1', 'ENSMUST00000211365.1']",['protein_coding']
chr7_102226445_102236093_+,6,298,chr7,102226445,102236093,+,GT-AG,GT,AG,annotated on 5',annotated on 3',0,1,"['ENSMUST00000120879.7', 'ENSMUST00000146996.7', 'ENSMUST00000127804.7', 'ENSMUST00000143541.7', 'ENSMUST00000153020.7', 'ENSMUST00000156529.7', 'ENSMUST00000138479.7', 'ENSMUST00000129340.7', 'ENSMUST00000126914.7', 'ENSMUST00000033292.13', 'ENSMUST00000143759.7', 'ENSMUST00000145352.7', 'ENSMUST00000119816.8', 'ENSMUST00000150891.7', 'ENSMUST00000138753.7', 'ENSMUST00000142873.7', 'ENSMUST00000140058.7']","['ENSMUST00000120879.7', 'ENSMUST00000127804.7', 'ENSMUST00000143541.7', 'ENSMUST00000153020.7', 'ENSMUST00000156529.7', 'ENSMUST00000138479.7', 'ENSMUST00000126914.7', 'ENSMUST00000033292.13', 'ENSMUST00000143759.7', 'ENSMUST00000145352.7', 'ENSMUST00000119816.8', 'ENSMUST00000150891.7', 'ENSMUST00000138753.7', 'ENSMUST00000142873.7', 'ENSMUST00000120119.8', 'ENSMUST00000214560.1']","['ENSMUST00000033292.13', 'ENSMUST00000138753.7', 'ENSMUST00000153020.7', 'ENSMUST00000143541.7', 'ENSMUST00000120879.7', 'ENSMUST00000156529.7', 'ENSMUST00000119816.8', 'ENSMUST00000126914.7', 'ENSMUST00000127804.7', 'ENSMUST00000143759.7', 'ENSMUST00000150891.7', 'ENSMUST00000142873.7', 'ENSMUST00000145352.7', 'ENSMUST00000138479.7']","['ENSMUST00000146559.1', 'ENSMUST00000146996.7', 'ENSMUST00000129340.7', 'ENSMUST00000140631.1', 'ENSMUST00000140058.7']","['ENSMUST00000214560.1', 'ENSMUST00000120119.8']","['nonsense_mediated_decay', 'processed_transcript', 'protein_coding', 'retained_intron']","['ENSMUSG00000030990.18', 'ENSMUSG00000111339.1']","['Pgap2', 'AC139579.1']","['ENSMUST00000153020.7', 'ENSMUST00000140058.7', 'ENSMUST00000033292.13', 'ENSMUST00000143541.7', 'ENSMUST00000120879.7', 'ENSMUST00000119816.8', 'ENSMUST00000127804.7', 'ENSMUST00000142873.7', 'ENSMUST00000145352.7', 'ENSMUST00000138753.7', 'ENSMUST00000126914.7', 'ENSMUST00000146559.1', 'ENSMUST00000146996.7', 'ENSMUST00000143759.7', 'ENSMUST00000150891.7', 'ENSMUST00000138479.7', 'ENSMUST00000156529.7', 'ENSMUST00000129340.7', 'ENSMUST00000140631.1']","['ENSMUST00000033292.13', 'ENSMUST00000138753.7', 'ENSMUST00000153020.7', 'ENSMUST00000143541.7', 'ENSMUST00000120119.8', 'ENSMUST00000120879.7', 'ENSMUST00000156529.7', 'ENSMUST00000119816.8', 'ENSMUST00000126914.7', 'ENSMUST00000214560.1', 'ENSMUST00000127804.7', 'ENSMUST00000143759.7', 'ENSMUST00000150891.7', 'ENSMUST00000142873.7', 'ENSMUST00000145352.7', 'ENSMUST00000138479.7']","['processed_transcript', 'protein_coding']"
chr7_102236346_102236447_+,7,334,chr7,102236346,102236447,+,GT-AG,GT,AG,annotated on 5',annotated on 3',0,1,"['ENSMUST00000120879.7', 'ENSMUST00000153020.7', 'ENSMUST00000156529.7', 'ENSMUST00000138479.7', 'ENSMUST00000033292.13', 'ENSMUST00000145352.7', 'ENSMUST00000119816.8', 'ENSMUST00000150891.7', 'ENSMUST00000120119.8', 'ENSMUST00000214560.1', 'ENSMUST00000134621.1']","['ENSMUST00000120879.7', 'ENSMUST00000153020.7', 'ENSMUST00000156529.7', 'ENSMUST00000138479.7', 'ENSMUST00000129340.7', 'ENSMUST00000033292.13', 'ENSMUST00000133311.7', 'ENSMUST00000145352.7', 'ENSMUST00000119816.8', 'ENSMUST00000150891.7', 'ENSMUST00000140058.7', 'ENSMUST00000120119.8', 'ENSMUST00000214560.1', 'ENSMUST00000134621.1']","['ENSMUST00000033292.13', 'ENSMUST00000153020.7', 'ENSMUST00000120119.8', 'ENSMUST00000120879.7', 'ENSMUST00000156529.7', 'ENSMUST00000119816.8', 'ENSMUST00000214560.1', 'ENSMUST00000150891.7', 'ENSMUST00000134621.1', 'ENSMUST00000145352.7', 'ENSMUST00000138479.7']","['ENSMUST00000138753.7', 'ENSMUST00000143759.7', 'ENSMUST00000142873.7']","['ENSMUST00000140058.7', 'ENSMUST00000133311.7', 'ENSMUST00000129340.7']","['nonsense_mediated_decay', 'processed_transcript', 'protein_coding', 'retained_intron']","['ENSMUSG00000030990.18', 'ENSMUSG00000111339.1']","['Pgap2', 'AC139579.1']","['ENSMUST00000033292.13', 'ENSMUST00000138753.7', 'ENSMUST00000153020.7', 'ENSMUST00000120119.8', 'ENSMUST00000120879.7', 'ENSMUST00000156529.7', 'ENSMUST00000119816.8', 'ENSMUST00000214560.1', 'ENSMUST00000143759.7', 'ENSMUST00000150891.7', 'ENSMUST00000142873.7', 'ENSMUST00000134621.1', 'ENSMUST00000145352.7', 'ENSMUST00000138479.7']","['ENSMUST00000033292.13', 'ENSMUST00000153020.7', 'ENSMUST00000120119.8', 'ENSMUST00000120879.7', 'ENSMUST00000156529.7', 'ENSMUST00000119816.8', 'ENSMUST00000214560.1', 'ENSMUST00000150891.7', 'ENSMUST00000129340.7', 'ENSMUST00000134621.1', 'ENSMUST00000140058.7', 'ENSMUST00000133311.7', 'ENSMUST00000145352.7', 'ENSMUST00000138479.7']","['processed_transcript', 'protein_coding']"
chr7_102236542_102237121_+,5,216,chr7,102236542,102237121,+,GT-AG,GT,AG,annotated on 5',annotated on 3',0,1,"['ENSMUST00000120879.7', 'ENSMUST00000156529.7', 'ENSMUST00000150891.7', 'ENSMUST00000140058.7', 'ENSMUST00000214560.1', 'ENSMUST00000134621.1']","['ENSMUST00000120879.7', 'ENSMUST00000153020.7', 'ENSMUST00000156529.7', 'ENSMUST00000138479.7', 'ENSMUST00000129340.7', 'ENSMUST00000033292.13', 'ENSMUST00000133311.7', 'ENSMUST00000145352.7', 'ENSMUST00000119816.8', 'ENSMUST00000150891.7', 'ENSMUST00000140058.7', 'ENSMUST00000120119.8', 'ENSMUST00000214560.1', 'ENSMUST00000134621.1']","['ENSMUST00000033292.13', 'ENSMUST00000153020.7', 'ENSMUST00000120119.8', 'ENSMUST00000120879.7', 'ENSMUST00000156529.7', 'ENSMUST00000119816.8', 'ENSMUST00000214560.1', 'ENSMUST00000150891.7', 'ENSMUST00000129340.7', 'ENSMUST00000134621.1', 'ENSMUST00000140058.7', 'ENSMUST00000133311.7', 'ENSMUST00000145352.7', 'ENSMUST00000138479.7']",['ENSMUST00000127804.7'],[],"['nonsense_mediated_decay', 'processed_transcript', 'protein_coding', 'retained_intron']","['ENSMUSG00000030990.18', 'ENSMUSG00000111339.1']","['Pgap2', 'AC139579.1']","['ENSMUST00000033292.13', 'ENSMUST00000153020.7', 'ENSMUST00000120119.8', 'ENSMUST00000120879.7', 'ENSMUST00000156529.7', 'ENSMUST00000119816.8', 'ENSMUST00000214560.1', 'ENSMUST00000127804.7', 'ENSMUST00000150891.7', 'ENSMUST00000129340.7', 'ENSMUST00000134621.1', 'ENSMUST00000140058.7', 'ENSMUST00000133311.7', 'ENSMUST00000145352.7', 'ENSMUST00000138479.7']","['ENSMUST00000033292.13', 'ENSMUST00000153020.7', 'ENSMUST00000120119.8', 'ENSMUST00000120879.7', 'ENSMUST00000156529.7', 'ENSMUST00000119816.8', 'ENSMUST00000214560.1', 'ENSMUST00000150891.7', 'ENSMUST00000129340.7', 'ENSMUST00000134621.1', 'ENSMUST00000140058.7', 'ENSMUST00000133311.7', 'ENSMUST00000145352.7', 'ENSMUST00000138479.7']","['processed_transcript', 'protein_coding']"
chr7_102237230_102237400_+,8,404,chr7,102237230,102237400,+,GT-AG,GT,AG,annotated on 5',annotated on 3',0,1,"['ENSMUST00000120879.7', 'ENSMUST00000156529.7', 'ENSMUST00000129340.7', 'ENSMUST00000033292.13', 'ENSMUST00000133311.7', 'ENSMUST00000145352.7', 'ENSMUST00000119816.8', 'ENSMUST00000150891.7', 'ENSMUST00000140058.7', 'ENSMUST00000120119.8', 'ENSMUST00000214560.1', 'ENSMUST00000134621.1']","['ENSMUST00000120879.7', 'ENSMUST00000156529.7', 'ENSMUST00000129340.7', 'ENSMUST00000033292.13', 'ENSMUST00000133311.7', 'ENSMUST00000145352.7', 'ENSMUST00000119816.8', 'ENSMUST00000150891.7', 'ENSMUST00000140058.7', 'ENSMUST00000120119.8', 'ENSMUST00000214560.1', 'ENSMUST00000134621.1']","['ENSMUST00000033292.13', 'ENSMUST00000120119.8', 'ENSMUST00000120879.7', 'ENSMUST00000156529.7', 'ENSMUST00000119816.8', 'ENSMUST00000214560.1', 'ENSMUST00000150891.7', 'ENSMUST00000129340.7', 'ENSMUST00000134621.1', 'ENSMUST00000140058.7', 'ENSMUST00000133311.7', 'ENSMUST00000145352.7']","['ENSMUST00000153020.7', 'ENSMUST00000138479.7']",[],"['nonsense_mediated_decay', 'processed_transcript', 'protein_coding', 'retained_intron']","['ENSMUSG00000030990.18', 'ENSMUSG00000111339.1']","['Pgap2', 'AC139579.1']","['ENSMUST00000033292.13', 'ENSMUST00000153020.7', 'ENSMUST00000120119.8', 'ENSMUST00000120879.7', 'ENSMUST00000156529.7', 'ENSMUST00000119816.8', 'ENSMUST00000214560.1', 'ENSMUST00000150891.7', 'ENSMUST00000129340.7', 'ENSMUST00000134621.1', 'ENSMUST00000140058.7', 'ENSMUST00000133311.7', 'ENSMUST00000145352.7', 'ENSMUST00000138479.7']","['ENSMUST00000033292.13', 'ENSMUST00000120119.8', 'ENSMUST00000120879.7', 'ENSMUST00000156529.7', 'ENSMUST00000119816.8', 'ENSMUST00000214560.1', 'ENSMUST00000150891.7', 'ENSMUST00000129340.7', 'ENSMUST00000134621.1', 'ENSMUST00000140058.7', 'ENSMUST00000133311.7', 'ENSMUST00000145352.7']","['processed_transcript', 'protein_coding']"
chr7_127015469_127016199_-,7,549,chr7,127015469,127016199,-,GT-AG,GT,AG,annotated on 5',annotated on 3',1,0,"['ENSMUST00000172958.6', 'ENSMUST00000200948.1', 'ENSMUST00000202798.1', 'ENSMUST00000032918.3', 'ENSMUST00000162069.2', 'ENSMUST00000206416.1']","['ENSMUST00000172958.6', 'ENSMUST00000200948.1', 'ENSMUST00000202798.1', 'ENSMUST00000032918.3', 'ENSMUST00000162069.2', 'ENSMUST00000206416.1']","['ENSMUST00000206416.1', 'ENSMUST00000202798.1', 'ENSMUST00000200948.1', 'ENSMUST00000162069.2', 'ENSMUST00000032918.3', 'ENSMUST00000172958.6']","['ENSMUST00000201606.1', 'ENSMUST00000202624.1']",[],"['nonsense_mediated_decay', 'processed_transcript', 'protein_coding', 'retained_intron']","['ENSMUSG00000107068.1', 'ENSMUSG00000030680.6', 'ENSMUSG00000092534.8']","['Gm42742', 'Pagr1a', 'Pagr1b']","['ENSMUST00000206416.1', 'ENSMUST00000201606.1', 'ENSMUST00000202798.1', 'ENSMUST00000200948.1', 'ENSMUST00000162069.2', 'ENSMUST00000032918.3', 'ENSMUST00000202624.1', 'ENSMUST00000172958.6']","['ENSMUST00000206416.1', 'ENSMUST00000202798.1', 'ENSMUST00000200948.1', 'ENSMUST00000162069.2', 'ENSMUST00000032918.3', 'ENSMUST00000172958.6']",['protein_coding']
chr7_127016282_127016442_-,9,633,chr7,127016282,127016442,-,GT-AG,GT,AG,annotated on 5',annotated on 3',1,0,"['ENSMUST00000172958.6', 'ENSMUST00000200948.1', 'ENSMUST00000202798.1', 'ENSMUST00000032918.3', 'ENSMUST00000202624.1']","['ENSMUST00000172958.6', 'ENSMUST00000200948.1', 'ENSMUST00000202798.1', 'ENSMUST00000032918.3', 'ENSMUST00000162069.2', 'ENSMUST00000206416.1', 'ENSMUST00000201606.1', 'ENSMUST00000202624.1']","['ENSMUST00000202798.1', 'ENSMUST00000200948.1', 'ENSMUST00000172958.6', 'ENSMUST00000032918.3', 'ENSMUST00000202624.1']",[],"['ENSMUST00000201606.1', 'ENSMUST00000162069.2', 'ENSMUST00000206416.1']","['nonsense_mediated_decay', 'processed_transcript', 'protein_coding', 'retained_intron']","['ENSMUSG00000107068.1', 'ENSMUSG00000030680.6', 'ENSMUSG00000092534.8']","['Gm42742', 'Pagr1a', 'Pagr1b']","['ENSMUST00000202798.1', 'ENSMUST00000200948.1', 'ENSMUST00000172958.6', 'ENSMUST00000032918.3', 'ENSMUST00000202624.1']","['ENSMUST00000206416.1', 'ENSMUST00000201606.1', 'ENSMUST00000202798.1', 'ENSMUST00000200948.1', 'ENSMUST00000162069.2', 'ENSMUST00000032918.3', 'ENSMUST00000202624.1', 'ENSMUST00000172958.6']",['protein_coding']
chr7_128107758_128107839_+,5,205,chr7,128107758,128107839,+,GT-AG,GT,AG,annotated on 5',annotated on 3',0,1,"['ENSMUST00000064821.13', 'ENSMUST00000106242.9', 'ENSMUST00000120355.7', 'ENSMUST00000106240.8', 'ENSMUST00000098015.9']","['ENSMUST00000064821.13', 'ENSMUST00000106242.9', 'ENSMUST00000120355.7', 'ENSMUST00000106240.8', 'ENSMUST00000098015.9']","['ENSMUST00000098015.9', 'ENSMUST00000106240.8', 'ENSMUST00000120355.7', 'ENSMUST00000106242.9', 'ENSMUST00000064821.13']",[],[],['protein_coding'],"['ENSMUSG00000030786.18', 'ENSMUSG00000108596.1']","['Itgam', 'Gm49368']","['ENSMUST00000098015.9', 'ENSMUST00000106240.8', 'ENSMUST00000120355.7', 'ENSMUST00000106242.9', 'ENSMUST00000064821.13']","['ENSMUST00000098015.9', 'ENSMUST00000106240.8', 'ENSMUST00000120355.7', 'ENSMUST00000106242.9', 'ENSMUST00000064821.13']",['protein_coding']
chr7_128108003_128112127_+,5,244,chr7,128108003,128112127,+,GT-AG,GT,AG,annotated on 5',annotated on 3',0,1,"['ENSMUST00000064821.13', 'ENSMUST00000106242.9', 'ENSMUST00000120355.7', 'ENSMUST00000106240.8', 'ENSMUST00000098015.9']","['ENSMUST00000064821.13', 'ENSMUST00000106242.9', 'ENSMUST00000120355.7', 'ENSMUST00000106240.8', 'ENSMUST00000098015.9']","['ENSMUST00000098015.9', 'ENSMUST00000106240.8', 'ENSMUST00000120355.7', 'ENSMUST00000106242.9', 'ENSMUST00000064821.13']",[],[],['protein_coding'],"['ENSMUSG00000030786.18', 'ENSMUSG00000108596.1']","['Itgam', 'Gm49368']","['ENSMUST00000098015.9', 'ENSMUST00000106240.8', 'ENSMUST00000120355.7', 'ENSMUST00000106242.9', 'ENSMUST00000064821.13']","['ENSMUST00000098015.9', 'ENSMUST00000106240.8', 'ENSMUST00000120355.7', 'ENSMUST00000106242.9', 'ENSMUST00000064821.13']",['protein_coding']
chr7_128112282_128112374_+,6,271,chr7,128112282,128112374,+,GT-AG,GT,AG,annotated on 5',annotated on 3',0,1,"['ENSMUST00000064821.13', 'ENSMUST00000106242.9', 'ENSMUST00000120355.7', 'ENSMUST00000106240.8', 'ENSMUST00000098015.9']","['ENSMUST00000064821.13', 'ENSMUST00000106242.9', 'ENSMUST00000120355.7', 'ENSMUST00000106240.8', 'ENSMUST00000098015.9']","['ENSMUST00000098015.9', 'ENSMUST00000106240.8', 'ENSMUST00000120355.7', 'ENSMUST00000106242.9', 'ENSMUST00000064821.13']",[],[],['protein_coding'],"['ENSMUSG00000030786.18', 'ENSMUSG00000108596.1']","['Itgam', 'Gm49368']","['ENSMUST00000098015.9', 'ENSMUST00000106240.8', 'ENSMUST00000120355.7', 'ENSMUST00000106242.9', 'ENSMUST00000064821.13']","['ENSMUST00000098015.9', 'ENSMUST00000106240.8', 'ENSMUST00000120355.7', 'ENSMUST00000106242.9', 'ENSMUST00000064821.13']",['protein_coding']
chr7_128112506_128112660_+,5,208,chr7,128112506,128112660,+,GT-AG,GT,AG,annotated on 5',annotated on 3',0,1,"['ENSMUST00000064821.13', 'ENSMUST00000106242.9', 'ENSMUST00000120355.7', 'ENSMUST00000106240.8', 'ENSMUST00000098015.9']","['ENSMUST00000064821.13', 'ENSMUST00000106242.9', 'ENSMUST00000120355.7', 'ENSMUST00000106240.8', 'ENSMUST00000098015.9']","['ENSMUST00000098015.9', 'ENSMUST00000106240.8', 'ENSMUST00000120355.7', 'ENSMUST00000106242.9', 'ENSMUST00000064821.13']",[],[],['protein_coding'],"['ENSMUSG00000030786.18', 'ENSMUSG00000108596.1']","['Itgam', 'Gm49368']","['ENSMUST00000098015.9', 'ENSMUST00000106240.8', 'ENSMUST00000120355.7', 'ENSMUST00000106242.9', 'ENSMUST00000064821.13']","['ENSMUST00000098015.9', 'ENSMUST00000106240.8', 'ENSMUST00000120355.7', 'ENSMUST00000106242.9', 'ENSMUST00000064821.13']",['protein_coding']
chr7_128113897_128114735_+,6,204,chr7,128113897,128114735,+,GT-AG,GT,AG,annotated on 5',annotated on 3',0,1,"['ENSMUST00000064821.13', 'ENSMUST00000106242.9', 'ENSMUST00000120355.7', 'ENSMUST00000106240.8', 'ENSMUST00000098015.9']","['ENSMUST00000064821.13', 'ENSMUST00000106242.9', 'ENSMUST00000120355.7', 'ENSMUST00000106240.8', 'ENSMUST00000098015.9']","['ENSMUST00000098015.9', 'ENSMUST00000106240.8', 'ENSMUST00000120355.7', 'ENSMUST00000106242.9', 'ENSMUST00000064821.13']",[],[],['protein_coding'],"['ENSMUSG00000030786.18', 'ENSMUSG00000108596.1']","['Itgam', 'Gm49368']","['ENSMUST00000098015.9', 'ENSMUST00000106240.8', 'ENSMUST00000120355.7', 'ENSMUST00000106242.9', 'ENSMUST00000064821.13']","['ENSMUST00000098015.9', 'ENSMUST00000106240.8', 'ENSMUST00000120355.7', 'ENSMUST00000106242.9', 'ENSMUST00000064821.13']",['protein_coding']
chr7_128115194_128115767_+,6,218,chr7,128115194,128115767,+,GT-AG,GT,AG,annotated on 5',annotated on 3',0,1,"['ENSMUST00000064821.13', 'ENSMUST00000106242.9', 'ENSMUST00000120355.7', 'ENSMUST00000106240.8', 'ENSMUST00000098015.9']","['ENSMUST00000064821.13', 'ENSMUST00000106242.9', 'ENSMUST00000120355.7', 'ENSMUST00000106240.8', 'ENSMUST00000098015.9']","['ENSMUST00000098015.9', 'ENSMUST00000106240.8', 'ENSMUST00000120355.7', 'ENSMUST00000106242.9', 'ENSMUST00000064821.13']",[],[],['protein_coding'],"['ENSMUSG00000030786.18', 'ENSMUSG00000108596.1']","['Itgam', 'Gm49368']","['ENSMUST00000098015.9', 'ENSMUST00000106240.8', 'ENSMUST00000120355.7', 'ENSMUST00000106242.9', 'ENSMUST00000064821.13']","['ENSMUST00000098015.9', 'ENSMUST00000106240.8', 'ENSMUST00000120355.7', 'ENSMUST00000106242.9', 'ENSMUST00000064821.13']",['protein_coding']
chr7_128116101_128116201_+,5,252,chr7,128116101,128116201,+,GT-AG,GT,AG,annotated on 5',annotated on 3',0,1,"['ENSMUST00000064821.13', 'ENSMUST00000106242.9', 'ENSMUST00000120355.7', 'ENSMUST00000106240.8', 'ENSMUST00000098015.9']","['ENSMUST00000064821.13', 'ENSMUST00000106242.9', 'ENSMUST00000120355.7', 'ENSMUST00000106240.8', 'ENSMUST00000098015.9']","['ENSMUST00000098015.9', 'ENSMUST00000106240.8', 'ENSMUST00000120355.7', 'ENSMUST00000106242.9', 'ENSMUST00000064821.13']",[],[],['protein_coding'],"['ENSMUSG00000030786.18', 'ENSMUSG00000108596.1']","['Itgam', 'Gm49368']","['ENSMUST00000098015.9', 'ENSMUST00000106240.8', 'ENSMUST00000120355.7', 'ENSMUST00000106242.9', 'ENSMUST00000064821.13']","['ENSMUST00000098015.9', 'ENSMUST00000106240.8', 'ENSMUST00000120355.7', 'ENSMUST00000106242.9', 'ENSMUST00000064821.13']",['protein_coding']
chr7_128404477_128412191_-,6,300,chr7,128404477,128412191,-,GT-AG,GT,AG,annotated on 5',annotated on 3',1,0,['ENSMUST00000141541.1'],"['ENSMUST00000033133.11', 'ENSMUST00000129120.1', 'ENSMUST00000145739.2', 'ENSMUST00000147840.1']",[],['ENSMUST00000141541.1'],"['ENSMUST00000147840.1', 'ENSMUST00000033133.11', 'ENSMUST00000129120.1', 'ENSMUST00000145739.2']","['sense_intronic', 'protein_coding', 'retained_intron']","['ENSMUSG00000084964.2', 'ENSMUSG00000030844.11']","['Gm15503', 'Rgs10']",['ENSMUST00000141541.1'],"['ENSMUST00000147840.1', 'ENSMUST00000033133.11', 'ENSMUST00000129120.1', 'ENSMUST00000145739.2']","['processed_transcript', 'protein_coding']"
chr7_141448031_141448725_+,42,3561,chr7,141448031,141448725,+,GT-AG,GT,AG,annotated on 5',annotated on 3',0,1,"['ENSMUST00000084434.10', 'ENSMUST00000137307.1', 'ENSMUST00000106004.7', 'ENSMUST00000106003.1']","['ENSMUST00000084434.10', 'ENSMUST00000137307.1', 'ENSMUST00000106004.7', 'ENSMUST00000106003.1']","['ENSMUST00000106003.1', 'ENSMUST00000084434.10', 'ENSMUST00000137307.1', 'ENSMUST00000106004.7']",[],['ENSMUST00000082732.1'],"['snoRNA', 'protein_coding', 'retained_intron']","['ENSMUSG00000064666.1', 'ENSMUSG00000025508.13']","['Snora52', 'Rplp2']","['ENSMUST00000106003.1', 'ENSMUST00000084434.10', 'ENSMUST00000137307.1', 'ENSMUST00000106004.7']","['ENSMUST00000137307.1', 'ENSMUST00000106004.7', 'ENSMUST00000084434.10', 'ENSMUST00000106003.1', 'ENSMUST00000082732.1']","['snoRNA', 'protein_coding']"
chr8_80726366_80727615_-,10,232,chr8,80726366,80727615,-,GT-AG,GT,AG,annotated on 5',annotated on 3',1,0,"['ENSMUST00000043359.8', 'ENSMUST00000122807.7']",['ENSMUST00000043359.8'],['ENSMUST00000043359.8'],"['ENSMUST00000122807.7', 'ENSMUST00000209804.1']",['ENSMUST00000148455.1'],"['protein_coding', 'retained_intron', 'TEC']","['ENSMUSG00000031715.14', 'ENSMUSG00000110142.1']","['Smarca5', 'Gm45872']","['ENSMUST00000122807.7', 'ENSMUST00000209804.1', 'ENSMUST00000043359.8']","['ENSMUST00000043359.8', 'ENSMUST00000148455.1']","['protein_coding', 'TEC']"
chr9_64725582_64726623_-,23,1710,chr9,64725582,64726623,-,GT-AG,GT,AG,annotated on 5',annotated on 3',1,0,"['ENSMUST00000172298.7', 'ENSMUST00000168366.1', 'ENSMUST00000171100.1', 'ENSMUST00000169058.7', 'ENSMUST00000004892.6', 'ENSMUST00000197528.1']","['ENSMUST00000172298.7', 'ENSMUST00000167569.7', 'ENSMUST00000168366.1', 'ENSMUST00000166857.1', 'ENSMUST00000171100.1', 'ENSMUST00000169058.7']","['ENSMUST00000169058.7', 'ENSMUST00000168366.1', 'ENSMUST00000171100.1', 'ENSMUST00000172298.7']","['ENSMUST00000165083.1', 'ENSMUST00000004892.6', 'ENSMUST00000197528.1']","['ENSMUST00000166857.1', 'ENSMUST00000167569.7']","['miRNA', 'processed_transcript', 'protein_coding']","['ENSMUSG00000004771.12', 'ENSMUSG00000104953.1']","['Rab11a', 'Gm47308']","['ENSMUST00000169058.7', 'ENSMUST00000165083.1', 'ENSMUST00000004892.6', 'ENSMUST00000172298.7', 'ENSMUST00000168366.1', 'ENSMUST00000171100.1', 'ENSMUST00000197528.1']","['ENSMUST00000169058.7', 'ENSMUST00000172298.7', 'ENSMUST00000168366.1', 'ENSMUST00000166857.1', 'ENSMUST00000167569.7', 'ENSMUST00000171100.1']","['miRNA', 'protein_coding']"
chr9_64726817_64728233_-,21,2065,chr9,64726817,64728233,-,GT-AG,GT,AG,annotated on 5',annotated on 3',1,0,"['ENSMUST00000172298.7', 'ENSMUST00000169058.7', 'ENSMUST00000004892.6', 'ENSMUST00000165083.1']","['ENSMUST00000172298.7', 'ENSMUST00000171100.1', 'ENSMUST00000169058.7', 'ENSMUST00000004892.6', 'ENSMUST00000165083.1']","['ENSMUST00000169058.7', 'ENSMUST00000165083.1', 'ENSMUST00000004892.6', 'ENSMUST00000172298.7']",[],"['ENSMUST00000171100.1', 'ENSMUST00000197528.1']","['miRNA', 'protein_coding', 'processed_transcript']","['ENSMUSG00000004771.12', 'ENSMUSG00000104953.1']","['Rab11a', 'Gm47308']","['ENSMUST00000169058.7', 'ENSMUST00000165083.1', 'ENSMUST00000004892.6', 'ENSMUST00000172298.7']","['ENSMUST00000169058.7', 'ENSMUST00000165083.1', 'ENSMUST00000004892.6', 'ENSMUST00000172298.7', 'ENSMUST00000171100.1', 'ENSMUST00000197528.1']","['miRNA', 'protein_coding']"
chr9_103209078_103210494_-,17,10311,chr9,103209078,103210494,-,GT-AG,GT,AG,annotated on 5',annotated on 3',1,0,"['ENSMUST00000166836.1', 'ENSMUST00000112645.7', 'ENSMUST00000035158.15', 'ENSMUST00000190051.1']","['ENSMUST00000112645.7', 'ENSMUST00000035158.15', 'ENSMUST00000190051.1']","['ENSMUST00000112645.7', 'ENSMUST00000190051.1', 'ENSMUST00000035158.15']","['ENSMUST00000168142.7', 'ENSMUST00000166836.1']",[],"['protein_coding', 'retained_intron']","['ENSMUSG00000032554.15', 'ENSMUSG00000090639.1']","['Trf', 'Gm20425']","['ENSMUST00000035158.15', 'ENSMUST00000112645.7', 'ENSMUST00000166836.1', 'ENSMUST00000190051.1', 'ENSMUST00000168142.7']","['ENSMUST00000112645.7', 'ENSMUST00000190051.1', 'ENSMUST00000035158.15']",['protein_coding']
chr9_103210678_103211811_-,16,10797,chr9,103210678,103211811,-,GT-AG,GT,AG,annotated on 5',annotated on 3',1,0,"['ENSMUST00000166836.1', 'ENSMUST00000112645.7', 'ENSMUST00000035158.15', 'ENSMUST00000190051.1', 'ENSMUST00000168142.7', 'ENSMUST00000170904.1']","['ENSMUST00000166836.1', 'ENSMUST00000112645.7', 'ENSMUST00000035158.15', 'ENSMUST00000190051.1', 'ENSMUST00000168142.7', 'ENSMUST00000170904.1']","['ENSMUST00000035158.15', 'ENSMUST00000112645.7', 'ENSMUST00000166836.1', 'ENSMUST00000170904.1', 'ENSMUST00000190051.1', 'ENSMUST00000168142.7']",[],[],"['protein_coding', 'retained_intron']","['ENSMUSG00000032554.15', 'ENSMUSG00000090639.1']","['Trf', 'Gm20425']","['ENSMUST00000035158.15', 'ENSMUST00000112645.7', 'ENSMUST00000166836.1', 'ENSMUST00000170904.1', 'ENSMUST00000190051.1', 'ENSMUST00000168142.7']","['ENSMUST00000035158.15', 'ENSMUST00000112645.7', 'ENSMUST00000166836.1', 'ENSMUST00000170904.1', 'ENSMUST00000190051.1', 'ENSMUST00000168142.7']",['protein_coding']
chr9_103211996_103215192_-,15,14260,chr9,103211996,103215192,-,GT-AG,GT,AG,annotated on 5',annotated on 3',1,0,"['ENSMUST00000166836.1', 'ENSMUST00000112645.7', 'ENSMUST00000035158.15', 'ENSMUST00000168142.7', 'ENSMUST00000170904.1']","['ENSMUST00000166836.1', 'ENSMUST00000112645.7', 'ENSMUST00000035158.15', 'ENSMUST00000168142.7', 'ENSMUST00000170904.1']","['ENSMUST00000035158.15', 'ENSMUST00000112645.7', 'ENSMUST00000166836.1', 'ENSMUST00000170904.1', 'ENSMUST00000168142.7']",[],['ENSMUST00000190051.1'],"['protein_coding', 'retained_intron']","['ENSMUSG00000032554.15', 'ENSMUSG00000090639.1']","['Trf', 'Gm20425']","['ENSMUST00000035158.15', 'ENSMUST00000112645.7', 'ENSMUST00000166836.1', 'ENSMUST00000170904.1', 'ENSMUST00000168142.7']","['ENSMUST00000035158.15', 'ENSMUST00000112645.7', 'ENSMUST00000166836.1', 'ENSMUST00000170904.1', 'ENSMUST00000190051.1', 'ENSMUST00000168142.7']",['protein_coding']
chr9_103215257_103215813_-,15,18146,chr9,103215257,103215813,-,GT-AG,GT,AG,annotated on 5',annotated on 3',1,0,"['ENSMUST00000166836.1', 'ENSMUST00000112645.7', 'ENSMUST00000035158.15', 'ENSMUST00000168142.7', 'ENSMUST00000170904.1', 'ENSMUST00000164377.1']","['ENSMUST00000166836.1', 'ENSMUST00000112645.7', 'ENSMUST00000035158.15', 'ENSMUST00000168142.7', 'ENSMUST00000170904.1']","['ENSMUST00000035158.15', 'ENSMUST00000112645.7', 'ENSMUST00000166836.1', 'ENSMUST00000170904.1', 'ENSMUST00000168142.7']",['ENSMUST00000164377.1'],[],"['nonsense_mediated_decay', 'protein_coding']","['ENSMUSG00000032554.15', 'ENSMUSG00000090639.1']","['Trf', 'Gm20425']","['ENSMUST00000035158.15', 'ENSMUST00000112645.7', 'ENSMUST00000166836.1', 'ENSMUST00000170904.1', 'ENSMUST00000164377.1', 'ENSMUST00000168142.7']","['ENSMUST00000035158.15', 'ENSMUST00000112645.7', 'ENSMUST00000166836.1', 'ENSMUST00000170904.1', 'ENSMUST00000168142.7']",['protein_coding']
chr9_103215943_103217362_-,16,17220,chr9,103215943,103217362,-,GT-AG,GT,AG,annotated on 5',annotated on 3',1,0,"['ENSMUST00000166836.1', 'ENSMUST00000112645.7', 'ENSMUST00000035158.15', 'ENSMUST00000168142.7', 'ENSMUST00000170904.1', 'ENSMUST00000164377.1']","['ENSMUST00000166836.1', 'ENSMUST00000112645.7', 'ENSMUST00000035158.15', 'ENSMUST00000168142.7', 'ENSMUST00000170904.1', 'ENSMUST00000164377.1']","['ENSMUST00000035158.15', 'ENSMUST00000112645.7', 'ENSMUST00000166836.1', 'ENSMUST00000170904.1', 'ENSMUST00000164377.1', 'ENSMUST00000168142.7']",[],[],"['nonsense_mediated_decay', 'protein_coding']","['ENSMUSG00000032554.15', 'ENSMUSG00000090639.1']","['Trf', 'Gm20425']","['ENSMUST00000035158.15', 'ENSMUST00000112645.7', 'ENSMUST00000166836.1', 'ENSMUST00000170904.1', 'ENSMUST00000164377.1', 'ENSMUST00000168142.7']","['ENSMUST00000035158.15', 'ENSMUST00000112645.7', 'ENSMUST00000166836.1', 'ENSMUST00000170904.1', 'ENSMUST00000164377.1', 'ENSMUST00000168142.7']",['protein_coding']
chr9_103217533_103219222_-,16,19794,chr9,103217533,103219222,-,GT-AG,GT,AG,annotated on 5',annotated on 3',1,0,"['ENSMUST00000166836.1', 'ENSMUST00000112645.7', 'ENSMUST00000035158.15', 'ENSMUST00000168142.7', 'ENSMUST00000164377.1']","['ENSMUST00000166836.1', 'ENSMUST00000112645.7', 'ENSMUST00000035158.15', 'ENSMUST00000164377.1']","['ENSMUST00000035158.15', 'ENSMUST00000112645.7', 'ENSMUST00000166836.1', 'ENSMUST00000164377.1', 'ENSMUST00000168142.7']",[],['ENSMUST00000170904.1'],"['nonsense_mediated_decay', 'protein_coding']","['ENSMUSG00000032554.15', 'ENSMUSG00000090639.1']","['Trf', 'Gm20425']","['ENSMUST00000035158.15', 'ENSMUST00000112645.7', 'ENSMUST00000166836.1', 'ENSMUST00000164377.1', 'ENSMUST00000168142.7']","['ENSMUST00000035158.15', 'ENSMUST00000112645.7', 'ENSMUST00000166836.1', 'ENSMUST00000170904.1', 'ENSMUST00000164377.1', 'ENSMUST00000168142.7']",['protein_coding']
chr9_103219255_103219801_-,17,21184,chr9,103219255,103219801,-,GT-AG,GT,AG,annotated on 5',annotated on 3',1,0,"['ENSMUST00000166836.1', 'ENSMUST00000112645.7', 'ENSMUST00000035158.15', 'ENSMUST00000168142.7', 'ENSMUST00000170904.1', 'ENSMUST00000164377.1']","['ENSMUST00000166836.1', 'ENSMUST00000112645.7', 'ENSMUST00000035158.15', 'ENSMUST00000168142.7', 'ENSMUST00000164377.1']","['ENSMUST00000035158.15', 'ENSMUST00000112645.7', 'ENSMUST00000166836.1', 'ENSMUST00000164377.1', 'ENSMUST00000168142.7']",['ENSMUST00000170904.1'],[],"['nonsense_mediated_decay', 'protein_coding']","['ENSMUSG00000032554.15', 'ENSMUSG00000090639.1']","['Trf', 'Gm20425']","['ENSMUST00000035158.15', 'ENSMUST00000112645.7', 'ENSMUST00000166836.1', 'ENSMUST00000170904.1', 'ENSMUST00000164377.1', 'ENSMUST00000168142.7']","['ENSMUST00000035158.15', 'ENSMUST00000112645.7', 'ENSMUST00000166836.1', 'ENSMUST00000164377.1', 'ENSMUST00000168142.7']",['protein_coding']
chr9_103219892_103220892_-,16,20172,chr9,103219892,103220892,-,GT-AG,GT,AG,annotated on 5',annotated on 3',1,0,"['ENSMUST00000166836.1', 'ENSMUST00000112645.7', 'ENSMUST00000035158.15', 'ENSMUST00000170904.1']","['ENSMUST00000166836.1', 'ENSMUST00000112645.7', 'ENSMUST00000035158.15', 'ENSMUST00000170904.1']","['ENSMUST00000112645.7', 'ENSMUST00000170904.1', 'ENSMUST00000035158.15', 'ENSMUST00000166836.1']",['ENSMUST00000112503.2'],"['ENSMUST00000164377.1', 'ENSMUST00000168142.7']","['nonsense_mediated_decay', 'protein_coding', 'retained_intron']","['ENSMUSG00000032554.15', 'ENSMUSG00000090639.1']","['Trf', 'Gm20425']","['ENSMUST00000035158.15', 'ENSMUST00000112645.7', 'ENSMUST00000166836.1', 'ENSMUST00000170904.1', 'ENSMUST00000112503.2']","['ENSMUST00000035158.15', 'ENSMUST00000112645.7', 'ENSMUST00000166836.1', 'ENSMUST00000170904.1', 'ENSMUST00000164377.1', 'ENSMUST00000168142.7']",['protein_coding']
chr9_103219840_103227904_-,8,678,chr9,103219840,103227904,-,GC-AG,GC,AG,annotated on 5',annotated on 3',1,0,['ENSMUST00000164377.1'],['ENSMUST00000164377.1'],"['ENSMUST00000112645.7', 'ENSMUST00000164377.1', 'ENSMUST00000035158.15', 'ENSMUST00000166836.1']","['ENSMUST00000126359.1', 'ENSMUST00000165296.7']","['ENSMUST00000170904.1', 'ENSMUST00000168142.7']","['nonsense_mediated_decay', 'protein_coding']","['ENSMUSG00000032554.15', 'ENSMUSG00000090639.1']","['Trf', 'Gm20425']","['ENSMUST00000035158.15', 'ENSMUST00000112645.7', 'ENSMUST00000166836.1', 'ENSMUST00000164377.1', 'ENSMUST00000126359.1', 'ENSMUST00000165296.7']","['ENSMUST00000035158.15', 'ENSMUST00000112645.7', 'ENSMUST00000166836.1', 'ENSMUST00000170904.1', 'ENSMUST00000164377.1', 'ENSMUST00000168142.7']",['protein_coding']
chr9_103221044_103222050_-,15,20001,chr9,103221044,103222050,-,GT-AG,GT,AG,annotated on 5',annotated on 3',1,0,"['ENSMUST00000166836.1', 'ENSMUST00000112645.7', 'ENSMUST00000035158.15', 'ENSMUST00000170904.1', 'ENSMUST00000112503.2']","['ENSMUST00000166836.1', 'ENSMUST00000112645.7', 'ENSMUST00000035158.15', 'ENSMUST00000170904.1', 'ENSMUST00000112503.2']","['ENSMUST00000035158.15', 'ENSMUST00000112645.7', 'ENSMUST00000166836.1', 'ENSMUST00000170904.1', 'ENSMUST00000112503.2']",['ENSMUST00000165296.7'],[],"['protein_coding', 'retained_intron']","['ENSMUSG00000032554.15', 'ENSMUSG00000090639.1']","['Trf', 'Gm20425']","['ENSMUST00000035158.15', 'ENSMUST00000112645.7', 'ENSMUST00000166836.1', 'ENSMUST00000170904.1', 'ENSMUST00000112503.2', 'ENSMUST00000165296.7']","['ENSMUST00000035158.15', 'ENSMUST00000112645.7', 'ENSMUST00000166836.1', 'ENSMUST00000170904.1', 'ENSMUST00000112503.2']",['protein_coding']
chr9_103222228_103222934_-,15,12140,chr9,103222228,103222934,-,GT-AG,GT,AG,annotated on 5',annotated on 3',1,0,"['ENSMUST00000166836.1', 'ENSMUST00000112645.7', 'ENSMUST00000035158.15']","['ENSMUST00000166836.1', 'ENSMUST00000112645.7', 'ENSMUST00000035158.15']","['ENSMUST00000112645.7', 'ENSMUST00000035158.15', 'ENSMUST00000166836.1']",[],['ENSMUST00000165296.7'],['protein_coding'],"['ENSMUSG00000032554.15', 'ENSMUSG00000090639.1']","['Trf', 'Gm20425']","['ENSMUST00000112645.7', 'ENSMUST00000035158.15', 'ENSMUST00000166836.1']","['ENSMUST00000112645.7', 'ENSMUST00000165296.7', 'ENSMUST00000035158.15', 'ENSMUST00000166836.1']",['protein_coding']
chr9_103223113_103223583_-,16,16941,chr9,103223113,103223583,-,GT-AG,GT,AG,annotated on 5',annotated on 3',1,0,"['ENSMUST00000166836.1', 'ENSMUST00000112645.7', 'ENSMUST00000035158.15', 'ENSMUST00000126359.1']","['ENSMUST00000166836.1', 'ENSMUST00000112645.7', 'ENSMUST00000035158.15', 'ENSMUST00000126359.1']","['ENSMUST00000112645.7', 'ENSMUST00000126359.1', 'ENSMUST00000035158.15', 'ENSMUST00000166836.1']",[],[],['protein_coding'],"['ENSMUSG00000032554.15', 'ENSMUSG00000090639.1']","['Trf', 'Gm20425']","['ENSMUST00000112645.7', 'ENSMUST00000126359.1', 'ENSMUST00000035158.15', 'ENSMUST00000166836.1']","['ENSMUST00000112645.7', 'ENSMUST00000126359.1', 'ENSMUST00000035158.15', 'ENSMUST00000166836.1']",['protein_coding']
chr9_103223639_103225042_-,16,17004,chr9,103223639,103225042,-,GT-AG,GT,AG,annotated on 5',annotated on 3',1,0,"['ENSMUST00000166836.1', 'ENSMUST00000112645.7', 'ENSMUST00000035158.15', 'ENSMUST00000126359.1']","['ENSMUST00000166836.1', 'ENSMUST00000112645.7', 'ENSMUST00000035158.15', 'ENSMUST00000126359.1']","['ENSMUST00000112645.7', 'ENSMUST00000126359.1', 'ENSMUST00000035158.15', 'ENSMUST00000166836.1']",[],[],['protein_coding'],"['ENSMUSG00000032554.15', 'ENSMUSG00000090639.1']","['Trf', 'Gm20425']","['ENSMUST00000112645.7', 'ENSMUST00000126359.1', 'ENSMUST00000035158.15', 'ENSMUST00000166836.1']","['ENSMUST00000112645.7', 'ENSMUST00000126359.1', 'ENSMUST00000035158.15', 'ENSMUST00000166836.1']",['protein_coding']
chr9_103225175_103225960_-,17,16674,chr9,103225175,103225960,-,GT-AG,GT,AG,annotated on 5',annotated on 3',1,0,"['ENSMUST00000166836.1', 'ENSMUST00000112645.7', 'ENSMUST00000035158.15', 'ENSMUST00000126359.1']","['ENSMUST00000112645.7', 'ENSMUST00000035158.15', 'ENSMUST00000126359.1']","['ENSMUST00000112645.7', 'ENSMUST00000126359.1', 'ENSMUST00000035158.15', 'ENSMUST00000166836.1']",[],[],['protein_coding'],"['ENSMUSG00000032554.15', 'ENSMUSG00000090639.1']","['Trf', 'Gm20425']","['ENSMUST00000112645.7', 'ENSMUST00000126359.1', 'ENSMUST00000035158.15', 'ENSMUST00000166836.1']","['ENSMUST00000112645.7', 'ENSMUST00000126359.1', 'ENSMUST00000035158.15', 'ENSMUST00000166836.1']",['protein_coding']
chr9_103226137_103226837_-,17,12614,chr9,103226137,103226837,-,GT-AG,GT,AG,annotated on 5',annotated on 3',1,0,"['ENSMUST00000166836.1', 'ENSMUST00000112645.7', 'ENSMUST00000035158.15', 'ENSMUST00000165296.7', 'ENSMUST00000126359.1']","['ENSMUST00000166836.1', 'ENSMUST00000112645.7', 'ENSMUST00000035158.15', 'ENSMUST00000165296.7', 'ENSMUST00000126359.1']","['ENSMUST00000035158.15', 'ENSMUST00000112645.7', 'ENSMUST00000166836.1', 'ENSMUST00000126359.1', 'ENSMUST00000165296.7']",[],[],['protein_coding'],"['ENSMUSG00000032554.15', 'ENSMUSG00000090639.1']","['Trf', 'Gm20425']","['ENSMUST00000035158.15', 'ENSMUST00000112645.7', 'ENSMUST00000166836.1', 'ENSMUST00000126359.1', 'ENSMUST00000165296.7']","['ENSMUST00000035158.15', 'ENSMUST00000112645.7', 'ENSMUST00000166836.1', 'ENSMUST00000126359.1', 'ENSMUST00000165296.7']",['protein_coding']
chr9_103226946_103227895_-,16,8370,chr9,103226946,103227895,-,GT-AG,GT,AG,annotated on 5',annotated on 3',1,0,"['ENSMUST00000166836.1', 'ENSMUST00000112645.7', 'ENSMUST00000035158.15', 'ENSMUST00000165296.7', 'ENSMUST00000126359.1']","['ENSMUST00000166836.1', 'ENSMUST00000112645.7', 'ENSMUST00000035158.15', 'ENSMUST00000165296.7', 'ENSMUST00000126359.1']","['ENSMUST00000035158.15', 'ENSMUST00000112645.7', 'ENSMUST00000166836.1', 'ENSMUST00000126359.1', 'ENSMUST00000165296.7']",['ENSMUST00000164377.1'],[],"['nonsense_mediated_decay', 'protein_coding']","['ENSMUSG00000032554.15', 'ENSMUSG00000090639.1']","['Trf', 'Gm20425']","['ENSMUST00000035158.15', 'ENSMUST00000112645.7', 'ENSMUST00000166836.1', 'ENSMUST00000164377.1', 'ENSMUST00000126359.1', 'ENSMUST00000165296.7']","['ENSMUST00000035158.15', 'ENSMUST00000112645.7', 'ENSMUST00000166836.1', 'ENSMUST00000126359.1', 'ENSMUST00000165296.7']",['protein_coding']
chr9_103228068_103230173_-,16,11474,chr9,103228068,103230173,-,GT-AG,GT,AG,annotated on 5',annotated on 3',1,0,"['ENSMUST00000166836.1', 'ENSMUST00000112645.7', 'ENSMUST00000035158.15', 'ENSMUST00000164377.1', 'ENSMUST00000165296.7']","['ENSMUST00000166836.1', 'ENSMUST00000112645.7', 'ENSMUST00000035158.15', 'ENSMUST00000164377.1', 'ENSMUST00000165296.7', 'ENSMUST00000126359.1']","['ENSMUST00000035158.15', 'ENSMUST00000112645.7', 'ENSMUST00000166836.1', 'ENSMUST00000164377.1', 'ENSMUST00000165296.7']",[],['ENSMUST00000126359.1'],"['nonsense_mediated_decay', 'protein_coding']","['ENSMUSG00000032554.15', 'ENSMUSG00000090639.1']","['Trf', 'Gm20425']","['ENSMUST00000035158.15', 'ENSMUST00000112645.7', 'ENSMUST00000166836.1', 'ENSMUST00000164377.1', 'ENSMUST00000165296.7']","['ENSMUST00000035158.15', 'ENSMUST00000112645.7', 'ENSMUST00000166836.1', 'ENSMUST00000164377.1', 'ENSMUST00000126359.1', 'ENSMUST00000165296.7']",['protein_coding']
chr9_109058928_109059188_-,11,893,chr9,109058928,109059188,-,GT-AG,GT,AG,annotated on 5',annotated on 3',1,0,"['ENSMUST00000160928.4', 'ENSMUST00000112053.1']","['ENSMUST00000061973.4', 'ENSMUST00000160928.4', 'ENSMUST00000112053.1', 'ENSMUST00000128062.2']","['ENSMUST00000160928.4', 'ENSMUST00000112053.1']",[],"['ENSMUST00000061973.4', 'ENSMUST00000128062.2']","['protein_coding', 'retained_intron']","['ENSMUSG00000049734.9', 'ENSMUSG00000025646.9']","['Trex1', 'Atrip']","['ENSMUST00000160928.4', 'ENSMUST00000112053.1']","['ENSMUST00000160928.4', 'ENSMUST00000128062.2', 'ENSMUST00000061973.4', 'ENSMUST00000112053.1']",['protein_coding']
chrX_7728762_7729715_+,7,401,chrX,7728762,7729715,+,GT-AG,GT,AG,annotated on 5',annotated on 3',0,1,['ENSMUST00000033489.7'],"['ENSMUST00000208156.1', 'ENSMUST00000207461.1', 'ENSMUST00000033489.7']",['ENSMUST00000033489.7'],[],"['ENSMUST00000208156.1', 'ENSMUST00000207461.1']","['nonsense_mediated_decay', 'protein_coding']","['ENSMUSG00000031149.7', 'ENSMUSG00000109493.1']","['Praf2', 'Gm45208']",['ENSMUST00000033489.7'],"['ENSMUST00000208156.1', 'ENSMUST00000033489.7', 'ENSMUST00000207461.1']",['protein_coding']
chrX_7729933_7730267_+,7,480,chrX,7729933,7730267,+,GT-AG,GT,AG,annotated on 5',annotated on 3',0,1,"['ENSMUST00000208156.1', 'ENSMUST00000207461.1', 'ENSMUST00000033489.7']","['ENSMUST00000208156.1', 'ENSMUST00000207461.1', 'ENSMUST00000033489.7']","['ENSMUST00000208156.1', 'ENSMUST00000033489.7', 'ENSMUST00000207461.1']",[],[],"['nonsense_mediated_decay', 'protein_coding']","['ENSMUSG00000031149.7', 'ENSMUSG00000109493.1']","['Praf2', 'Gm45208']","['ENSMUST00000208156.1', 'ENSMUST00000033489.7', 'ENSMUST00000207461.1']","['ENSMUST00000208156.1', 'ENSMUST00000033489.7', 'ENSMUST00000207461.1']",['protein_coding']
chr1_4807982_4808454_+,9,230,chr1,4807982,4808454,+,GT-AG,GT,AG,annotated on 5',annotated on 3',0,1,"['ENSMUST00000134384.7', 'ENSMUST00000027036.10', 'ENSMUST00000150971.7', 'ENSMUST00000155020.1', 'ENSMUST00000119612.8', 'ENSMUST00000137887.7', 'ENSMUST00000115529.7']","['ENSMUST00000134384.7', 'ENSMUST00000027036.10', 'ENSMUST00000150971.7', 'ENSMUST00000119612.8', 'ENSMUST00000137887.7', 'ENSMUST00000115529.7', 'ENSMUST00000131119.1']","['ENSMUST00000150971.7', 'ENSMUST00000027036.10', 'ENSMUST00000137887.7', 'ENSMUST00000119612.8', 'ENSMUST00000115529.7', 'ENSMUST00000134384.7']",['ENSMUST00000155020.1'],['ENSMUST00000131119.1'],"['nonsense_mediated_decay', 'protein_coding']","['ENSMUSG00000025903.14', 'ENSMUSG00000104217.1']","['Lypla1', 'Gm37988']","['ENSMUST00000150971.7', 'ENSMUST00000027036.10', 'ENSMUST00000155020.1', 'ENSMUST00000137887.7', 'ENSMUST00000119612.8', 'ENSMUST00000115529.7', 'ENSMUST00000134384.7']","['ENSMUST00000150971.7', 'ENSMUST00000027036.10', 'ENSMUST00000137887.7', 'ENSMUST00000119612.8', 'ENSMUST00000115529.7', 'ENSMUST00000131119.1', 'ENSMUST00000134384.7']",['protein_coding']
chr1_4808486_4828583_+,9,204,chr1,4808486,4828583,+,GT-AG,GT,AG,annotated on 5',annotated on 3',0,1,"['ENSMUST00000134384.7', 'ENSMUST00000027036.10', 'ENSMUST00000150971.7', 'ENSMUST00000119612.8', 'ENSMUST00000137887.7', 'ENSMUST00000115529.7', 'ENSMUST00000131119.1']","['ENSMUST00000134384.7', 'ENSMUST00000027036.10', 'ENSMUST00000150971.7', 'ENSMUST00000155020.1', 'ENSMUST00000119612.8', 'ENSMUST00000137887.7', 'ENSMUST00000115529.7', 'ENSMUST00000131119.1']","['ENSMUST00000150971.7', 'ENSMUST00000027036.10', 'ENSMUST00000137887.7', 'ENSMUST00000119612.8', 'ENSMUST00000115529.7', 'ENSMUST00000131119.1', 'ENSMUST00000134384.7']",[],['ENSMUST00000155020.1'],"['nonsense_mediated_decay', 'protein_coding']","['ENSMUSG00000025903.14', 'ENSMUSG00000104217.1']","['Lypla1', 'Gm37988']","['ENSMUST00000150971.7', 'ENSMUST00000027036.10', 'ENSMUST00000137887.7', 'ENSMUST00000119612.8', 'ENSMUST00000115529.7', 'ENSMUST00000131119.1', 'ENSMUST00000134384.7']","['ENSMUST00000150971.7', 'ENSMUST00000027036.10', 'ENSMUST00000155020.1', 'ENSMUST00000137887.7', 'ENSMUST00000119612.8', 'ENSMUST00000115529.7', 'ENSMUST00000131119.1', 'ENSMUST00000134384.7']",['protein_coding']
chr1_4828649_4830267_+,10,276,chr1,4828649,4830267,+,GT-AG,GT,AG,annotated on 5',annotated on 3',0,1,"['ENSMUST00000134384.7', 'ENSMUST00000027036.10', 'ENSMUST00000150971.7', 'ENSMUST00000155020.1', 'ENSMUST00000119612.8', 'ENSMUST00000137887.7', 'ENSMUST00000115529.7', 'ENSMUST00000131119.1']","['ENSMUST00000134384.7', 'ENSMUST00000027036.10', 'ENSMUST00000150971.7', 'ENSMUST00000155020.1', 'ENSMUST00000119612.8', 'ENSMUST00000115529.7', 'ENSMUST00000131119.1']","['ENSMUST00000150971.7', 'ENSMUST00000027036.10', 'ENSMUST00000155020.1', 'ENSMUST00000119612.8', 'ENSMUST00000115529.7', 'ENSMUST00000131119.1', 'ENSMUST00000134384.7']",['ENSMUST00000137887.7'],[],"['nonsense_mediated_decay', 'protein_coding']","['ENSMUSG00000025903.14', 'ENSMUSG00000104217.1']","['Lypla1', 'Gm37988']","['ENSMUST00000150971.7', 'ENSMUST00000027036.10', 'ENSMUST00000155020.1', 'ENSMUST00000137887.7', 'ENSMUST00000119612.8', 'ENSMUST00000115529.7', 'ENSMUST00000131119.1', 'ENSMUST00000134384.7']","['ENSMUST00000150971.7', 'ENSMUST00000027036.10', 'ENSMUST00000155020.1', 'ENSMUST00000119612.8', 'ENSMUST00000115529.7', 'ENSMUST00000131119.1', 'ENSMUST00000134384.7']",['protein_coding']
chr1_4830315_4832310_+,11,320,chr1,4830315,4832310,+,GT-AG,GT,AG,annotated on 5',annotated on 3',0,1,"['ENSMUST00000134384.7', 'ENSMUST00000027036.10', 'ENSMUST00000150971.7', 'ENSMUST00000155020.1', 'ENSMUST00000119612.8', 'ENSMUST00000115529.7', 'ENSMUST00000131119.1']","['ENSMUST00000134384.7', 'ENSMUST00000027036.10', 'ENSMUST00000150971.7', 'ENSMUST00000155020.1', 'ENSMUST00000119612.8', 'ENSMUST00000137887.7', 'ENSMUST00000115529.7', 'ENSMUST00000131119.1']","['ENSMUST00000150971.7', 'ENSMUST00000027036.10', 'ENSMUST00000155020.1', 'ENSMUST00000119612.8', 'ENSMUST00000115529.7', 'ENSMUST00000131119.1', 'ENSMUST00000134384.7']",[],['ENSMUST00000137887.7'],"['nonsense_mediated_decay', 'protein_coding']","['ENSMUSG00000025903.14', 'ENSMUSG00000104217.1']","['Lypla1', 'Gm37988']","['ENSMUST00000150971.7', 'ENSMUST00000027036.10', 'ENSMUST00000155020.1', 'ENSMUST00000119612.8', 'ENSMUST00000115529.7', 'ENSMUST00000131119.1', 'ENSMUST00000134384.7']","['ENSMUST00000150971.7', 'ENSMUST00000027036.10', 'ENSMUST00000155020.1', 'ENSMUST00000137887.7', 'ENSMUST00000119612.8', 'ENSMUST00000115529.7', 'ENSMUST00000131119.1', 'ENSMUST00000134384.7']",['protein_coding']
chr1_4832381_4837000_+,10,339,chr1,4832381,4837000,+,GT-AG,GT,AG,annotated on 5',annotated on 3',0,1,"['ENSMUST00000134384.7', 'ENSMUST00000027036.10', 'ENSMUST00000150971.7', 'ENSMUST00000155020.1', 'ENSMUST00000137887.7', 'ENSMUST00000115529.7', 'ENSMUST00000131119.1']","['ENSMUST00000134384.7', 'ENSMUST00000027036.10', 'ENSMUST00000150971.7', 'ENSMUST00000155020.1', 'ENSMUST00000137887.7', 'ENSMUST00000115529.7', 'ENSMUST00000131119.1']","['ENSMUST00000150971.7', 'ENSMUST00000027036.10', 'ENSMUST00000137887.7', 'ENSMUST00000155020.1', 'ENSMUST00000115529.7', 'ENSMUST00000131119.1', 'ENSMUST00000134384.7']",['ENSMUST00000119612.8'],['ENSMUST00000141278.1'],"['nonsense_mediated_decay', 'protein_coding', 'retained_intron']","['ENSMUSG00000025903.14', 'ENSMUSG00000104217.1']","['Lypla1', 'Gm37988']","['ENSMUST00000150971.7', 'ENSMUST00000027036.10', 'ENSMUST00000155020.1', 'ENSMUST00000137887.7', 'ENSMUST00000119612.8', 'ENSMUST00000115529.7', 'ENSMUST00000131119.1', 'ENSMUST00000134384.7']","['ENSMUST00000150971.7', 'ENSMUST00000027036.10', 'ENSMUST00000137887.7', 'ENSMUST00000155020.1', 'ENSMUST00000141278.1', 'ENSMUST00000115529.7', 'ENSMUST00000131119.1', 'ENSMUST00000134384.7']",['protein_coding']
chr1_4837074_4839386_+,9,301,chr1,4837074,4839386,+,GT-AG,GT,AG,annotated on 5',annotated on 3',0,1,"['ENSMUST00000134384.7', 'ENSMUST00000027036.10', 'ENSMUST00000150971.7', 'ENSMUST00000155020.1', 'ENSMUST00000137887.7', 'ENSMUST00000115529.7', 'ENSMUST00000131119.1']","['ENSMUST00000134384.7', 'ENSMUST00000027036.10', 'ENSMUST00000150971.7', 'ENSMUST00000155020.1', 'ENSMUST00000137887.7', 'ENSMUST00000131119.1']","['ENSMUST00000150971.7', 'ENSMUST00000027036.10', 'ENSMUST00000137887.7', 'ENSMUST00000155020.1', 'ENSMUST00000131119.1', 'ENSMUST00000134384.7']",['ENSMUST00000115529.7'],[],"['nonsense_mediated_decay', 'protein_coding']","['ENSMUSG00000025903.14', 'ENSMUSG00000104217.1']","['Lypla1', 'Gm37988']","['ENSMUST00000150971.7', 'ENSMUST00000027036.10', 'ENSMUST00000137887.7', 'ENSMUST00000155020.1', 'ENSMUST00000115529.7', 'ENSMUST00000131119.1', 'ENSMUST00000134384.7']","['ENSMUST00000150971.7', 'ENSMUST00000027036.10', 'ENSMUST00000137887.7', 'ENSMUST00000155020.1', 'ENSMUST00000131119.1', 'ENSMUST00000134384.7']",['protein_coding']
chr1_4839488_4840955_+,10,313,chr1,4839488,4840955,+,GT-AG,GT,AG,annotated on 5',annotated on 3',0,1,"['ENSMUST00000134384.7', 'ENSMUST00000027036.10', 'ENSMUST00000150971.7', 'ENSMUST00000155020.1', 'ENSMUST00000137887.7', 'ENSMUST00000131119.1', 'ENSMUST00000141278.1']","['ENSMUST00000134384.7', 'ENSMUST00000027036.10', 'ENSMUST00000150971.7', 'ENSMUST00000155020.1', 'ENSMUST00000137887.7', 'ENSMUST00000115529.7', 'ENSMUST00000131119.1', 'ENSMUST00000141278.1']","['ENSMUST00000150971.7', 'ENSMUST00000027036.10', 'ENSMUST00000137887.7', 'ENSMUST00000155020.1', 'ENSMUST00000141278.1', 'ENSMUST00000131119.1', 'ENSMUST00000134384.7']",[],['ENSMUST00000115529.7'],"['nonsense_mediated_decay', 'protein_coding', 'retained_intron']","['ENSMUSG00000025903.14', 'ENSMUSG00000104217.1']","['Lypla1', 'Gm37988']","['ENSMUST00000150971.7', 'ENSMUST00000027036.10', 'ENSMUST00000137887.7', 'ENSMUST00000155020.1', 'ENSMUST00000141278.1', 'ENSMUST00000131119.1', 'ENSMUST00000134384.7']","['ENSMUST00000150971.7', 'ENSMUST00000027036.10', 'ENSMUST00000137887.7', 'ENSMUST00000155020.1', 'ENSMUST00000141278.1', 'ENSMUST00000115529.7', 'ENSMUST00000131119.1', 'ENSMUST00000134384.7']",['protein_coding']
chr1_88215175_88215794_+,8,1439,chr1,88215175,88215794,+,GT-AG,GT,AG,annotated on 5',annotated on 3',0,1,"['ENSMUST00000138182.7', 'ENSMUST00000113142.9', 'ENSMUST00000173325.1', 'ENSMUST00000073772.4', 'ENSMUST00000113139.1', 'ENSMUST00000150634.7', 'ENSMUST00000058237.13', 'ENSMUST00000126203.7', 'ENSMUST00000113138.7', 'ENSMUST00000113135.5', 'ENSMUST00000113137.1', 'ENSMUST00000113134.7', 'ENSMUST00000140092.7', 'ENSMUST00000014263.5', 'ENSMUST00000097659.4', 'ENSMUST00000049289.8', 'ENSMUST00000073049.6']","['ENSMUST00000138182.7', 'ENSMUST00000113142.9', 'ENSMUST00000173325.1', 'ENSMUST00000073772.4', 'ENSMUST00000113139.1', 'ENSMUST00000150634.7', 'ENSMUST00000058237.13', 'ENSMUST00000113138.7', 'ENSMUST00000113135.5', 'ENSMUST00000113137.1', 'ENSMUST00000113134.7', 'ENSMUST00000140092.7', 'ENSMUST00000014263.5', 'ENSMUST00000097659.4', 'ENSMUST00000049289.8', 'ENSMUST00000073049.6']","['ENSMUST00000113138.7', 'ENSMUST00000150634.7', 'ENSMUST00000073049.6', 'ENSMUST00000073772.4', 'ENSMUST00000113142.9', 'ENSMUST00000097659.4', 'ENSMUST00000173325.1', 'ENSMUST00000113134.7', 'ENSMUST00000113139.1', 'ENSMUST00000014263.5', 'ENSMUST00000113135.5', 'ENSMUST00000113137.1', 'ENSMUST00000049289.8', 'ENSMUST00000058237.13', 'ENSMUST00000140092.7', 'ENSMUST00000138182.7']",['ENSMUST00000126203.7'],[],"['nonsense_mediated_decay', 'protein_coding']","['ENSMUSG00000090175.1', 'ENSMUSG00000090145.7', 'ENSMUSG00000054545.17', 'ENSMUSG00000089675.1', 'ENSMUSG00000090124.7', 'ENSMUSG00000089943.1', 'ENSMUSG00000090171.1', 'ENSMUSG00000090165.8', 'ENSMUSG00000089960.1']","['Ugt1a9', 'Ugt1a6b', 'Ugt1a6a', 'Ugt1a8', 'Ugt1a7c', 'Ugt1a5', 'Ugt1a2', 'Ugt1a10', 'Ugt1a1']","['ENSMUST00000113138.7', 'ENSMUST00000150634.7', 'ENSMUST00000073049.6', 'ENSMUST00000073772.4', 'ENSMUST00000113142.9', 'ENSMUST00000126203.7', 'ENSMUST00000097659.4', 'ENSMUST00000173325.1', 'ENSMUST00000113134.7', 'ENSMUST00000113139.1', 'ENSMUST00000014263.5', 'ENSMUST00000113135.5', 'ENSMUST00000113137.1', 'ENSMUST00000049289.8', 'ENSMUST00000058237.13', 'ENSMUST00000140092.7', 'ENSMUST00000138182.7']","['ENSMUST00000113138.7', 'ENSMUST00000150634.7', 'ENSMUST00000073049.6', 'ENSMUST00000073772.4', 'ENSMUST00000113142.9', 'ENSMUST00000097659.4', 'ENSMUST00000173325.1', 'ENSMUST00000113134.7', 'ENSMUST00000113139.1', 'ENSMUST00000014263.5', 'ENSMUST00000113135.5', 'ENSMUST00000113137.1', 'ENSMUST00000049289.8', 'ENSMUST00000058237.13', 'ENSMUST00000140092.7', 'ENSMUST00000138182.7']",['protein_coding']
chr1_88216357_88218126_+,10,2070,chr1,88216357,88218126,+,GT-AG,GT,AG,annotated on 5',annotated on 3',0,1,"['ENSMUST00000138182.7', 'ENSMUST00000113142.9', 'ENSMUST00000073772.4', 'ENSMUST00000113139.1', 'ENSMUST00000150634.7', 'ENSMUST00000058237.13', 'ENSMUST00000126203.7', 'ENSMUST00000113138.7', 'ENSMUST00000113135.5', 'ENSMUST00000113137.1', 'ENSMUST00000113134.7', 'ENSMUST00000140092.7', 'ENSMUST00000014263.5', 'ENSMUST00000097659.4', 'ENSMUST00000049289.8', 'ENSMUST00000073049.6']","['ENSMUST00000113142.9', 'ENSMUST00000073772.4', 'ENSMUST00000113139.1', 'ENSMUST00000058237.13', 'ENSMUST00000126203.7', 'ENSMUST00000113138.7', 'ENSMUST00000113135.5', 'ENSMUST00000113137.1', 'ENSMUST00000113134.7', 'ENSMUST00000014263.5', 'ENSMUST00000097659.4', 'ENSMUST00000049289.8', 'ENSMUST00000073049.6']","['ENSMUST00000113138.7', 'ENSMUST00000073049.6', 'ENSMUST00000073772.4', 'ENSMUST00000113142.9', 'ENSMUST00000126203.7', 'ENSMUST00000097659.4', 'ENSMUST00000113134.7', 'ENSMUST00000113139.1', 'ENSMUST00000014263.5', 'ENSMUST00000113135.5', 'ENSMUST00000113137.1', 'ENSMUST00000049289.8', 'ENSMUST00000058237.13']","['ENSMUST00000173325.1', 'ENSMUST00000150634.7', 'ENSMUST00000140092.7', 'ENSMUST00000138182.7']",[],"['nonsense_mediated_decay', 'protein_coding']","['ENSMUSG00000090175.1', 'ENSMUSG00000090145.7', 'ENSMUSG00000054545.17', 'ENSMUSG00000089675.1', 'ENSMUSG00000090124.7', 'ENSMUSG00000089943.1', 'ENSMUSG00000090171.1', 'ENSMUSG00000090165.8', 'ENSMUSG00000089960.1']","['Ugt1a9', 'Ugt1a6b', 'Ugt1a6a', 'Ugt1a8', 'Ugt1a7c', 'Ugt1a5', 'Ugt1a2', 'Ugt1a10', 'Ugt1a1']","['ENSMUST00000113138.7', 'ENSMUST00000150634.7', 'ENSMUST00000073049.6', 'ENSMUST00000073772.4', 'ENSMUST00000113142.9', 'ENSMUST00000126203.7', 'ENSMUST00000097659.4', 'ENSMUST00000173325.1', 'ENSMUST00000113134.7', 'ENSMUST00000113139.1', 'ENSMUST00000014263.5', 'ENSMUST00000113135.5', 'ENSMUST00000113137.1', 'ENSMUST00000049289.8', 'ENSMUST00000058237.13', 'ENSMUST00000140092.7', 'ENSMUST00000138182.7']","['ENSMUST00000113138.7', 'ENSMUST00000073049.6', 'ENSMUST00000073772.4', 'ENSMUST00000113142.9', 'ENSMUST00000126203.7', 'ENSMUST00000097659.4', 'ENSMUST00000113134.7', 'ENSMUST00000113139.1', 'ENSMUST00000014263.5', 'ENSMUST00000113135.5', 'ENSMUST00000113137.1', 'ENSMUST00000049289.8', 'ENSMUST00000058237.13']",['protein_coding']
chr10_62783266_62783882_-,9,518,chr10,62783266,62783882,-,GT-AG,GT,AG,annotated on 5',annotated on 3',1,0,"['ENSMUST00000020268.6', 'ENSMUST00000219527.1', 'ENSMUST00000217940.1', 'ENSMUST00000217768.1', 'ENSMUST00000218946.1']","['ENSMUST00000020268.6', 'ENSMUST00000219527.1', 'ENSMUST00000217940.1', 'ENSMUST00000217768.1', 'ENSMUST00000218946.1']","['ENSMUST00000218946.1', 'ENSMUST00000020268.6', 'ENSMUST00000219527.1', 'ENSMUST00000217768.1', 'ENSMUST00000217940.1', 'ENSMUST00000218229.1']",[],['ENSMUST00000218355.1'],"['nonsense_mediated_decay', 'protein_coding', 'retained_intron', 'TEC']","['ENSMUSG00000112806.1', 'ENSMUSG00000020074.7']","['Gm48146', 'Ccar1']","['ENSMUST00000218946.1', 'ENSMUST00000020268.6', 'ENSMUST00000219527.1', 'ENSMUST00000217768.1', 'ENSMUST00000217940.1', 'ENSMUST00000218229.1']","['ENSMUST00000218946.1', 'ENSMUST00000218355.1', 'ENSMUST00000020268.6', 'ENSMUST00000219527.1', 'ENSMUST00000217768.1', 'ENSMUST00000217940.1', 'ENSMUST00000218229.1']","['protein_coding', 'TEC']"
chr10_75771506_75772737_-,10,460,chr10,75771506,75772737,-,GT-AG,GT,AG,annotated on 5',annotated on 3',1,0,"['ENSMUST00000172820.1', 'ENSMUST00000001716.7', 'ENSMUST00000173512.1']","['ENSMUST00000172820.1', 'ENSMUST00000001716.7', 'ENSMUST00000173512.1']","['ENSMUST00000001716.7', 'ENSMUST00000173512.1', 'ENSMUST00000172820.1']",[],[],['protein_coding'],"['ENSMUSG00000092360.1', 'ENSMUSG00000001666.8']","['Gm20441', 'Ddt']","['ENSMUST00000001716.7', 'ENSMUST00000173512.1', 'ENSMUST00000172820.1']","['ENSMUST00000001716.7', 'ENSMUST00000173512.1', 'ENSMUST00000172820.1']",['protein_coding']
chr10_75772913_75773215_-,7,531,chr10,75772913,75773215,-,GT-AG,GT,AG,annotated on 5',annotated on 3',1,0,['ENSMUST00000001716.7'],"['ENSMUST00000001716.7', 'ENSMUST00000173512.1']",['ENSMUST00000001716.7'],[],['ENSMUST00000173512.1'],['protein_coding'],"['ENSMUSG00000092360.1', 'ENSMUSG00000001666.8']","['Gm20441', 'Ddt']",['ENSMUST00000001716.7'],"['ENSMUST00000001716.7', 'ENSMUST00000173512.1']",['protein_coding']
chr10_80828796_80828892_+,23,421,chr10,80828796,80828892,+,GT-AG,GT,AG,annotated on 5',annotated on 3',0,1,"['ENSMUST00000060987.14', 'ENSMUST00000177850.7', 'ENSMUST00000180036.7', 'ENSMUST00000179172.7', 'ENSMUST00000179620.7', 'ENSMUST00000179341.1']",['ENSMUST00000179341.1'],"['ENSMUST00000177850.7', 'ENSMUST00000179172.7', 'ENSMUST00000179341.1', 'ENSMUST00000179620.7', 'ENSMUST00000157368.1', 'ENSMUST00000060987.14', 'ENSMUST00000180036.7']",[],[],"['miRNA', 'protein_coding']","['ENSMUSG00000035242.15', 'ENSMUSG00000087993.1']","['Oaz1', 'Mir1982']","['ENSMUST00000177850.7', 'ENSMUST00000179172.7', 'ENSMUST00000179341.1', 'ENSMUST00000179620.7', 'ENSMUST00000157368.1', 'ENSMUST00000060987.14', 'ENSMUST00000180036.7']","['ENSMUST00000177850.7', 'ENSMUST00000179172.7', 'ENSMUST00000179341.1', 'ENSMUST00000179620.7', 'ENSMUST00000157368.1', 'ENSMUST00000060987.14', 'ENSMUST00000180036.7']","['miRNA', 'protein_coding']"
chr10_81271526_81271661_+,7,414,chr10,81271526,81271661,+,GT-AG,GT,AG,annotated on 5',annotated on 3',0,1,"['ENSMUST00000220297.1', 'ENSMUST00000057798.8', 'ENSMUST00000219460.1', 'ENSMUST00000219919.1']","['ENSMUST00000220297.1', 'ENSMUST00000057798.8', 'ENSMUST00000219460.1', 'ENSMUST00000219919.1']","['ENSMUST00000219919.1', 'ENSMUST00000219460.1', 'ENSMUST00000220297.1', 'ENSMUST00000057798.8']",[],['ENSMUST00000175040.1'],"['miRNA', 'protein_coding', 'retained_intron']","['ENSMUSG00000092781.1', 'ENSMUSG00000004931.11']","['Mir3057', 'Apba3']","['ENSMUST00000219919.1', 'ENSMUST00000219460.1', 'ENSMUST00000220297.1', 'ENSMUST00000057798.8']","['ENSMUST00000220297.1', 'ENSMUST00000219460.1', 'ENSMUST00000175040.1', 'ENSMUST00000057798.8', 'ENSMUST00000219919.1']","['miRNA', 'protein_coding']"
chr11_4889986_4891402_+,5,468,chr11,4889986,4891402,+,GT-AG,GT,AG,annotated on 5',annotated on 3',0,1,"['ENSMUST00000038570.8', 'ENSMUST00000136552.7']","['ENSMUST00000038570.8', 'ENSMUST00000136552.7']","['ENSMUST00000136552.7', 'ENSMUST00000038570.8']",['ENSMUST00000149603.7'],['ENSMUST00000183479.1'],"['miRNA', 'nonsense_mediated_decay', 'processed_transcript', 'protein_coding']","['ENSMUSG00000034285.15', 'ENSMUSG00000098296.1']","['Nipsnap1', 'Mir6918']","['ENSMUST00000136552.7', 'ENSMUST00000149603.7', 'ENSMUST00000038570.8']","['ENSMUST00000183479.1', 'ENSMUST00000136552.7', 'ENSMUST00000038570.8']","['miRNA', 'protein_coding']"
chr11_4891486_4893119_+,6,422,chr11,4891486,4893119,+,GT-AG,GT,AG,annotated on 5',annotated on 3',0,1,"['ENSMUST00000038570.8', 'ENSMUST00000136552.7']","['ENSMUST00000038570.8', 'ENSMUST00000136552.7']","['ENSMUST00000136552.7', 'ENSMUST00000038570.8']",['ENSMUST00000183479.1'],[],"['nonsense_mediated_decay', 'miRNA', 'protein_coding']","['ENSMUSG00000034285.15', 'ENSMUSG00000098296.1']","['Nipsnap1', 'Mir6918']","['ENSMUST00000183479.1', 'ENSMUST00000136552.7', 'ENSMUST00000038570.8']","['ENSMUST00000136552.7', 'ENSMUST00000038570.8']","['miRNA', 'protein_coding']"
chr11_50232137_50232306_+,6,341,chr11,50232137,50232306,+,GT-AG,GT,AG,annotated on 5',annotated on 3',0,1,"['ENSMUST00000041725.13', 'ENSMUST00000151803.7']","['ENSMUST00000041725.13', 'ENSMUST00000151803.7']","['ENSMUST00000041725.13', 'ENSMUST00000151803.7']",[],['ENSMUST00000185146.1'],"['nonsense_mediated_decay', 'miRNA', 'protein_coding']","['ENSMUSG00000098474.1', 'ENSMUSG00000036620.14']","['Mir6919', 'Mgat4b']","['ENSMUST00000041725.13', 'ENSMUST00000151803.7']","['ENSMUST00000041725.13', 'ENSMUST00000151803.7', 'ENSMUST00000185146.1']","['miRNA', 'protein_coding']"
chr11_50232382_50232563_+,6,300,chr11,50232382,50232563,+,GT-AG,GT,AG,annotated on 5',annotated on 3',0,1,"['ENSMUST00000041725.13', 'ENSMUST00000151803.7']","['ENSMUST00000041725.13', 'ENSMUST00000151803.7']","['ENSMUST00000041725.13', 'ENSMUST00000151803.7']",['ENSMUST00000185146.1'],[],"['nonsense_mediated_decay', 'miRNA', 'protein_coding']","['ENSMUSG00000098474.1', 'ENSMUSG00000036620.14']","['Mir6919', 'Mgat4b']","['ENSMUST00000041725.13', 'ENSMUST00000151803.7', 'ENSMUST00000185146.1']","['ENSMUST00000041725.13', 'ENSMUST00000151803.7']","['miRNA', 'protein_coding']"
chr11_93955624_93955825_-,34,4242,chr11,93955624,93955825,-,GT-AG,GT,AG,annotated on 5',annotated on 3',1,0,['ENSMUST00000021217.10'],"['ENSMUST00000021217.10', 'ENSMUST00000170303.1']",['ENSMUST00000021217.10'],[],['ENSMUST00000170303.1'],['protein_coding'],"['ENSMUSG00000091228.1', 'ENSMUSG00000020857.11']","['Gm20390', 'Nme2']",['ENSMUST00000021217.10'],"['ENSMUST00000170303.1', 'ENSMUST00000021217.10']",['protein_coding']
chr11_93959513_93960667_-,20,2305,chr11,93959513,93960667,-,GT-AG,GT,AG,annotated on 5',annotated on 3',1,0,"['ENSMUST00000170303.1', 'ENSMUST00000135884.7', 'ENSMUST00000021220.9', 'ENSMUST00000107844.2']","['ENSMUST00000135884.7', 'ENSMUST00000021220.9']","['ENSMUST00000021220.9', 'ENSMUST00000135884.7']","['ENSMUST00000170303.1', 'ENSMUST00000107844.2']",[],['protein_coding'],"['ENSMUSG00000091228.1', 'ENSMUSG00000037601.11']","['Gm20390', 'Nme1']","['ENSMUST00000021220.9', 'ENSMUST00000170303.1', 'ENSMUST00000135884.7', 'ENSMUST00000107844.2']","['ENSMUST00000021220.9', 'ENSMUST00000135884.7']",['protein_coding']
chr11_93960780_93963226_-,21,3388,chr11,93960780,93963226,-,GT-AG,GT,AG,annotated on 5',annotated on 3',1,0,"['ENSMUST00000170303.1', 'ENSMUST00000135884.7', 'ENSMUST00000021220.9', 'ENSMUST00000107844.2']","['ENSMUST00000170303.1', 'ENSMUST00000135884.7', 'ENSMUST00000021220.9']","['ENSMUST00000021220.9', 'ENSMUST00000170303.1', 'ENSMUST00000135884.7', 'ENSMUST00000107844.2']",[],[],['protein_coding'],"['ENSMUSG00000091228.1', 'ENSMUSG00000037601.11']","['Gm20390', 'Nme1']","['ENSMUST00000021220.9', 'ENSMUST00000170303.1', 'ENSMUST00000135884.7', 'ENSMUST00000107844.2']","['ENSMUST00000021220.9', 'ENSMUST00000170303.1', 'ENSMUST00000135884.7', 'ENSMUST00000107844.2']",['protein_coding']
chr11_93963328_93965807_-,21,1852,chr11,93963328,93965807,-,GT-AG,GT,AG,annotated on 5',annotated on 3',1,0,"['ENSMUST00000170303.1', 'ENSMUST00000135884.7', 'ENSMUST00000021220.9', 'ENSMUST00000107844.2']","['ENSMUST00000170303.1', 'ENSMUST00000135884.7', 'ENSMUST00000021220.9', 'ENSMUST00000107844.2']","['ENSMUST00000021220.9', 'ENSMUST00000170303.1', 'ENSMUST00000135884.7', 'ENSMUST00000107844.2']",[],[],['protein_coding'],"['ENSMUSG00000091228.1', 'ENSMUSG00000037601.11']","['Gm20390', 'Nme1']","['ENSMUST00000021220.9', 'ENSMUST00000170303.1', 'ENSMUST00000135884.7', 'ENSMUST00000107844.2']","['ENSMUST00000021220.9', 'ENSMUST00000170303.1', 'ENSMUST00000135884.7', 'ENSMUST00000107844.2']",['protein_coding']
chr11_93965937_93968220_-,20,2400,chr11,93965937,93968220,-,GT-AG,GT,AG,annotated on 5',annotated on 3',1,0,"['ENSMUST00000170303.1', 'ENSMUST00000135884.7', 'ENSMUST00000107844.2']","['ENSMUST00000170303.1', 'ENSMUST00000135884.7', 'ENSMUST00000107844.2']","['ENSMUST00000170303.1', 'ENSMUST00000135884.7', 'ENSMUST00000107844.2']",[],[],['protein_coding'],"['ENSMUSG00000091228.1', 'ENSMUSG00000037601.11']","['Gm20390', 'Nme1']","['ENSMUST00000170303.1', 'ENSMUST00000135884.7', 'ENSMUST00000107844.2']","['ENSMUST00000170303.1', 'ENSMUST00000135884.7', 'ENSMUST00000107844.2']",['protein_coding']
chr14_54616821_54617793_-,27,2906,chr14,54616821,54617793,-,GT-AG,GT,AG,annotated on 5',annotated on 3',1,0,"['ENSMUST00000022803.5', 'ENSMUST00000227257.1']","['ENSMUST00000022803.5', 'ENSMUST00000227257.1']","['ENSMUST00000022803.5', 'ENSMUST00000227257.1']",[],['ENSMUST00000102174.1'],"['miRNA', 'protein_coding']","['ENSMUSG00000022193.7', 'ENSMUSG00000076128.1']","['Psmb5', 'Mir686']","['ENSMUST00000022803.5', 'ENSMUST00000227257.1']","['ENSMUST00000022803.5', 'ENSMUST00000227257.1', 'ENSMUST00000102174.1']","['miRNA', 'protein_coding']"
chr14_55636612_55637858_-,10,319,chr14,55636612,55637858,-,GT-AG,GT,AG,annotated on 5',annotated on 3',1,0,"['ENSMUST00000156420.8', 'ENSMUST00000120041.7', 'ENSMUST00000122358.7', 'ENSMUST00000121791.7', 'ENSMUST00000149726.7', 'ENSMUST00000002391.14']","['ENSMUST00000156420.8', 'ENSMUST00000120041.7', 'ENSMUST00000122358.7', 'ENSMUST00000121937.7', 'ENSMUST00000121791.7', 'ENSMUST00000149726.7', 'ENSMUST00000002391.14']","['ENSMUST00000121791.7', 'ENSMUST00000122358.7', 'ENSMUST00000149726.7', 'ENSMUST00000120041.7', 'ENSMUST00000002391.14', 'ENSMUST00000156420.8', 'ENSMUST00000121937.7']",['ENSMUST00000132338.7'],[],"['nonsense_mediated_decay', 'protein_coding']","['ENSMUSG00000115232.1', 'ENSMUSG00000002320.15']","['Gm49378', 'Tm9sf1']","['ENSMUST00000132338.7', 'ENSMUST00000121791.7', 'ENSMUST00000122358.7', 'ENSMUST00000149726.7', 'ENSMUST00000120041.7', 'ENSMUST00000002391.14', 'ENSMUST00000156420.8', 'ENSMUST00000121937.7']","['ENSMUST00000121791.7', 'ENSMUST00000122358.7', 'ENSMUST00000149726.7', 'ENSMUST00000120041.7', 'ENSMUST00000002391.14', 'ENSMUST00000156420.8', 'ENSMUST00000121937.7']",['protein_coding']
chr15_79034061_79034959_+,7,214,chr15,79034061,79034959,+,GT-AG,GT,AG,annotated on 5',annotated on 3',0,1,"['ENSMUST00000006544.8', 'ENSMUST00000171999.8', 'ENSMUST00000229276.1']","['ENSMUST00000006544.8', 'ENSMUST00000171999.8', 'ENSMUST00000229276.1']","['ENSMUST00000006544.8', 'ENSMUST00000171999.8', 'ENSMUST00000229276.1']",[],[],['protein_coding'],"['ENSMUSG00000006378.15', 'ENSMUSG00000116378.1']","['Gcat', 'Gcat']","['ENSMUST00000006544.8', 'ENSMUST00000171999.8', 'ENSMUST00000229276.1']","['ENSMUST00000006544.8', 'ENSMUST00000171999.8', 'ENSMUST00000229276.1']",['protein_coding']
chr15_79035061_79035256_+,6,219,chr15,79035061,79035256,+,GT-AG,GT,AG,annotated on 5',annotated on 3',0,1,"['ENSMUST00000006544.8', 'ENSMUST00000171999.8', 'ENSMUST00000229276.1']","['ENSMUST00000006544.8', 'ENSMUST00000171999.8', 'ENSMUST00000229276.1']","['ENSMUST00000006544.8', 'ENSMUST00000171999.8', 'ENSMUST00000229276.1']",[],[],['protein_coding'],"['ENSMUSG00000006378.15', 'ENSMUSG00000116378.1']","['Gcat', 'Gcat']","['ENSMUST00000006544.8', 'ENSMUST00000171999.8', 'ENSMUST00000229276.1']","['ENSMUST00000006544.8', 'ENSMUST00000171999.8', 'ENSMUST00000229276.1']",['protein_coding']
chr15_79035931_79036019_+,7,340,chr15,79035931,79036019,+,GT-AG,GT,AG,annotated on 5',annotated on 3',0,1,"['ENSMUST00000006544.8', 'ENSMUST00000171999.8', 'ENSMUST00000229276.1']","['ENSMUST00000006544.8', 'ENSMUST00000171999.8', 'ENSMUST00000229276.1']","['ENSMUST00000006544.8', 'ENSMUST00000171999.8', 'ENSMUST00000229276.1']",[],[],['protein_coding'],"['ENSMUSG00000006378.15', 'ENSMUSG00000116378.1']","['Gcat', 'Gcat']","['ENSMUST00000006544.8', 'ENSMUST00000171999.8', 'ENSMUST00000229276.1']","['ENSMUST00000006544.8', 'ENSMUST00000171999.8', 'ENSMUST00000229276.1']",['protein_coding']
chr15_79036102_79036266_+,6,280,chr15,79036102,79036266,+,GT-AG,GT,AG,annotated on 5',annotated on 3',0,1,"['ENSMUST00000006544.8', 'ENSMUST00000171999.8', 'ENSMUST00000229276.1']","['ENSMUST00000006544.8', 'ENSMUST00000171999.8', 'ENSMUST00000229276.1']","['ENSMUST00000006544.8', 'ENSMUST00000171999.8', 'ENSMUST00000229276.1']",[],[],['protein_coding'],"['ENSMUSG00000006378.15', 'ENSMUSG00000116378.1']","['Gcat', 'Gcat']","['ENSMUST00000006544.8', 'ENSMUST00000171999.8', 'ENSMUST00000229276.1']","['ENSMUST00000006544.8', 'ENSMUST00000171999.8', 'ENSMUST00000229276.1']",['protein_coding']
chr15_84192384_84195743_+,11,340,chr15,84192384,84195743,+,GT-AG,GT,AG,annotated on 5',annotated on 3',0,1,['ENSMUST00000023071.7'],"['ENSMUST00000231124.1', 'ENSMUST00000023071.7']",['ENSMUST00000023071.7'],[],"['ENSMUST00000231124.1', 'ENSMUST00000230659.1']","['processed_transcript', 'protein_coding', 'retained_intron']","['ENSMUSG00000116227.1', 'ENSMUSG00000022437.7']","['Gm49513', 'Samm50']",['ENSMUST00000023071.7'],"['ENSMUST00000231124.1', 'ENSMUST00000023071.7', 'ENSMUST00000230659.1']","['processed_transcript', 'protein_coding']"
chr15_84195854_84197004_+,11,270,chr15,84195854,84197004,+,GT-AG,GT,AG,annotated on 5',annotated on 3',0,1,"['ENSMUST00000023071.7', 'ENSMUST00000230659.1']","['ENSMUST00000023071.7', 'ENSMUST00000230659.1']","['ENSMUST00000023071.7', 'ENSMUST00000230659.1']",['ENSMUST00000231124.1'],[],"['processed_transcript', 'protein_coding', 'retained_intron']","['ENSMUSG00000116227.1', 'ENSMUSG00000022437.7']","['Gm49513', 'Samm50']","['ENSMUST00000231124.1', 'ENSMUST00000023071.7', 'ENSMUST00000230659.1']","['ENSMUST00000023071.7', 'ENSMUST00000230659.1']","['processed_transcript', 'protein_coding']"
chr15_98951691_98953450_-,23,4188,chr15,98951691,98953450,-,GT-AG,GT,AG,annotated on 5',annotated on 3',1,0,"['ENSMUST00000134214.2', 'ENSMUST00000097014.6']","['ENSMUST00000134214.2', 'ENSMUST00000097014.6']","['ENSMUST00000134214.2', 'ENSMUST00000097014.6']",[],[],['protein_coding'],"['ENSMUSG00000072235.6', 'ENSMUSG00000116358.1']","['Tuba1a', 'Gm49450']","['ENSMUST00000134214.2', 'ENSMUST00000097014.6']","['ENSMUST00000134214.2', 'ENSMUST00000097014.6']",['protein_coding']
chr16_38347207_38349240_+,24,666,chr16,38347207,38349240,+,GT-AG,GT,AG,annotated on 5',annotated on 3',0,0,"['ENSMUST00000050273.8', 'ENSMUST00000120495.1', 'ENSMUST00000119704.1']","['ENSMUST00000050273.8', 'ENSMUST00000120495.1', 'ENSMUST00000119704.1', 'ENSMUST00000134709.1']","['ENSMUST00000120495.1', 'ENSMUST00000050273.8', 'ENSMUST00000119704.1']",['ENSMUST00000152868.1'],"['ENSMUST00000156026.1', 'ENSMUST00000134709.1']","['processed_transcript', 'protein_coding', 'retained_intron']","['ENSMUSG00000095464.1', 'ENSMUSG00000046516.10']","['Gm21987', 'Cox17']","['ENSMUST00000120495.1', 'ENSMUST00000152868.1', 'ENSMUST00000050273.8', 'ENSMUST00000119704.1']","['ENSMUST00000134709.1', 'ENSMUST00000120495.1', 'ENSMUST00000050273.8', 'ENSMUST00000156026.1', 'ENSMUST00000119704.1']",['protein_coding']
chr17_34858154_34858497_-,7,1998,chr17,34858154,34858497,-,GT-AG,GT,AG,annotated on 5',annotated on 3',1,0,"['ENSMUST00000141295.7', 'ENSMUST00000128767.7', 'ENSMUST00000154526.7', 'ENSMUST00000025229.10', 'ENSMUST00000176203.8', 'ENSMUST00000146299.7', 'ENSMUST00000129891.1', 'ENSMUST00000133127.1']","['ENSMUST00000141295.7', 'ENSMUST00000128767.7', 'ENSMUST00000154526.7', 'ENSMUST00000025229.10', 'ENSMUST00000176203.8', 'ENSMUST00000146299.7', 'ENSMUST00000129891.1']","['ENSMUST00000128767.7', 'ENSMUST00000176203.8', 'ENSMUST00000146299.7', 'ENSMUST00000141295.7', 'ENSMUST00000025229.10', 'ENSMUST00000129891.1', 'ENSMUST00000154526.7']",['ENSMUST00000133127.1'],['ENSMUST00000153400.7'],"['nonsense_mediated_decay', 'protein_coding']","['ENSMUSG00000090231.10', 'ENSMUSG00000092511.7']","['Cfb', 'Gm20547']","['ENSMUST00000128767.7', 'ENSMUST00000176203.8', 'ENSMUST00000146299.7', 'ENSMUST00000141295.7', 'ENSMUST00000025229.10', 'ENSMUST00000129891.1', 'ENSMUST00000133127.1', 'ENSMUST00000154526.7']","['ENSMUST00000128767.7', 'ENSMUST00000176203.8', 'ENSMUST00000153400.7', 'ENSMUST00000146299.7', 'ENSMUST00000141295.7', 'ENSMUST00000025229.10', 'ENSMUST00000129891.1', 'ENSMUST00000154526.7']",['protein_coding']
chr17_34858595_34859008_-,7,1486,chr17,34858595,34859008,-,GT-AG,GT,AG,annotated on 5',annotated on 3',1,0,"['ENSMUST00000141295.7', 'ENSMUST00000128767.7', 'ENSMUST00000154526.7', 'ENSMUST00000025229.10', 'ENSMUST00000176203.8', 'ENSMUST00000176332.1', 'ENSMUST00000146299.7', 'ENSMUST00000129891.1', 'ENSMUST00000133127.1']","['ENSMUST00000141295.7', 'ENSMUST00000128767.7', 'ENSMUST00000154526.7', 'ENSMUST00000025229.10', 'ENSMUST00000176203.8', 'ENSMUST00000146299.7', 'ENSMUST00000129891.1', 'ENSMUST00000133127.1']","['ENSMUST00000128767.7', 'ENSMUST00000176203.8', 'ENSMUST00000146299.7', 'ENSMUST00000141295.7', 'ENSMUST00000025229.10', 'ENSMUST00000129891.1', 'ENSMUST00000133127.1', 'ENSMUST00000154526.7']",['ENSMUST00000176332.1'],[],"['nonsense_mediated_decay', 'protein_coding']","['ENSMUSG00000090231.10', 'ENSMUSG00000092511.7']","['Cfb', 'Gm20547']","['ENSMUST00000128767.7', 'ENSMUST00000176203.8', 'ENSMUST00000176332.1', 'ENSMUST00000146299.7', 'ENSMUST00000141295.7', 'ENSMUST00000025229.10', 'ENSMUST00000129891.1', 'ENSMUST00000133127.1', 'ENSMUST00000154526.7']","['ENSMUST00000128767.7', 'ENSMUST00000176203.8', 'ENSMUST00000146299.7', 'ENSMUST00000141295.7', 'ENSMUST00000025229.10', 'ENSMUST00000129891.1', 'ENSMUST00000133127.1', 'ENSMUST00000154526.7']",['protein_coding']
chr17_35243450_35244135_+,16,995,chr17,35243450,35244135,+,GT-AG,GT,AG,annotated on 5',annotated on 3',0,1,"['ENSMUST00000068056.11', 'ENSMUST00000174757.7', 'ENSMUST00000174164.1', 'ENSMUST00000173731.7', 'ENSMUST00000172549.1']","['ENSMUST00000068056.11', 'ENSMUST00000174757.7', 'ENSMUST00000174164.1', 'ENSMUST00000173731.7', 'ENSMUST00000172549.1']","['ENSMUST00000173731.7', 'ENSMUST00000172549.1', 'ENSMUST00000174164.1', 'ENSMUST00000068056.11', 'ENSMUST00000174757.7']",[],['ENSMUST00000184879.1'],"['miRNA', 'protein_coding', 'retained_intron']","['ENSMUSG00000098499.1', 'ENSMUSG00000019432.15']","['Mir6975', 'Ddx39b']","['ENSMUST00000173731.7', 'ENSMUST00000172549.1', 'ENSMUST00000174164.1', 'ENSMUST00000068056.11', 'ENSMUST00000174757.7']","['ENSMUST00000173731.7', 'ENSMUST00000172549.1', 'ENSMUST00000174164.1', 'ENSMUST00000068056.11', 'ENSMUST00000184879.1', 'ENSMUST00000174757.7']","['miRNA', 'protein_coding']"
chr17_35249069_35251246_+,17,1134,chr17,35249069,35251246,+,GT-AG,GT,AG,annotated on 5',annotated on 3',0,1,"['ENSMUST00000068056.11', 'ENSMUST00000173731.7', 'ENSMUST00000172549.1']","['ENSMUST00000068056.11', 'ENSMUST00000173731.7', 'ENSMUST00000172549.1']","['ENSMUST00000172549.1', 'ENSMUST00000173731.7', 'ENSMUST00000068056.11']",['ENSMUST00000174757.7'],['ENSMUST00000183361.1'],"['miRNA', 'protein_coding']","['ENSMUSG00000098269.1', 'ENSMUSG00000019432.15']","['Mir8094', 'Ddx39b']","['ENSMUST00000172549.1', 'ENSMUST00000173731.7', 'ENSMUST00000174757.7', 'ENSMUST00000068056.11']","['ENSMUST00000183361.1', 'ENSMUST00000172549.1', 'ENSMUST00000173731.7', 'ENSMUST00000068056.11']","['miRNA', 'protein_coding']"
chr17_35251378_35252746_+,18,1052,chr17,35251378,35252746,+,GT-AG,GT,AG,annotated on 5',annotated on 3',0,1,"['ENSMUST00000068056.11', 'ENSMUST00000173731.7', 'ENSMUST00000172549.1']","['ENSMUST00000068056.11', 'ENSMUST00000173731.7', 'ENSMUST00000172549.1']","['ENSMUST00000172549.1', 'ENSMUST00000173731.7', 'ENSMUST00000068056.11']",['ENSMUST00000183361.1'],[],"['miRNA', 'protein_coding']","['ENSMUSG00000098269.1', 'ENSMUSG00000019432.15']","['Mir8094', 'Ddx39b']","['ENSMUST00000183361.1', 'ENSMUST00000172549.1', 'ENSMUST00000173731.7', 'ENSMUST00000068056.11']","['ENSMUST00000172549.1', 'ENSMUST00000173731.7', 'ENSMUST00000068056.11']","['miRNA', 'protein_coding']"
chr17_47687008_47687187_-,31,1116,chr17,47687008,47687187,-,GT-AG,GT,AG,annotated on 5',annotated on 3',1,0,"['ENSMUST00000113302.9', 'ENSMUST00000143789.4', 'ENSMUST00000113301.1']","['ENSMUST00000113302.9', 'ENSMUST00000143789.4']","['ENSMUST00000143789.4', 'ENSMUST00000113302.9', 'ENSMUST00000113301.1']",[],[],"['nonsense_mediated_decay', 'protein_coding']","['ENSMUSG00000033475.15', 'ENSMUSG00000079444.9']","['Tomm6', 'Gm21981']","['ENSMUST00000143789.4', 'ENSMUST00000113302.9', 'ENSMUST00000113301.1']","['ENSMUST00000143789.4', 'ENSMUST00000113302.9', 'ENSMUST00000113301.1']",['protein_coding']
chr17_47687288_47687898_-,30,868,chr17,47687288,47687898,-,GT-AG,GT,AG,annotated on 5',annotated on 3',1,0,"['ENSMUST00000113302.9', 'ENSMUST00000143789.4', 'ENSMUST00000113301.1', 'ENSMUST00000143156.1']","['ENSMUST00000113302.9', 'ENSMUST00000143789.4', 'ENSMUST00000113301.1', 'ENSMUST00000143156.1']","['ENSMUST00000143789.4', 'ENSMUST00000143156.1', 'ENSMUST00000113302.9', 'ENSMUST00000113301.1']",[],[],"['nonsense_mediated_decay', 'protein_coding', 'retained_intron']","['ENSMUSG00000033475.15', 'ENSMUSG00000079444.9']","['Tomm6', 'Gm21981']","['ENSMUST00000143789.4', 'ENSMUST00000143156.1', 'ENSMUST00000113302.9', 'ENSMUST00000113301.1']","['ENSMUST00000143789.4', 'ENSMUST00000143156.1', 'ENSMUST00000113302.9', 'ENSMUST00000113301.1']",['protein_coding']
chr19_3287755_3288983_+,13,293,chr19,3287755,3288983,+,GT-AG,GT,AG,annotated on 5',annotated on 3',0,1,"['ENSMUST00000025745.9', 'ENSMUST00000139844.7', 'ENSMUST00000025743.6', 'ENSMUST00000154785.1']","['ENSMUST00000025745.9', 'ENSMUST00000139844.7', 'ENSMUST00000025743.6', 'ENSMUST00000154785.1']","['ENSMUST00000025745.9', 'ENSMUST00000139844.7', 'ENSMUST00000025743.6', 'ENSMUST00000154785.1']",['ENSMUST00000141610.1'],['ENSMUST00000185105.1'],"['nonsense_mediated_decay', 'miRNA', 'protein_coding', 'retained_intron']","['ENSMUSG00000099261.1', 'ENSMUSG00000024829.12']","['Mir6984', 'Mrpl21']","['ENSMUST00000139844.7', 'ENSMUST00000141610.1', 'ENSMUST00000025745.9', 'ENSMUST00000025743.6', 'ENSMUST00000154785.1']","['ENSMUST00000139844.7', 'ENSMUST00000025745.9', 'ENSMUST00000025743.6', 'ENSMUST00000185105.1', 'ENSMUST00000154785.1']","['miRNA', 'protein_coding']"
chr2_25573699_25574187_-,16,528,chr2,25573699,25574187,-,GT-AG,GT,AG,annotated on 5',annotated on 3',1,0,"['ENSMUST00000142811.1', 'ENSMUST00000039156.6', 'ENSMUST00000147096.1']","['ENSMUST00000142811.1', 'ENSMUST00000039156.6', 'ENSMUST00000147096.1']","['ENSMUST00000147096.1', 'ENSMUST00000142811.1', 'ENSMUST00000039156.6']",[],[],"['processed_transcript', 'protein_coding']","['ENSMUSG00000026941.16', 'ENSMUSG00000036504.6']","['Mamdc4', 'Phpt1']","['ENSMUST00000147096.1', 'ENSMUST00000142811.1', 'ENSMUST00000039156.6']","['ENSMUST00000147096.1', 'ENSMUST00000142811.1', 'ENSMUST00000039156.6']",['protein_coding']
chr2_25574312_25574682_-,15,336,chr2,25574312,25574682,-,GT-AG,GT,AG,annotated on 5',annotated on 3',1,0,"['ENSMUST00000142811.1', 'ENSMUST00000039156.6', 'ENSMUST00000147096.1']","['ENSMUST00000142811.1', 'ENSMUST00000039156.6']","['ENSMUST00000142811.1', 'ENSMUST00000039156.6']",['ENSMUST00000147096.1'],[],"['processed_transcript', 'protein_coding']","['ENSMUSG00000026941.16', 'ENSMUSG00000036504.6']","['Mamdc4', 'Phpt1']","['ENSMUST00000147096.1', 'ENSMUST00000142811.1', 'ENSMUST00000039156.6']","['ENSMUST00000142811.1', 'ENSMUST00000039156.6']",['protein_coding']
chr2_167609247_167610303_-,20,1458,chr2,167609247,167610303,-,GT-AG,GT,AG,annotated on 5',annotated on 3',1,0,"['ENSMUST00000109207.9', 'ENSMUST00000125544.2', 'ENSMUST00000151365.7', 'ENSMUST00000130284.1', 'ENSMUST00000144628.1']","['ENSMUST00000109207.9', 'ENSMUST00000060645.12', 'ENSMUST00000125544.2', 'ENSMUST00000151365.7', 'ENSMUST00000130284.1', 'ENSMUST00000144628.1']","['ENSMUST00000130284.1', 'ENSMUST00000151365.7', 'ENSMUST00000144628.1', 'ENSMUST00000109207.9', 'ENSMUST00000125544.2']",['ENSMUST00000140216.1'],['ENSMUST00000060645.12'],"['processed_transcript', 'protein_coding', 'retained_intron']","['ENSMUSG00000089739.2', 'ENSMUSG00000078923.10']","['Gm20431', 'Ube2v1']","['ENSMUST00000130284.1', 'ENSMUST00000151365.7', 'ENSMUST00000144628.1', 'ENSMUST00000109207.9', 'ENSMUST00000125544.2', 'ENSMUST00000140216.1']","['ENSMUST00000060645.12', 'ENSMUST00000130284.1', 'ENSMUST00000151365.7', 'ENSMUST00000144628.1', 'ENSMUST00000109207.9', 'ENSMUST00000125544.2']",['protein_coding']
chr2_167610429_167617828_-,22,1108,chr2,167610429,167617828,-,GT-AG,GT,AG,annotated on 5',annotated on 3',1,0,"['ENSMUST00000109207.9', 'ENSMUST00000060645.12', 'ENSMUST00000125544.2', 'ENSMUST00000151365.7', 'ENSMUST00000130284.1', 'ENSMUST00000140216.1']","['ENSMUST00000109207.9', 'ENSMUST00000125544.2', 'ENSMUST00000151365.7', 'ENSMUST00000130284.1', 'ENSMUST00000140216.1']","['ENSMUST00000130284.1', 'ENSMUST00000151365.7', 'ENSMUST00000109207.9', 'ENSMUST00000125544.2', 'ENSMUST00000140216.1']",['ENSMUST00000060645.12'],[],"['processed_transcript', 'protein_coding']","['ENSMUSG00000089739.2', 'ENSMUSG00000078923.10']","['Gm20431', 'Ube2v1']","['ENSMUST00000060645.12', 'ENSMUST00000130284.1', 'ENSMUST00000151365.7', 'ENSMUST00000109207.9', 'ENSMUST00000125544.2', 'ENSMUST00000140216.1']","['ENSMUST00000130284.1', 'ENSMUST00000151365.7', 'ENSMUST00000109207.9', 'ENSMUST00000125544.2', 'ENSMUST00000140216.1']",['protein_coding']
chr2_167617977_167631939_-,19,535,chr2,167617977,167631939,-,GT-AG,GT,AG,annotated on 5',annotated on 3',1,0,"['ENSMUST00000109207.9', 'ENSMUST00000060645.12', 'ENSMUST00000151365.7', 'ENSMUST00000130284.1', 'ENSMUST00000140216.1', 'ENSMUST00000144830.1']","['ENSMUST00000109207.9', 'ENSMUST00000060645.12', 'ENSMUST00000125544.2', 'ENSMUST00000151365.7', 'ENSMUST00000130284.1', 'ENSMUST00000140216.1', 'ENSMUST00000144830.1']","['ENSMUST00000060645.12', 'ENSMUST00000130284.1', 'ENSMUST00000151365.7', 'ENSMUST00000144830.1', 'ENSMUST00000109207.9', 'ENSMUST00000140216.1']",[],['ENSMUST00000125544.2'],"['processed_transcript', 'protein_coding', 'retained_intron']","['ENSMUSG00000089739.2', 'ENSMUSG00000078923.10']","['Gm20431', 'Ube2v1']","['ENSMUST00000060645.12', 'ENSMUST00000130284.1', 'ENSMUST00000151365.7', 'ENSMUST00000144830.1', 'ENSMUST00000109207.9', 'ENSMUST00000140216.1']","['ENSMUST00000060645.12', 'ENSMUST00000130284.1', 'ENSMUST00000151365.7', 'ENSMUST00000144830.1', 'ENSMUST00000109207.9', 'ENSMUST00000125544.2', 'ENSMUST00000140216.1']",['protein_coding']
chr2_168210636_168211365_-,14,593,chr2,168210636,168211365,-,GT-AG,GT,AG,annotated on 5',annotated on 3',1,0,"['ENSMUST00000138667.1', 'ENSMUST00000154111.7', 'ENSMUST00000153258.7', 'ENSMUST00000109193.7', 'ENSMUST00000136582.1', 'ENSMUST00000141036.7', 'ENSMUST00000099072.10', 'ENSMUST00000140249.7']","['ENSMUST00000138667.1', 'ENSMUST00000154111.7', 'ENSMUST00000153258.7', 'ENSMUST00000109193.7', 'ENSMUST00000136582.1', 'ENSMUST00000141036.7', 'ENSMUST00000099072.10', 'ENSMUST00000140249.7']","['ENSMUST00000153258.7', 'ENSMUST00000099072.10', 'ENSMUST00000154111.7', 'ENSMUST00000138667.1', 'ENSMUST00000140249.7', 'ENSMUST00000136582.1', 'ENSMUST00000109193.7', 'ENSMUST00000141036.7']",['ENSMUST00000150437.7'],[],"['nonsense_mediated_decay', 'processed_transcript', 'protein_coding', 'retained_intron']","['ENSMUSG00000078919.10', 'ENSMUSG00000093752.1']","['Dpm1', 'Gm20716']","['ENSMUST00000153258.7', 'ENSMUST00000099072.10', 'ENSMUST00000154111.7', 'ENSMUST00000150437.7', 'ENSMUST00000138667.1', 'ENSMUST00000140249.7', 'ENSMUST00000136582.1', 'ENSMUST00000109193.7', 'ENSMUST00000141036.7']","['ENSMUST00000153258.7', 'ENSMUST00000099072.10', 'ENSMUST00000154111.7', 'ENSMUST00000138667.1', 'ENSMUST00000140249.7', 'ENSMUST00000136582.1', 'ENSMUST00000109193.7', 'ENSMUST00000141036.7']",['protein_coding']
chr2_168211480_168212959_-,15,428,chr2,168211480,168212959,-,GT-AG,GT,AG,annotated on 5',annotated on 3',1,0,"['ENSMUST00000138667.1', 'ENSMUST00000154111.7', 'ENSMUST00000153258.7', 'ENSMUST00000109193.7', 'ENSMUST00000141036.7', 'ENSMUST00000099072.10', 'ENSMUST00000140249.7', 'ENSMUST00000150437.7']","['ENSMUST00000138667.1', 'ENSMUST00000154111.7', 'ENSMUST00000109193.7', 'ENSMUST00000141036.7', 'ENSMUST00000099072.10', 'ENSMUST00000140249.7', 'ENSMUST00000150437.7']","['ENSMUST00000153258.7', 'ENSMUST00000099072.10', 'ENSMUST00000154111.7', 'ENSMUST00000150437.7', 'ENSMUST00000138667.1', 'ENSMUST00000140249.7', 'ENSMUST00000109193.7', 'ENSMUST00000141036.7']",[],[],"['nonsense_mediated_decay', 'processed_transcript', 'protein_coding', 'retained_intron']","['ENSMUSG00000078919.10', 'ENSMUSG00000093752.1']","['Dpm1', 'Gm20716']","['ENSMUST00000153258.7', 'ENSMUST00000099072.10', 'ENSMUST00000154111.7', 'ENSMUST00000150437.7', 'ENSMUST00000138667.1', 'ENSMUST00000140249.7', 'ENSMUST00000109193.7', 'ENSMUST00000141036.7']","['ENSMUST00000153258.7', 'ENSMUST00000099072.10', 'ENSMUST00000154111.7', 'ENSMUST00000150437.7', 'ENSMUST00000138667.1', 'ENSMUST00000140249.7', 'ENSMUST00000109193.7', 'ENSMUST00000141036.7']",['protein_coding']
chr2_168213028_168217680_-,15,610,chr2,168213028,168217680,-,GT-AG,GT,AG,annotated on 5',annotated on 3',1,0,"['ENSMUST00000138667.1', 'ENSMUST00000154111.7', 'ENSMUST00000153258.7', 'ENSMUST00000109193.7', 'ENSMUST00000099072.10', 'ENSMUST00000140249.7', 'ENSMUST00000150437.7']","['ENSMUST00000138667.1', 'ENSMUST00000154111.7', 'ENSMUST00000153258.7', 'ENSMUST00000109193.7', 'ENSMUST00000099072.10', 'ENSMUST00000140249.7', 'ENSMUST00000150437.7']","['ENSMUST00000153258.7', 'ENSMUST00000099072.10', 'ENSMUST00000154111.7', 'ENSMUST00000150437.7', 'ENSMUST00000138667.1', 'ENSMUST00000140249.7', 'ENSMUST00000109193.7']",['ENSMUST00000142482.7'],[],"['nonsense_mediated_decay', 'processed_transcript', 'protein_coding', 'retained_intron']","['ENSMUSG00000078919.10', 'ENSMUSG00000093752.1']","['Dpm1', 'Gm20716']","['ENSMUST00000153258.7', 'ENSMUST00000099072.10', 'ENSMUST00000154111.7', 'ENSMUST00000150437.7', 'ENSMUST00000138667.1', 'ENSMUST00000140249.7', 'ENSMUST00000142482.7', 'ENSMUST00000109193.7']","['ENSMUST00000153258.7', 'ENSMUST00000099072.10', 'ENSMUST00000154111.7', 'ENSMUST00000150437.7', 'ENSMUST00000138667.1', 'ENSMUST00000140249.7', 'ENSMUST00000109193.7']",['protein_coding']
chr2_168217776_168219219_-,14,674,chr2,168217776,168219219,-,GT-AG,GT,AG,annotated on 5',annotated on 3',1,0,"['ENSMUST00000138667.1', 'ENSMUST00000154111.7', 'ENSMUST00000109193.7', 'ENSMUST00000140249.7', 'ENSMUST00000150437.7', 'ENSMUST00000142482.7']","['ENSMUST00000138667.1', 'ENSMUST00000154111.7', 'ENSMUST00000109193.7', 'ENSMUST00000099072.10', 'ENSMUST00000140249.7', 'ENSMUST00000150437.7', 'ENSMUST00000142482.7']","['ENSMUST00000109193.7', 'ENSMUST00000154111.7', 'ENSMUST00000150437.7', 'ENSMUST00000138667.1', 'ENSMUST00000142482.7', 'ENSMUST00000140249.7']",[],"['ENSMUST00000153258.7', 'ENSMUST00000099072.10']","['nonsense_mediated_decay', 'processed_transcript', 'protein_coding', 'retained_intron']","['ENSMUSG00000078919.10', 'ENSMUSG00000093752.1']","['Dpm1', 'Gm20716']","['ENSMUST00000109193.7', 'ENSMUST00000154111.7', 'ENSMUST00000150437.7', 'ENSMUST00000138667.1', 'ENSMUST00000142482.7', 'ENSMUST00000140249.7']","['ENSMUST00000153258.7', 'ENSMUST00000099072.10', 'ENSMUST00000154111.7', 'ENSMUST00000150437.7', 'ENSMUST00000138667.1', 'ENSMUST00000140249.7', 'ENSMUST00000142482.7', 'ENSMUST00000109193.7']",['protein_coding']
chr2_168219245_168220036_-,15,604,chr2,168219245,168220036,-,GT-AG,GT,AG,annotated on 5',annotated on 3',1,0,"['ENSMUST00000138667.1', 'ENSMUST00000154111.7', 'ENSMUST00000109193.7', 'ENSMUST00000099072.10', 'ENSMUST00000140249.7', 'ENSMUST00000150437.7', 'ENSMUST00000142482.7']","['ENSMUST00000138667.1', 'ENSMUST00000154111.7', 'ENSMUST00000109193.7', 'ENSMUST00000140249.7', 'ENSMUST00000150437.7', 'ENSMUST00000142482.7']","['ENSMUST00000109193.7', 'ENSMUST00000154111.7', 'ENSMUST00000150437.7', 'ENSMUST00000138667.1', 'ENSMUST00000142482.7', 'ENSMUST00000140249.7']","['ENSMUST00000156800.1', 'ENSMUST00000099072.10']",[],"['nonsense_mediated_decay', 'processed_transcript', 'protein_coding', 'retained_intron']","['ENSMUSG00000078919.10', 'ENSMUSG00000093752.1']","['Dpm1', 'Gm20716']","['ENSMUST00000109193.7', 'ENSMUST00000099072.10', 'ENSMUST00000154111.7', 'ENSMUST00000150437.7', 'ENSMUST00000156800.1', 'ENSMUST00000138667.1', 'ENSMUST00000142482.7', 'ENSMUST00000140249.7']","['ENSMUST00000109193.7', 'ENSMUST00000154111.7', 'ENSMUST00000150437.7', 'ENSMUST00000138667.1', 'ENSMUST00000142482.7', 'ENSMUST00000140249.7']",['protein_coding']
chr2_168220113_168223120_-,16,706,chr2,168220113,168223120,-,GT-AG,GT,AG,annotated on 5',annotated on 3',1,0,"['ENSMUST00000138667.1', 'ENSMUST00000154111.7', 'ENSMUST00000109193.7', 'ENSMUST00000099072.10', 'ENSMUST00000140249.7', 'ENSMUST00000150437.7', 'ENSMUST00000142482.7', 'ENSMUST00000156800.1']","['ENSMUST00000138667.1', 'ENSMUST00000154111.7', 'ENSMUST00000109193.7', 'ENSMUST00000099072.10', 'ENSMUST00000140249.7', 'ENSMUST00000150437.7', 'ENSMUST00000142482.7', 'ENSMUST00000156800.1']","['ENSMUST00000109193.7', 'ENSMUST00000099072.10', 'ENSMUST00000154111.7', 'ENSMUST00000150437.7', 'ENSMUST00000156800.1', 'ENSMUST00000138667.1', 'ENSMUST00000142482.7', 'ENSMUST00000140249.7']",[],[],"['nonsense_mediated_decay', 'processed_transcript', 'protein_coding', 'retained_intron']","['ENSMUSG00000078919.10', 'ENSMUSG00000093752.1']","['Dpm1', 'Gm20716']","['ENSMUST00000109193.7', 'ENSMUST00000099072.10', 'ENSMUST00000154111.7', 'ENSMUST00000150437.7', 'ENSMUST00000156800.1', 'ENSMUST00000138667.1', 'ENSMUST00000142482.7', 'ENSMUST00000140249.7']","['ENSMUST00000109193.7', 'ENSMUST00000099072.10', 'ENSMUST00000154111.7', 'ENSMUST00000150437.7', 'ENSMUST00000156800.1', 'ENSMUST00000138667.1', 'ENSMUST00000142482.7', 'ENSMUST00000140249.7']",['protein_coding']
chr2_168223154_168227402_-,17,713,chr2,168223154,168227402,-,GT-AG,GT,AG,annotated on 5',annotated on 3',1,0,"['ENSMUST00000138667.1', 'ENSMUST00000154111.7', 'ENSMUST00000109193.7', 'ENSMUST00000099072.10', 'ENSMUST00000150437.7', 'ENSMUST00000142482.7', 'ENSMUST00000156800.1']","['ENSMUST00000138667.1', 'ENSMUST00000154111.7', 'ENSMUST00000109193.7', 'ENSMUST00000099072.10', 'ENSMUST00000150437.7', 'ENSMUST00000142482.7', 'ENSMUST00000156800.1']","['ENSMUST00000099072.10', 'ENSMUST00000154111.7', 'ENSMUST00000150437.7', 'ENSMUST00000156800.1', 'ENSMUST00000138667.1', 'ENSMUST00000142482.7', 'ENSMUST00000109193.7']",[],[],"['nonsense_mediated_decay', 'processed_transcript', 'protein_coding', 'retained_intron']","['ENSMUSG00000078919.10', 'ENSMUSG00000093752.1']","['Dpm1', 'Gm20716']","['ENSMUST00000099072.10', 'ENSMUST00000154111.7', 'ENSMUST00000150437.7', 'ENSMUST00000156800.1', 'ENSMUST00000138667.1', 'ENSMUST00000142482.7', 'ENSMUST00000109193.7']","['ENSMUST00000099072.10', 'ENSMUST00000154111.7', 'ENSMUST00000150437.7', 'ENSMUST00000156800.1', 'ENSMUST00000138667.1', 'ENSMUST00000142482.7', 'ENSMUST00000109193.7']",['protein_coding']
chr2_168227502_168230192_-,16,586,chr2,168227502,168230192,-,GT-AG,GT,AG,annotated on 5',annotated on 3',1,0,"['ENSMUST00000138667.1', 'ENSMUST00000154111.7', 'ENSMUST00000099072.10', 'ENSMUST00000142482.7', 'ENSMUST00000156800.1']","['ENSMUST00000138667.1', 'ENSMUST00000154111.7', 'ENSMUST00000109193.7', 'ENSMUST00000099072.10', 'ENSMUST00000150437.7', 'ENSMUST00000142482.7', 'ENSMUST00000156800.1']","['ENSMUST00000099072.10', 'ENSMUST00000154111.7', 'ENSMUST00000156800.1', 'ENSMUST00000142482.7', 'ENSMUST00000138667.1']",[],"['ENSMUST00000109193.7', 'ENSMUST00000150437.7']","['nonsense_mediated_decay', 'processed_transcript', 'protein_coding', 'retained_intron']","['ENSMUSG00000078919.10', 'ENSMUSG00000093752.1']","['Dpm1', 'Gm20716']","['ENSMUST00000099072.10', 'ENSMUST00000154111.7', 'ENSMUST00000156800.1', 'ENSMUST00000142482.7', 'ENSMUST00000138667.1']","['ENSMUST00000099072.10', 'ENSMUST00000154111.7', 'ENSMUST00000150437.7', 'ENSMUST00000156800.1', 'ENSMUST00000138667.1', 'ENSMUST00000142482.7', 'ENSMUST00000109193.7']",['protein_coding']
chr3_96635743_96636673_+,8,210,chr3,96635743,96636673,+,GT-AG,GT,AG,annotated on 5',annotated on 3',0,1,"['ENSMUST00000118557.7', 'ENSMUST00000137564.4', 'ENSMUST00000048766.14']","['ENSMUST00000144962.7', 'ENSMUST00000118557.7', 'ENSMUST00000137564.4', 'ENSMUST00000156015.1', 'ENSMUST00000139523.1', 'ENSMUST00000048766.14', 'ENSMUST00000165842.2']","['ENSMUST00000118557.7', 'ENSMUST00000139523.1', 'ENSMUST00000048766.14', 'ENSMUST00000137564.4', 'ENSMUST00000156015.1']",[],"['ENSMUST00000165842.2', 'ENSMUST00000144962.7']","['nonsense_mediated_decay', 'processed_transcript', 'protein_coding', 'retained_intron']","['ENSMUSG00000028102.15', 'ENSMUSG00000106447.1']","['Pex11b', 'Gm42957']","['ENSMUST00000118557.7', 'ENSMUST00000139523.1', 'ENSMUST00000048766.14', 'ENSMUST00000137564.4', 'ENSMUST00000156015.1']","['ENSMUST00000118557.7', 'ENSMUST00000139523.1', 'ENSMUST00000165842.2', 'ENSMUST00000048766.14', 'ENSMUST00000137564.4', 'ENSMUST00000156015.1', 'ENSMUST00000144962.7']",['protein_coding']
chr3_96637332_96643574_+,7,290,chr3,96637332,96643574,+,GT-AG,GT,AG,annotated on 5',annotated on 3',0,1,"['ENSMUST00000144962.7', 'ENSMUST00000118557.7', 'ENSMUST00000137564.4', 'ENSMUST00000156015.1', 'ENSMUST00000048766.14', 'ENSMUST00000165842.2', 'ENSMUST00000147821.1']","['ENSMUST00000144962.7', 'ENSMUST00000118557.7', 'ENSMUST00000137564.4', 'ENSMUST00000156015.1', 'ENSMUST00000048766.14', 'ENSMUST00000165842.2', 'ENSMUST00000147821.1']","['ENSMUST00000147821.1', 'ENSMUST00000118557.7', 'ENSMUST00000165842.2', 'ENSMUST00000048766.14', 'ENSMUST00000137564.4', 'ENSMUST00000156015.1', 'ENSMUST00000144962.7']",[],[],"['nonsense_mediated_decay', 'processed_transcript', 'protein_coding', 'retained_intron']","['ENSMUSG00000028102.15', 'ENSMUSG00000106447.1']","['Pex11b', 'Gm42957']","['ENSMUST00000147821.1', 'ENSMUST00000118557.7', 'ENSMUST00000165842.2', 'ENSMUST00000048766.14', 'ENSMUST00000137564.4', 'ENSMUST00000156015.1', 'ENSMUST00000144962.7']","['ENSMUST00000147821.1', 'ENSMUST00000118557.7', 'ENSMUST00000165842.2', 'ENSMUST00000048766.14', 'ENSMUST00000137564.4', 'ENSMUST00000156015.1', 'ENSMUST00000144962.7']",['protein_coding']
chr3_105960138_105961616_+,7,269,chr3,105960138,105961616,+,GT-AG,GT,AG,annotated on 5',annotated on 3',0,1,"['ENSMUST00000010278.11', 'ENSMUST00000167642.7', 'ENSMUST00000127464.7', 'ENSMUST00000130994.7']","['ENSMUST00000010278.11', 'ENSMUST00000167642.7', 'ENSMUST00000127464.7', 'ENSMUST00000130994.7']","['ENSMUST00000127464.7', 'ENSMUST00000167642.7', 'ENSMUST00000010278.11', 'ENSMUST00000130994.7']",[],['ENSMUST00000128005.1'],"['nonsense_mediated_decay', 'protein_coding', 'retained_intron']","['ENSMUSG00000000561.14', 'ENSMUSG00000105852.4']","['Wdr77', 'Gm42890']","['ENSMUST00000127464.7', 'ENSMUST00000167642.7', 'ENSMUST00000010278.11', 'ENSMUST00000130994.7']","['ENSMUST00000128005.1', 'ENSMUST00000167642.7', 'ENSMUST00000127464.7', 'ENSMUST00000010278.11', 'ENSMUST00000130994.7']","['processed_transcript', 'protein_coding']"
chr3_105961758_105962014_+,5,282,chr3,105961758,105962014,+,GT-AG,GT,AG,annotated on 5',annotated on 3',0,1,"['ENSMUST00000010278.11', 'ENSMUST00000167642.7', 'ENSMUST00000127464.7', 'ENSMUST00000130994.7', 'ENSMUST00000128005.1']","['ENSMUST00000010278.11', 'ENSMUST00000167642.7', 'ENSMUST00000127464.7', 'ENSMUST00000130994.7', 'ENSMUST00000128005.1']","['ENSMUST00000128005.1', 'ENSMUST00000167642.7', 'ENSMUST00000127464.7', 'ENSMUST00000010278.11', 'ENSMUST00000130994.7']",[],[],"['nonsense_mediated_decay', 'protein_coding', 'retained_intron']","['ENSMUSG00000000561.14', 'ENSMUSG00000105852.4']","['Wdr77', 'Gm42890']","['ENSMUST00000128005.1', 'ENSMUST00000167642.7', 'ENSMUST00000127464.7', 'ENSMUST00000010278.11', 'ENSMUST00000130994.7']","['ENSMUST00000128005.1', 'ENSMUST00000167642.7', 'ENSMUST00000127464.7', 'ENSMUST00000010278.11', 'ENSMUST00000130994.7']","['processed_transcript', 'protein_coding']"
chr3_105962064_105964441_+,5,301,chr3,105962064,105964441,+,GT-AG,GT,AG,annotated on 5',annotated on 3',0,1,"['ENSMUST00000010278.11', 'ENSMUST00000167642.7', 'ENSMUST00000127464.7', 'ENSMUST00000130994.7', 'ENSMUST00000128005.1']","['ENSMUST00000010278.11', 'ENSMUST00000167642.7', 'ENSMUST00000127464.7', 'ENSMUST00000130994.7', 'ENSMUST00000128005.1']","['ENSMUST00000128005.1', 'ENSMUST00000167642.7', 'ENSMUST00000127464.7', 'ENSMUST00000010278.11', 'ENSMUST00000130994.7']",[],['ENSMUST00000151263.2'],"['nonsense_mediated_decay', 'protein_coding', 'retained_intron']","['ENSMUSG00000000561.14', 'ENSMUSG00000105852.4']","['Wdr77', 'Gm42890']","['ENSMUST00000128005.1', 'ENSMUST00000167642.7', 'ENSMUST00000127464.7', 'ENSMUST00000010278.11', 'ENSMUST00000130994.7']","['ENSMUST00000128005.1', 'ENSMUST00000167642.7', 'ENSMUST00000151263.2', 'ENSMUST00000127464.7', 'ENSMUST00000010278.11', 'ENSMUST00000130994.7']","['processed_transcript', 'protein_coding']"
chr3_105964512_105964622_+,5,320,chr3,105964512,105964622,+,GT-AG,GT,AG,annotated on 5',annotated on 3',0,1,"['ENSMUST00000010278.11', 'ENSMUST00000167642.7', 'ENSMUST00000127464.7', 'ENSMUST00000130994.7', 'ENSMUST00000128005.1', 'ENSMUST00000151263.2']","['ENSMUST00000010278.11', 'ENSMUST00000167642.7', 'ENSMUST00000127464.7', 'ENSMUST00000130994.7', 'ENSMUST00000128005.1', 'ENSMUST00000151263.2']","['ENSMUST00000128005.1', 'ENSMUST00000167642.7', 'ENSMUST00000151263.2', 'ENSMUST00000127464.7', 'ENSMUST00000010278.11', 'ENSMUST00000130994.7']",[],[],"['nonsense_mediated_decay', 'protein_coding', 'retained_intron']","['ENSMUSG00000000561.14', 'ENSMUSG00000105852.4']","['Wdr77', 'Gm42890']","['ENSMUST00000128005.1', 'ENSMUST00000167642.7', 'ENSMUST00000151263.2', 'ENSMUST00000127464.7', 'ENSMUST00000010278.11', 'ENSMUST00000130994.7']","['ENSMUST00000128005.1', 'ENSMUST00000167642.7', 'ENSMUST00000151263.2', 'ENSMUST00000127464.7', 'ENSMUST00000010278.11', 'ENSMUST00000130994.7']","['processed_transcript', 'protein_coding']"
chr3_105964677_105965080_+,6,306,chr3,105964677,105965080,+,GT-AG,GT,AG,annotated on 5',annotated on 3',0,1,"['ENSMUST00000010278.11', 'ENSMUST00000167642.7', 'ENSMUST00000127464.7', 'ENSMUST00000130994.7', 'ENSMUST00000128005.1', 'ENSMUST00000151263.2']","['ENSMUST00000010278.11', 'ENSMUST00000167642.7', 'ENSMUST00000127464.7', 'ENSMUST00000130994.7', 'ENSMUST00000128005.1', 'ENSMUST00000151263.2']","['ENSMUST00000128005.1', 'ENSMUST00000167642.7', 'ENSMUST00000151263.2', 'ENSMUST00000127464.7', 'ENSMUST00000010278.11', 'ENSMUST00000130994.7']",[],[],"['nonsense_mediated_decay', 'protein_coding', 'retained_intron']","['ENSMUSG00000000561.14', 'ENSMUSG00000105852.4']","['Wdr77', 'Gm42890']","['ENSMUST00000128005.1', 'ENSMUST00000167642.7', 'ENSMUST00000151263.2', 'ENSMUST00000127464.7', 'ENSMUST00000010278.11', 'ENSMUST00000130994.7']","['ENSMUST00000128005.1', 'ENSMUST00000167642.7', 'ENSMUST00000151263.2', 'ENSMUST00000127464.7', 'ENSMUST00000010278.11', 'ENSMUST00000130994.7']","['processed_transcript', 'protein_coding']"
chr3_105965152_105965764_+,5,253,chr3,105965152,105965764,+,GT-AG,GT,AG,annotated on 5',annotated on 3',0,1,"['ENSMUST00000010278.11', 'ENSMUST00000167642.7', 'ENSMUST00000127464.7', 'ENSMUST00000130994.7', 'ENSMUST00000128005.1']","['ENSMUST00000010278.11', 'ENSMUST00000167642.7', 'ENSMUST00000127464.7', 'ENSMUST00000130994.7', 'ENSMUST00000128005.1']","['ENSMUST00000128005.1', 'ENSMUST00000167642.7', 'ENSMUST00000127464.7', 'ENSMUST00000010278.11', 'ENSMUST00000130994.7']",[],[],"['nonsense_mediated_decay', 'protein_coding', 'retained_intron']","['ENSMUSG00000000561.14', 'ENSMUSG00000105852.4']","['Wdr77', 'Gm42890']","['ENSMUST00000128005.1', 'ENSMUST00000167642.7', 'ENSMUST00000127464.7', 'ENSMUST00000010278.11', 'ENSMUST00000130994.7']","['ENSMUST00000128005.1', 'ENSMUST00000167642.7', 'ENSMUST00000127464.7', 'ENSMUST00000010278.11', 'ENSMUST00000130994.7']","['processed_transcript', 'protein_coding']"
chr3_105965873_105966356_+,6,333,chr3,105965873,105966356,+,GT-AG,GT,AG,annotated on 5',annotated on 3',0,1,"['ENSMUST00000010278.11', 'ENSMUST00000167642.7']","['ENSMUST00000010278.11', 'ENSMUST00000167642.7', 'ENSMUST00000128005.1']","['ENSMUST00000128005.1', 'ENSMUST00000167642.7', 'ENSMUST00000010278.11']",[],[],"['protein_coding', 'retained_intron']","['ENSMUSG00000000561.14', 'ENSMUSG00000105852.4']","['Wdr77', 'Gm42890']","['ENSMUST00000128005.1', 'ENSMUST00000167642.7', 'ENSMUST00000010278.11']","['ENSMUST00000128005.1', 'ENSMUST00000167642.7', 'ENSMUST00000010278.11']","['processed_transcript', 'protein_coding']"
chr3_105966425_105967162_+,6,360,chr3,105966425,105967162,+,GT-AG,GT,AG,annotated on 5',annotated on 3',0,1,"['ENSMUST00000010278.11', 'ENSMUST00000167642.7', 'ENSMUST00000130994.7', 'ENSMUST00000128005.1', 'ENSMUST00000137168.2']","['ENSMUST00000010278.11', 'ENSMUST00000167642.7', 'ENSMUST00000130994.7', 'ENSMUST00000128005.1', 'ENSMUST00000137168.2']","['ENSMUST00000128005.1', 'ENSMUST00000167642.7', 'ENSMUST00000137168.2', 'ENSMUST00000010278.11', 'ENSMUST00000130994.7']",[],[],"['nonsense_mediated_decay', 'protein_coding', 'retained_intron']","['ENSMUSG00000000561.14', 'ENSMUSG00000105852.4']","['Wdr77', 'Gm42890']","['ENSMUST00000128005.1', 'ENSMUST00000167642.7', 'ENSMUST00000137168.2', 'ENSMUST00000010278.11', 'ENSMUST00000130994.7']","['ENSMUST00000128005.1', 'ENSMUST00000167642.7', 'ENSMUST00000137168.2', 'ENSMUST00000010278.11', 'ENSMUST00000130994.7']","['processed_transcript', 'protein_coding']"
chr4_134468429_134470102_+,12,1549,chr4,134468429,134470102,+,GT-AG,GT,AG,annotated on 5',annotated on 3',0,1,"['ENSMUST00000030636.10', 'ENSMUST00000130253.1', 'ENSMUST00000127279.7', 'ENSMUST00000105867.7']","['ENSMUST00000030636.10', 'ENSMUST00000130253.1', 'ENSMUST00000105867.7']","['ENSMUST00000130253.1', 'ENSMUST00000127279.7', 'ENSMUST00000030636.10', 'ENSMUST00000105867.7']",['ENSMUST00000175071.1'],[],"['miRNA', 'protein_coding', 'processed_transcript']","['ENSMUSG00000092812.1', 'ENSMUSG00000028832.11']","['Gm23634', 'Stmn1']","['ENSMUST00000175071.1', 'ENSMUST00000130253.1', 'ENSMUST00000030636.10', 'ENSMUST00000105867.7', 'ENSMUST00000127279.7']","['ENSMUST00000130253.1', 'ENSMUST00000127279.7', 'ENSMUST00000030636.10', 'ENSMUST00000105867.7']","['miRNA', 'protein_coding']"
chr5_31614022_31614602_+,21,1141,chr5,31614022,31614602,+,GT-AG,GT,AG,annotated on 5',annotated on 3',0,1,"['ENSMUST00000031024.13', 'ENSMUST00000202655.3', 'ENSMUST00000202243.3', 'ENSMUST00000202033.1', 'ENSMUST00000201910.3']","['ENSMUST00000031024.13', 'ENSMUST00000202033.1', 'ENSMUST00000201910.3', 'ENSMUST00000201483.3']","['ENSMUST00000202033.1', 'ENSMUST00000201910.3', 'ENSMUST00000031024.13']","['ENSMUST00000202243.3', 'ENSMUST00000202655.3']",['ENSMUST00000201483.3'],"['nonsense_mediated_decay', 'processed_transcript', 'protein_coding']","['ENSMUSG00000105617.4', 'ENSMUSG00000106918.3']","['Gm43809', 'Mrpl33']","['ENSMUST00000202033.1', 'ENSMUST00000202243.3', 'ENSMUST00000201910.3', 'ENSMUST00000031024.13', 'ENSMUST00000202655.3']","['ENSMUST00000201483.3', 'ENSMUST00000202033.1', 'ENSMUST00000201910.3', 'ENSMUST00000031024.13']","['processed_transcript', 'protein_coding']"
chr5_31614621_31616380_+,22,1309,chr5,31614621,31616380,+,GT-AG,GT,AG,annotated on 5',annotated on 3',0,1,"['ENSMUST00000031024.13', 'ENSMUST00000202033.1', 'ENSMUST00000201910.3', 'ENSMUST00000201483.3', 'ENSMUST00000201923.1']","['ENSMUST00000200694.3', 'ENSMUST00000031024.13', 'ENSMUST00000202243.3', 'ENSMUST00000202033.1', 'ENSMUST00000201910.3', 'ENSMUST00000201483.3', 'ENSMUST00000201923.1']","['ENSMUST00000202033.1', 'ENSMUST00000201910.3', 'ENSMUST00000031024.13', 'ENSMUST00000201483.3', 'ENSMUST00000201923.1']",[],"['ENSMUST00000202243.3', 'ENSMUST00000200694.3']","['nonsense_mediated_decay', 'processed_transcript', 'protein_coding', 'retained_intron']","['ENSMUSG00000105617.4', 'ENSMUSG00000106918.3']","['Gm43809', 'Mrpl33']","['ENSMUST00000202033.1', 'ENSMUST00000201910.3', 'ENSMUST00000031024.13', 'ENSMUST00000201483.3', 'ENSMUST00000201923.1']","['ENSMUST00000202033.1', 'ENSMUST00000202243.3', 'ENSMUST00000201910.3', 'ENSMUST00000031024.13', 'ENSMUST00000200694.3', 'ENSMUST00000201483.3', 'ENSMUST00000201923.1']","['processed_transcript', 'protein_coding']"
chr5_31616487_31622376_+,22,749,chr5,31616487,31622376,+,GT-AG,GT,AG,annotated on 5',annotated on 3',0,1,"['ENSMUST00000200694.3', 'ENSMUST00000031024.13', 'ENSMUST00000202243.3', 'ENSMUST00000202033.1', 'ENSMUST00000201910.3', 'ENSMUST00000201620.1', 'ENSMUST00000201483.3', 'ENSMUST00000201923.1']","['ENSMUST00000202953.1', 'ENSMUST00000031024.13', 'ENSMUST00000201620.1', 'ENSMUST00000201483.3', 'ENSMUST00000201923.1']","['ENSMUST00000201483.3', 'ENSMUST00000201620.1', 'ENSMUST00000201923.1', 'ENSMUST00000031024.13']","['ENSMUST00000202033.1', 'ENSMUST00000202243.3', 'ENSMUST00000200694.3', 'ENSMUST00000201910.3']",['ENSMUST00000202953.1'],"['nonsense_mediated_decay', 'processed_transcript', 'protein_coding', 'retained_intron']","['ENSMUSG00000105617.4', 'ENSMUSG00000106918.3']","['Gm43809', 'Mrpl33']","['ENSMUST00000202033.1', 'ENSMUST00000202243.3', 'ENSMUST00000201910.3', 'ENSMUST00000201620.1', 'ENSMUST00000031024.13', 'ENSMUST00000200694.3', 'ENSMUST00000201483.3', 'ENSMUST00000201923.1']","['ENSMUST00000202953.1', 'ENSMUST00000201620.1', 'ENSMUST00000031024.13', 'ENSMUST00000201483.3', 'ENSMUST00000201923.1']","['processed_transcript', 'protein_coding']"
chr7_30311900_30312236_+,8,306,chr7,30311900,30312236,+,GT-AG,GT,AG,annotated on 5',annotated on 3',0,1,"['ENSMUST00000060834.11', 'ENSMUST00000136887.7', 'ENSMUST00000137550.1', 'ENSMUST00000132193.7', 'ENSMUST00000144951.7', 'ENSMUST00000143369.7', 'ENSMUST00000137870.1', 'ENSMUST00000148858.1']","['ENSMUST00000060834.11', 'ENSMUST00000136887.7', 'ENSMUST00000137550.1', 'ENSMUST00000132193.7', 'ENSMUST00000144951.7', 'ENSMUST00000143369.7', 'ENSMUST00000137870.1', 'ENSMUST00000148858.1']","['ENSMUST00000136887.7', 'ENSMUST00000132193.7', 'ENSMUST00000148858.1', 'ENSMUST00000137550.1', 'ENSMUST00000144951.7', 'ENSMUST00000137870.1', 'ENSMUST00000060834.11', 'ENSMUST00000143369.7']",['ENSMUST00000176987.1'],[],"['misc_RNA', 'nonsense_mediated_decay', 'protein_coding', 'retained_intron']","['ENSMUSG00000042831.13', 'ENSMUSG00000093571.1']","['Alkbh6', 'Gm24757']","['ENSMUST00000136887.7', 'ENSMUST00000132193.7', 'ENSMUST00000148858.1', 'ENSMUST00000137550.1', 'ENSMUST00000144951.7', 'ENSMUST00000137870.1', 'ENSMUST00000176987.1', 'ENSMUST00000060834.11', 'ENSMUST00000143369.7']","['ENSMUST00000136887.7', 'ENSMUST00000132193.7', 'ENSMUST00000148858.1', 'ENSMUST00000137550.1', 'ENSMUST00000144951.7', 'ENSMUST00000137870.1', 'ENSMUST00000060834.11', 'ENSMUST00000143369.7']","['misc_RNA', 'protein_coding']"
chr7_43444204_43452340_+,21,3086,chr7,43444204,43452340,+,GT-AG,GT,AG,annotated on 5',annotated on 3',0,1,"['ENSMUST00000004729.4', 'ENSMUST00000206286.1', 'ENSMUST00000203633.2', 'ENSMUST00000206196.1', 'ENSMUST00000204680.1', 'ENSMUST00000206411.1']","['ENSMUST00000004729.4', 'ENSMUST00000206286.1', 'ENSMUST00000203633.2', 'ENSMUST00000206196.1', 'ENSMUST00000204680.1', 'ENSMUST00000206411.1']","['ENSMUST00000206411.1', 'ENSMUST00000206286.1', 'ENSMUST00000004729.4', 'ENSMUST00000204680.1', 'ENSMUST00000206196.1', 'ENSMUST00000203633.2']",[],[],"['nonsense_mediated_decay', 'protein_coding']","['ENSMUSG00000107482.2', 'ENSMUSG00000004610.4']","['Gm45233', 'Etfb']","['ENSMUST00000206411.1', 'ENSMUST00000206286.1', 'ENSMUST00000004729.4', 'ENSMUST00000204680.1', 'ENSMUST00000206196.1', 'ENSMUST00000203633.2']","['ENSMUST00000206411.1', 'ENSMUST00000206286.1', 'ENSMUST00000004729.4', 'ENSMUST00000204680.1', 'ENSMUST00000206196.1', 'ENSMUST00000203633.2']",['protein_coding']
chr7_43452499_43452798_+,22,4271,chr7,43452499,43452798,+,GT-AG,GT,AG,annotated on 5',annotated on 3',0,1,"['ENSMUST00000004729.4', 'ENSMUST00000206286.1', 'ENSMUST00000203633.2', 'ENSMUST00000206196.1', 'ENSMUST00000204680.1', 'ENSMUST00000206411.1']","['ENSMUST00000004729.4', 'ENSMUST00000203633.2', 'ENSMUST00000206196.1', 'ENSMUST00000204680.1', 'ENSMUST00000206411.1']","['ENSMUST00000206411.1', 'ENSMUST00000004729.4', 'ENSMUST00000204680.1', 'ENSMUST00000206196.1', 'ENSMUST00000203633.2']",['ENSMUST00000206286.1'],['ENSMUST00000205363.1'],"['nonsense_mediated_decay', 'protein_coding']","['ENSMUSG00000107482.2', 'ENSMUSG00000004610.4']","['Gm45233', 'Etfb']","['ENSMUST00000206411.1', 'ENSMUST00000206286.1', 'ENSMUST00000004729.4', 'ENSMUST00000204680.1', 'ENSMUST00000206196.1', 'ENSMUST00000203633.2']","['ENSMUST00000206411.1', 'ENSMUST00000004729.4', 'ENSMUST00000204680.1', 'ENSMUST00000205363.1', 'ENSMUST00000206196.1', 'ENSMUST00000203633.2']",['protein_coding']
chr7_43452957_43454517_+,20,4383,chr7,43452957,43454517,+,GT-AG,GT,AG,annotated on 5',annotated on 3',0,1,"['ENSMUST00000004729.4', 'ENSMUST00000203633.2', 'ENSMUST00000206196.1', 'ENSMUST00000204680.1', 'ENSMUST00000206411.1', 'ENSMUST00000205363.1']","['ENSMUST00000004729.4', 'ENSMUST00000206286.1', 'ENSMUST00000203633.2', 'ENSMUST00000206196.1', 'ENSMUST00000204680.1', 'ENSMUST00000206411.1', 'ENSMUST00000205363.1']","['ENSMUST00000206411.1', 'ENSMUST00000004729.4', 'ENSMUST00000204680.1', 'ENSMUST00000205363.1', 'ENSMUST00000206196.1', 'ENSMUST00000203633.2']",[],['ENSMUST00000206286.1'],"['nonsense_mediated_decay', 'protein_coding']","['ENSMUSG00000107482.2', 'ENSMUSG00000004610.4']","['Gm45233', 'Etfb']","['ENSMUST00000206411.1', 'ENSMUST00000004729.4', 'ENSMUST00000204680.1', 'ENSMUST00000205363.1', 'ENSMUST00000206196.1', 'ENSMUST00000203633.2']","['ENSMUST00000206411.1', 'ENSMUST00000206286.1', 'ENSMUST00000004729.4', 'ENSMUST00000204680.1', 'ENSMUST00000205363.1', 'ENSMUST00000206196.1', 'ENSMUST00000203633.2']",['protein_coding']
chr7_43454580_43456478_+,21,4453,chr7,43454580,43456478,+,GT-AG,GT,AG,annotated on 5',annotated on 3',0,1,"['ENSMUST00000004729.4', 'ENSMUST00000206286.1', 'ENSMUST00000203633.2', 'ENSMUST00000206196.1', 'ENSMUST00000204680.1', 'ENSMUST00000206411.1', 'ENSMUST00000205363.1']","['ENSMUST00000004729.4', 'ENSMUST00000206286.1', 'ENSMUST00000203633.2', 'ENSMUST00000206196.1', 'ENSMUST00000206411.1']","['ENSMUST00000206411.1', 'ENSMUST00000206286.1', 'ENSMUST00000004729.4', 'ENSMUST00000206196.1', 'ENSMUST00000203633.2']","['ENSMUST00000205363.1', 'ENSMUST00000204680.1']",['ENSMUST00000143096.1'],"['nonsense_mediated_decay', 'processed_transcript', 'protein_coding']","['ENSMUSG00000107482.2', 'ENSMUSG00000004610.4']","['Gm45233', 'Etfb']","['ENSMUST00000206411.1', 'ENSMUST00000206286.1', 'ENSMUST00000004729.4', 'ENSMUST00000204680.1', 'ENSMUST00000205363.1', 'ENSMUST00000206196.1', 'ENSMUST00000203633.2']","['ENSMUST00000206411.1', 'ENSMUST00000143096.1', 'ENSMUST00000206286.1', 'ENSMUST00000004729.4', 'ENSMUST00000206196.1', 'ENSMUST00000203633.2']",['protein_coding']
chr7_43456637_43457569_+,21,3643,chr7,43456637,43457569,+,GT-AG,GT,AG,annotated on 5',annotated on 3',0,1,"['ENSMUST00000004729.4', 'ENSMUST00000206286.1', 'ENSMUST00000203633.2', 'ENSMUST00000206411.1', 'ENSMUST00000143096.1']","['ENSMUST00000004729.4', 'ENSMUST00000206286.1', 'ENSMUST00000205363.1']","['ENSMUST00000206286.1', 'ENSMUST00000004729.4', 'ENSMUST00000143096.1']","['ENSMUST00000206196.1', 'ENSMUST00000206411.1', 'ENSMUST00000203633.2']","['ENSMUST00000205363.1', 'ENSMUST00000184167.1', 'ENSMUST00000155468.1']","['miRNA', 'nonsense_mediated_decay', 'processed_transcript', 'protein_coding']","['ENSMUSG00000099210.1', 'ENSMUSG00000107482.2', 'ENSMUSG00000004610.4']","['Mir7051', 'Gm45233', 'Etfb']","['ENSMUST00000206411.1', 'ENSMUST00000143096.1', 'ENSMUST00000206286.1', 'ENSMUST00000004729.4', 'ENSMUST00000206196.1', 'ENSMUST00000203633.2']","['ENSMUST00000143096.1', 'ENSMUST00000206286.1', 'ENSMUST00000004729.4', 'ENSMUST00000155468.1', 'ENSMUST00000184167.1', 'ENSMUST00000205363.1']","['miRNA', 'protein_coding']"
chr9_22113943_22117109_-,15,1325,chr9,22113943,22117109,-,GT-AG,GT,AG,annotated on 5',annotated on 3',1,0,['ENSMUST00000013966.7'],"['ENSMUST00000013966.7', 'ENSMUST00000214394.1', 'ENSMUST00000213233.1']",['ENSMUST00000013966.7'],[],"['ENSMUST00000214394.1', 'ENSMUST00000213233.1', 'ENSMUST00000183876.1']","['miRNA', 'protein_coding']","['ENSMUSG00000098646.1', 'ENSMUSG00000013822.7']","['Mir7084', 'Elof1']",['ENSMUST00000013966.7'],"['ENSMUST00000214394.1', 'ENSMUST00000213233.1', 'ENSMUST00000013966.7', 'ENSMUST00000183876.1']","['miRNA', 'protein_coding']"
chr9_45939520_45941300_-,9,322,chr9,45939520,45941300,-,GT-AG,GT,AG,annotated on 5',annotated on 3',1,0,"['ENSMUST00000038488.16', 'ENSMUST00000114573.8', 'ENSMUST00000159033.1']","['ENSMUST00000038488.16', 'ENSMUST00000114573.8']","['ENSMUST00000038488.16', 'ENSMUST00000159033.1', 'ENSMUST00000114573.8']",[],['ENSMUST00000184840.1'],"['miRNA', 'protein_coding']","['ENSMUSG00000098327.1', 'ENSMUSG00000034908.16']","['Mir7087', 'Sidt2']","['ENSMUST00000038488.16', 'ENSMUST00000159033.1', 'ENSMUST00000114573.8']","['ENSMUST00000038488.16', 'ENSMUST00000159033.1', 'ENSMUST00000184840.1', 'ENSMUST00000114573.8']","['miRNA', 'protein_coding']"
chr9_89215470_89239841_+,9,295,chr9,89215470,89239841,+,GT-AG,GT,AG,annotated on 5',annotated on 3',0,1,"['ENSMUST00000138109.1', 'ENSMUST00000127438.7', 'ENSMUST00000118870.7', 'ENSMUST00000085256.7', 'ENSMUST00000117314.7', 'ENSMUST00000118887.7', 'ENSMUST00000187362.1', 'ENSMUST00000127868.1', 'ENSMUST00000185894.1']","['ENSMUST00000127438.7', 'ENSMUST00000085256.7', 'ENSMUST00000117314.7', 'ENSMUST00000144930.1', 'ENSMUST00000187362.1', 'ENSMUST00000127868.1', 'ENSMUST00000147644.1']","['ENSMUST00000187362.1', 'ENSMUST00000127868.1', 'ENSMUST00000127438.7', 'ENSMUST00000117314.7', 'ENSMUST00000085256.7']","['ENSMUST00000118887.7', 'ENSMUST00000138109.1', 'ENSMUST00000118870.7', 'ENSMUST00000185894.1']","['ENSMUST00000147644.1', 'ENSMUST00000144930.1']","['processed_transcript', 'protein_coding']","['ENSMUSG00000100838.1', 'ENSMUSG00000066442.17']","['Gm29094', 'Mthfs']","['ENSMUST00000187362.1', 'ENSMUST00000118870.7', 'ENSMUST00000127868.1', 'ENSMUST00000127438.7', 'ENSMUST00000118887.7', 'ENSMUST00000138109.1', 'ENSMUST00000117314.7', 'ENSMUST00000085256.7', 'ENSMUST00000185894.1']","['ENSMUST00000187362.1', 'ENSMUST00000127868.1', 'ENSMUST00000127438.7', 'ENSMUST00000147644.1', 'ENSMUST00000117314.7', 'ENSMUST00000144930.1', 'ENSMUST00000085256.7']",['protein_coding']
chr9_123021570_123022165_+,5,303,chr9,123021570,123022165,+,GT-AG,GT,AG,annotated on 5',annotated on 3',0,1,"['ENSMUST00000084733.6', 'ENSMUST00000213514.1', 'ENSMUST00000214077.1', 'ENSMUST00000214785.1', 'ENSMUST00000217036.1']","['ENSMUST00000084733.6', 'ENSMUST00000213514.1', 'ENSMUST00000214785.1', 'ENSMUST00000217036.1']","['ENSMUST00000214785.1', 'ENSMUST00000213514.1', 'ENSMUST00000084733.6', 'ENSMUST00000217036.1']",['ENSMUST00000214077.1'],[],"['nonsense_mediated_decay', 'processed_transcript', 'protein_coding']","['ENSMUSG00000066233.6', 'ENSMUSG00000111789.1']","['Tmem42', 'Gm49323']","['ENSMUST00000214785.1', 'ENSMUST00000217036.1', 'ENSMUST00000213514.1', 'ENSMUST00000214077.1', 'ENSMUST00000084733.6']","['ENSMUST00000214785.1', 'ENSMUST00000213514.1', 'ENSMUST00000084733.6', 'ENSMUST00000217036.1']","['processed_transcript', 'protein_coding']"
chr9_123022312_123022838_+,6,378,chr9,123022312,123022838,+,GT-AG,GT,AG,annotated on 5',annotated on 3',0,1,"['ENSMUST00000084733.6', 'ENSMUST00000213514.1', 'ENSMUST00000217036.1']",['ENSMUST00000084733.6'],['ENSMUST00000084733.6'],"['ENSMUST00000214785.1', 'ENSMUST00000213514.1', 'ENSMUST00000217036.1']",[],"['nonsense_mediated_decay', 'processed_transcript', 'protein_coding']","['ENSMUSG00000066233.6', 'ENSMUSG00000111789.1']","['Tmem42', 'Gm49323']","['ENSMUST00000214785.1', 'ENSMUST00000213514.1', 'ENSMUST00000084733.6', 'ENSMUST00000217036.1']",['ENSMUST00000084733.6'],"['processed_transcript', 'protein_coding']"
chrX_73919869_73919962_-,12,331,chrX,73919869,73919962,-,GT-AG,GT,AG,annotated on 5',annotated on 3',1,0,"['ENSMUST00000128329.1', 'ENSMUST00000033763.14', 'ENSMUST00000114389.9', 'ENSMUST00000114387.7', 'ENSMUST00000114391.9', 'ENSMUST00000114390.7', 'ENSMUST00000096316.3', 'ENSMUST00000124446.1', 'ENSMUST00000143076.1']","['ENSMUST00000128329.1', 'ENSMUST00000033763.14', 'ENSMUST00000114389.9', 'ENSMUST00000114387.7', 'ENSMUST00000114391.9', 'ENSMUST00000114390.7', 'ENSMUST00000096316.3', 'ENSMUST00000124446.1', 'ENSMUST00000143076.1']","['ENSMUST00000114390.7', 'ENSMUST00000114391.9', 'ENSMUST00000096316.3', 'ENSMUST00000143076.1', 'ENSMUST00000128329.1', 'ENSMUST00000114389.9', 'ENSMUST00000114387.7', 'ENSMUST00000033763.14', 'ENSMUST00000124446.1']",[],"['ENSMUST00000141211.1', 'ENSMUST00000139105.7']","['processed_transcript', 'protein_coding', 'retained_intron']","['ENSMUSG00000031388.14', 'ENSMUSG00000031389.17']","['Naa10', 'Arhgap4']","['ENSMUST00000114390.7', 'ENSMUST00000114391.9', 'ENSMUST00000096316.3', 'ENSMUST00000143076.1', 'ENSMUST00000128329.1', 'ENSMUST00000114389.9', 'ENSMUST00000114387.7', 'ENSMUST00000033763.14', 'ENSMUST00000124446.1']","['ENSMUST00000114390.7', 'ENSMUST00000114391.9', 'ENSMUST00000141211.1', 'ENSMUST00000096316.3', 'ENSMUST00000143076.1', 'ENSMUST00000128329.1', 'ENSMUST00000114389.9', 'ENSMUST00000139105.7', 'ENSMUST00000114387.7', 'ENSMUST00000033763.14', 'ENSMUST00000124446.1']",['protein_coding']
chrX_73920008_73920982_-,14,484,chrX,73920008,73920982,-,GT-AG,GT,AG,annotated on 5',annotated on 3',1,0,"['ENSMUST00000128329.1', 'ENSMUST00000033763.14', 'ENSMUST00000114389.9', 'ENSMUST00000114387.7', 'ENSMUST00000114391.9', 'ENSMUST00000114390.7', 'ENSMUST00000096316.3', 'ENSMUST00000143076.1']","['ENSMUST00000128329.1', 'ENSMUST00000033763.14', 'ENSMUST00000114389.9', 'ENSMUST00000114387.7', 'ENSMUST00000114391.9', 'ENSMUST00000114390.7', 'ENSMUST00000096316.3', 'ENSMUST00000143076.1']","['ENSMUST00000114390.7', 'ENSMUST00000114391.9', 'ENSMUST00000096316.3', 'ENSMUST00000143076.1', 'ENSMUST00000128329.1', 'ENSMUST00000114389.9', 'ENSMUST00000114387.7', 'ENSMUST00000033763.14']",['ENSMUST00000149591.1'],[],"['protein_coding', 'retained_intron']","['ENSMUSG00000031388.14', 'ENSMUSG00000031389.17']","['Naa10', 'Arhgap4']","['ENSMUST00000114390.7', 'ENSMUST00000114391.9', 'ENSMUST00000096316.3', 'ENSMUST00000149591.1', 'ENSMUST00000143076.1', 'ENSMUST00000128329.1', 'ENSMUST00000114389.9', 'ENSMUST00000114387.7', 'ENSMUST00000033763.14']","['ENSMUST00000114390.7', 'ENSMUST00000114391.9', 'ENSMUST00000096316.3', 'ENSMUST00000143076.1', 'ENSMUST00000128329.1', 'ENSMUST00000114389.9', 'ENSMUST00000114387.7', 'ENSMUST00000033763.14']",['protein_coding']
chr1_4857976_4867469_+,18,367,chr1,4857976,4867469,+,GT-AG,GT,AG,annotated on 5',annotated on 3',0,1,['ENSMUST00000081551.13'],"['ENSMUST00000155020.1', 'ENSMUST00000081551.13', 'ENSMUST00000165720.2']",['ENSMUST00000081551.13'],[],"['ENSMUST00000165720.2', 'ENSMUST00000155020.1']","['nonsense_mediated_decay', 'protein_coding']","['ENSMUSG00000033813.15', 'ENSMUSG00000104217.1']","['Tcea1', 'Gm37988']",['ENSMUST00000081551.13'],"['ENSMUST00000081551.13', 'ENSMUST00000165720.2', 'ENSMUST00000155020.1']",['protein_coding']
chr1_4867532_4878026_+,18,381,chr1,4867532,4878026,+,GT-AG,GT,AG,annotated on 5',annotated on 3',0,1,"['ENSMUST00000155020.1', 'ENSMUST00000081551.13', 'ENSMUST00000165720.2']","['ENSMUST00000155020.1', 'ENSMUST00000081551.13', 'ENSMUST00000165720.2']","['ENSMUST00000081551.13', 'ENSMUST00000165720.2', 'ENSMUST00000155020.1']",[],[],"['nonsense_mediated_decay', 'protein_coding']","['ENSMUSG00000033813.15', 'ENSMUSG00000104217.1']","['Tcea1', 'Gm37988']","['ENSMUST00000081551.13', 'ENSMUST00000165720.2', 'ENSMUST00000155020.1']","['ENSMUST00000081551.13', 'ENSMUST00000165720.2', 'ENSMUST00000155020.1']",['protein_coding']
chr1_4878132_4886743_+,17,332,chr1,4878132,4886743,+,GT-AG,GT,AG,annotated on 5',annotated on 3',0,1,"['ENSMUST00000155020.1', 'ENSMUST00000081551.13', 'ENSMUST00000165720.2']","['ENSMUST00000155020.1', 'ENSMUST00000081551.13', 'ENSMUST00000165720.2']","['ENSMUST00000081551.13', 'ENSMUST00000165720.2', 'ENSMUST00000155020.1']",[],[],"['nonsense_mediated_decay', 'protein_coding']","['ENSMUSG00000033813.15', 'ENSMUSG00000104217.1']","['Tcea1', 'Gm37988']","['ENSMUST00000081551.13', 'ENSMUST00000165720.2', 'ENSMUST00000155020.1']","['ENSMUST00000081551.13', 'ENSMUST00000165720.2', 'ENSMUST00000155020.1']",['protein_coding']
chr1_30944006_30944535_-,15,511,chr1,30944006,30944535,-,GT-AG,GT,AG,annotated on 5',annotated on 3',1,0,"['ENSMUST00000232841.1', 'ENSMUST00000233506.1', 'ENSMUST00000027232.14', 'ENSMUST00000076587.5', 'ENSMUST00000153681.1']","['ENSMUST00000232841.1', 'ENSMUST00000233506.1', 'ENSMUST00000027232.14', 'ENSMUST00000076587.5', 'ENSMUST00000153681.1']","['ENSMUST00000232841.1', 'ENSMUST00000076587.5', 'ENSMUST00000233506.1', 'ENSMUST00000027232.14', 'ENSMUST00000153681.1']",[],[],"['protein_coding', 'retained_intron']","['ENSMUSG00000026064.16', 'ENSMUSG00000117310.1']","['Ptp4a1', 'Ptp4a1']","['ENSMUST00000232841.1', 'ENSMUST00000076587.5', 'ENSMUST00000233506.1', 'ENSMUST00000027232.14', 'ENSMUST00000153681.1']","['ENSMUST00000232841.1', 'ENSMUST00000076587.5', 'ENSMUST00000233506.1', 'ENSMUST00000027232.14', 'ENSMUST00000153681.1']",['protein_coding']
chr1_30944666_30944937_-,15,541,chr1,30944666,30944937,-,GT-AG,GT,AG,annotated on 5',annotated on 3',1,0,"['ENSMUST00000232841.1', 'ENSMUST00000233506.1', 'ENSMUST00000027232.14', 'ENSMUST00000076587.5', 'ENSMUST00000153681.1']","['ENSMUST00000232841.1', 'ENSMUST00000233506.1', 'ENSMUST00000027232.14', 'ENSMUST00000076587.5', 'ENSMUST00000153681.1']","['ENSMUST00000232841.1', 'ENSMUST00000076587.5', 'ENSMUST00000233506.1', 'ENSMUST00000027232.14', 'ENSMUST00000153681.1']",[],[],"['protein_coding', 'retained_intron']","['ENSMUSG00000026064.16', 'ENSMUSG00000117310.1']","['Ptp4a1', 'Ptp4a1']","['ENSMUST00000232841.1', 'ENSMUST00000076587.5', 'ENSMUST00000233506.1', 'ENSMUST00000027232.14', 'ENSMUST00000153681.1']","['ENSMUST00000232841.1', 'ENSMUST00000076587.5', 'ENSMUST00000233506.1', 'ENSMUST00000027232.14', 'ENSMUST00000153681.1']",['protein_coding']
chr1_92464482_92467380_-,15,1437,chr1,92464482,92467380,-,GT-AG,GT,AG,annotated on 5',annotated on 3',1,0,"['ENSMUST00000027478.6', 'ENSMUST00000189503.6', 'ENSMUST00000187141.6', 'ENSMUST00000185466.1']","['ENSMUST00000027478.6', 'ENSMUST00000189503.6', 'ENSMUST00000187141.6', 'ENSMUST00000185466.1']","['ENSMUST00000189503.6', 'ENSMUST00000185466.1', 'ENSMUST00000027478.6', 'ENSMUST00000187141.6']",['ENSMUST00000185251.1'],['ENSMUST00000183483.1'],"['nonsense_mediated_decay', 'miRNA', 'protein_coding', 'retained_intron']","['ENSMUSG00000026260.12', 'ENSMUSG00000098288.1']","['Ndufa10', 'Mir6900']","['ENSMUST00000189503.6', 'ENSMUST00000027478.6', 'ENSMUST00000187141.6', 'ENSMUST00000185466.1', 'ENSMUST00000185251.1']","['ENSMUST00000189503.6', 'ENSMUST00000027478.6', 'ENSMUST00000187141.6', 'ENSMUST00000183483.1', 'ENSMUST00000185466.1']","['miRNA', 'protein_coding']"
chr1_161036852_161037287_+,18,362,chr1,161036852,161037287,+,GT-AG,GT,AG,annotated on 5',annotated on 3',0,1,"['ENSMUST00000161005.7', 'ENSMUST00000159119.7', 'ENSMUST00000159706.7', 'ENSMUST00000162289.7', 'ENSMUST00000162558.7', 'ENSMUST00000160429.7', 'ENSMUST00000159663.7', 'ENSMUST00000159404.7', 'ENSMUST00000159438.7', 'ENSMUST00000161461.7', 'ENSMUST00000159153.7', 'ENSMUST00000161623.7']","['ENSMUST00000159706.7', 'ENSMUST00000161380.7', 'ENSMUST00000162289.7', 'ENSMUST00000162558.7', 'ENSMUST00000160429.7', 'ENSMUST00000159404.7', 'ENSMUST00000159438.7', 'ENSMUST00000161461.7', 'ENSMUST00000159153.7', 'ENSMUST00000161623.7', 'ENSMUST00000159399.7']","['ENSMUST00000159404.7', 'ENSMUST00000161623.7', 'ENSMUST00000160429.7', 'ENSMUST00000159153.7', 'ENSMUST00000162558.7', 'ENSMUST00000159706.7', 'ENSMUST00000159438.7', 'ENSMUST00000162289.7', 'ENSMUST00000161461.7']","['ENSMUST00000161005.7', 'ENSMUST00000160497.1', 'ENSMUST00000159663.7', 'ENSMUST00000159119.7']","['ENSMUST00000163081.1', 'ENSMUST00000161380.7', 'ENSMUST00000083226.1', 'ENSMUST00000159399.7', 'ENSMUST00000160551.1']","['snoRNA', 'lincRNA', 'retained_intron']","['ENSMUSG00000053332.13', 'ENSMUSG00000065160.1']","['Gas5', 'Mir5117']","['ENSMUST00000159404.7', 'ENSMUST00000161623.7', 'ENSMUST00000161005.7', 'ENSMUST00000160497.1', 'ENSMUST00000159663.7', 'ENSMUST00000160429.7', 'ENSMUST00000159153.7', 'ENSMUST00000162558.7', 'ENSMUST00000159119.7', 'ENSMUST00000159706.7', 'ENSMUST00000159438.7', 'ENSMUST00000162289.7', 'ENSMUST00000161461.7']","['ENSMUST00000163081.1', 'ENSMUST00000159404.7', 'ENSMUST00000161623.7', 'ENSMUST00000161380.7', 'ENSMUST00000160429.7', 'ENSMUST00000083226.1', 'ENSMUST00000159153.7', 'ENSMUST00000162558.7', 'ENSMUST00000159399.7', 'ENSMUST00000159706.7', 'ENSMUST00000159438.7', 'ENSMUST00000162289.7', 'ENSMUST00000160551.1', 'ENSMUST00000161461.7']","['processed_transcript', 'snoRNA']"
chr10_77606341_77609811_+,13,296,chr10,77606341,77609811,+,GT-AG,GT,AG,annotated on 5',annotated on 3',0,1,"['ENSMUST00000020501.14', 'ENSMUST00000174113.7', 'ENSMUST00000137841.8', 'ENSMUST00000141228.8']","['ENSMUST00000020501.14', 'ENSMUST00000174113.7', 'ENSMUST00000137841.8', 'ENSMUST00000129492.7', 'ENSMUST00000141228.8', 'ENSMUST00000099538.5']","['ENSMUST00000129492.7', 'ENSMUST00000174113.7', 'ENSMUST00000137841.8', 'ENSMUST00000141228.8', 'ENSMUST00000020501.14']",[],"['ENSMUST00000099538.5', 'ENSMUST00000173691.1']","['nonsense_mediated_decay', 'protein_coding']","['ENSMUSG00000020265.16', 'ENSMUSG00000112241.1']","['Sumo3', 'Gm49325']","['ENSMUST00000129492.7', 'ENSMUST00000174113.7', 'ENSMUST00000137841.8', 'ENSMUST00000141228.8', 'ENSMUST00000020501.14']","['ENSMUST00000173691.1', 'ENSMUST00000129492.7', 'ENSMUST00000174113.7', 'ENSMUST00000137841.8', 'ENSMUST00000141228.8', 'ENSMUST00000020501.14', 'ENSMUST00000099538.5']",['protein_coding']
chr10_77609940_77613979_+,14,791,chr10,77609940,77613979,+,GT-AG,GT,AG,annotated on 5',annotated on 3',0,1,"['ENSMUST00000020501.14', 'ENSMUST00000174113.7', 'ENSMUST00000137841.8', 'ENSMUST00000129492.7', 'ENSMUST00000141228.8', 'ENSMUST00000099538.5']","['ENSMUST00000020501.14', 'ENSMUST00000174113.7', 'ENSMUST00000137841.8', 'ENSMUST00000129492.7', 'ENSMUST00000141228.8', 'ENSMUST00000099538.5', 'ENSMUST00000124024.2']","['ENSMUST00000129492.7', 'ENSMUST00000174113.7', 'ENSMUST00000137841.8', 'ENSMUST00000141228.8', 'ENSMUST00000020501.14', 'ENSMUST00000099538.5']",['ENSMUST00000173691.1'],['ENSMUST00000124024.2'],"['nonsense_mediated_decay', 'protein_coding']","['ENSMUSG00000020265.16', 'ENSMUSG00000112241.1']","['Sumo3', 'Gm49325']","['ENSMUST00000173691.1', 'ENSMUST00000129492.7', 'ENSMUST00000174113.7', 'ENSMUST00000137841.8', 'ENSMUST00000141228.8', 'ENSMUST00000020501.14', 'ENSMUST00000099538.5']","['ENSMUST00000129492.7', 'ENSMUST00000174113.7', 'ENSMUST00000137841.8', 'ENSMUST00000124024.2', 'ENSMUST00000141228.8', 'ENSMUST00000020501.14', 'ENSMUST00000099538.5']",['protein_coding']
chr10_77614051_77616147_+,12,554,chr10,77614051,77616147,+,GT-AG,GT,AG,annotated on 5',annotated on 3',0,1,"['ENSMUST00000020501.14', 'ENSMUST00000174113.7', 'ENSMUST00000137841.8', 'ENSMUST00000129492.7', 'ENSMUST00000141228.8', 'ENSMUST00000099538.5', 'ENSMUST00000124024.2']","['ENSMUST00000020501.14', 'ENSMUST00000137841.8', 'ENSMUST00000129492.7', 'ENSMUST00000099538.5', 'ENSMUST00000124024.2']","['ENSMUST00000129492.7', 'ENSMUST00000137841.8', 'ENSMUST00000124024.2', 'ENSMUST00000141228.8', 'ENSMUST00000020501.14', 'ENSMUST00000099538.5']",['ENSMUST00000174113.7'],[],"['nonsense_mediated_decay', 'protein_coding']","['ENSMUSG00000020265.16', 'ENSMUSG00000112241.1']","['Sumo3', 'Gm49325']","['ENSMUST00000129492.7', 'ENSMUST00000174113.7', 'ENSMUST00000137841.8', 'ENSMUST00000124024.2', 'ENSMUST00000141228.8', 'ENSMUST00000020501.14', 'ENSMUST00000099538.5']","['ENSMUST00000129492.7', 'ENSMUST00000137841.8', 'ENSMUST00000124024.2', 'ENSMUST00000141228.8', 'ENSMUST00000020501.14', 'ENSMUST00000099538.5']",['protein_coding']
chr10_128920691_128922653_-,22,1287,chr10,128920691,128922653,-,GT-AG,GT,AG,annotated on 5',annotated on 3',1,0,"['ENSMUST00000153731.7', 'ENSMUST00000135161.1', 'ENSMUST00000026405.9', 'ENSMUST00000131271.1']","['ENSMUST00000153731.7', 'ENSMUST00000135161.1', 'ENSMUST00000026405.9', 'ENSMUST00000131271.1']","['ENSMUST00000026405.9', 'ENSMUST00000153731.7', 'ENSMUST00000131271.1', 'ENSMUST00000135161.1']",[],['ENSMUST00000141320.1'],"['processed_transcript', 'protein_coding']","['ENSMUSG00000025350.15', 'ENSMUSG00000090247.7']","['Rdh5', 'Bloc1s1']","['ENSMUST00000026405.9', 'ENSMUST00000153731.7', 'ENSMUST00000131271.1', 'ENSMUST00000135161.1']","['ENSMUST00000026405.9', 'ENSMUST00000141320.1', 'ENSMUST00000131271.1', 'ENSMUST00000153731.7', 'ENSMUST00000135161.1']",['protein_coding']
chr11_17193133_17194216_+,8,215,chr11,17193133,17194216,+,GT-AG,GT,AG,annotated on 5',annotated on 3',0,1,"['ENSMUST00000102880.4', 'ENSMUST00000151431.1', 'ENSMUST00000154425.1']","['ENSMUST00000102880.4', 'ENSMUST00000151431.1', 'ENSMUST00000154425.1']","['ENSMUST00000154425.1', 'ENSMUST00000151431.1', 'ENSMUST00000102880.4']",[],[],"['processed_transcript', 'protein_coding']","['ENSMUSG00000078970.5', 'ENSMUSG00000033953.10']","['Wdr92', 'Ppp3r1']","['ENSMUST00000154425.1', 'ENSMUST00000151431.1', 'ENSMUST00000102880.4']","['ENSMUST00000154425.1', 'ENSMUST00000151431.1', 'ENSMUST00000102880.4']",['protein_coding']
chr11_22837195_22859493_-,8,218,chr11,22837195,22859493,-,GT-AG,GT,AG,annotated on 5',annotated on 3',1,0,"['ENSMUST00000189990.1', 'ENSMUST00000062844.10']","['ENSMUST00000160826.1', 'ENSMUST00000062844.10', 'ENSMUST00000055549.3', 'ENSMUST00000173660.1']",['ENSMUST00000062844.10'],['ENSMUST00000189990.1'],"['ENSMUST00000055549.3', 'ENSMUST00000160826.1', 'ENSMUST00000173660.1']","['processed_transcript', 'protein_coding']","['ENSMUSG00000051650.11', 'ENSMUSG00000098650.1']","['B3gnt2', 'Gm28048']","['ENSMUST00000189990.1', 'ENSMUST00000062844.10']","['ENSMUST00000055549.3', 'ENSMUST00000160826.1', 'ENSMUST00000173660.1', 'ENSMUST00000062844.10']",['protein_coding']
chr11_22900057_22956410_-,23,938,chr11,22900057,22956410,-,GT-AG,GT,AG,annotated on 5',annotated on 3',1,0,"['ENSMUST00000160826.1', 'ENSMUST00000159081.7', 'ENSMUST00000057843.11', 'ENSMUST00000161944.1', 'ENSMUST00000162924.1', 'ENSMUST00000093270.5']","['ENSMUST00000159081.7', 'ENSMUST00000071068.8', 'ENSMUST00000057843.11', 'ENSMUST00000161944.1', 'ENSMUST00000162924.1']","['ENSMUST00000162924.1', 'ENSMUST00000159081.7', 'ENSMUST00000057843.11', 'ENSMUST00000161944.1']","['ENSMUST00000093270.5', 'ENSMUST00000160826.1']",['ENSMUST00000071068.8'],"['processed_transcript', 'protein_coding', 'retained_intron']","['ENSMUSG00000098650.1', 'ENSMUSG00000051355.18']","['Gm28048', 'Commd1']","['ENSMUST00000159081.7', 'ENSMUST00000160826.1', 'ENSMUST00000057843.11', 'ENSMUST00000162924.1', 'ENSMUST00000161944.1', 'ENSMUST00000093270.5']","['ENSMUST00000071068.8', 'ENSMUST00000159081.7', 'ENSMUST00000057843.11', 'ENSMUST00000162924.1', 'ENSMUST00000161944.1']",['protein_coding']
chr11_22956692_22982078_-,21,973,chr11,22956692,22982078,-,GT-AG,GT,AG,annotated on 5',annotated on 3',1,0,"['ENSMUST00000160826.1', 'ENSMUST00000159081.7', 'ENSMUST00000071068.8', 'ENSMUST00000093270.5']","['ENSMUST00000160826.1', 'ENSMUST00000159081.7', 'ENSMUST00000057843.11', 'ENSMUST00000162924.1', 'ENSMUST00000093270.5']","['ENSMUST00000093270.5', 'ENSMUST00000159081.7', 'ENSMUST00000160826.1']",['ENSMUST00000071068.8'],"['ENSMUST00000057843.11', 'ENSMUST00000162924.1']","['processed_transcript', 'protein_coding']","['ENSMUSG00000098650.1', 'ENSMUSG00000051355.18']","['Gm28048', 'Commd1']","['ENSMUST00000071068.8', 'ENSMUST00000159081.7', 'ENSMUST00000160826.1', 'ENSMUST00000093270.5']","['ENSMUST00000159081.7', 'ENSMUST00000160826.1', 'ENSMUST00000057843.11', 'ENSMUST00000162924.1', 'ENSMUST00000093270.5']",['protein_coding']
chr11_69687376_69693505_-,11,311,chr11,69687376,69693505,-,GT-AG,GT,AG,annotated on 5',annotated on 3',1,0,"['ENSMUST00000180587.7', 'ENSMUST00000174159.7', 'ENSMUST00000108649.2', 'ENSMUST00000181810.7', 'ENSMUST00000181261.1']","['ENSMUST00000180587.7', 'ENSMUST00000174159.7', 'ENSMUST00000108649.2', 'ENSMUST00000181810.7', 'ENSMUST00000181261.1']","['ENSMUST00000108649.2', 'ENSMUST00000180587.7', 'ENSMUST00000181261.1', 'ENSMUST00000174159.7', 'ENSMUST00000181810.7']",[],[],['protein_coding'],"['ENSMUSG00000018752.19', 'ENSMUSG00000097328.7']","['Tnfsfm13', 'Tnfsf12']","['ENSMUST00000108649.2', 'ENSMUST00000180587.7', 'ENSMUST00000181261.1', 'ENSMUST00000174159.7', 'ENSMUST00000181810.7']","['ENSMUST00000108649.2', 'ENSMUST00000180587.7', 'ENSMUST00000181261.1', 'ENSMUST00000174159.7', 'ENSMUST00000181810.7']",['protein_coding']
chr11_69693541_69693620_-,11,297,chr11,69693541,69693620,-,GT-AG,GT,AG,annotated on 5',annotated on 3',1,0,"['ENSMUST00000180587.7', 'ENSMUST00000174159.7', 'ENSMUST00000108649.2', 'ENSMUST00000181810.7', 'ENSMUST00000181261.1']","['ENSMUST00000180587.7', 'ENSMUST00000174159.7', 'ENSMUST00000108649.2', 'ENSMUST00000181810.7', 'ENSMUST00000181261.1']","['ENSMUST00000108649.2', 'ENSMUST00000180587.7', 'ENSMUST00000181261.1', 'ENSMUST00000174159.7', 'ENSMUST00000181810.7']",[],[],['protein_coding'],"['ENSMUSG00000018752.19', 'ENSMUSG00000097328.7']","['Tnfsfm13', 'Tnfsf12']","['ENSMUST00000108649.2', 'ENSMUST00000180587.7', 'ENSMUST00000181261.1', 'ENSMUST00000174159.7', 'ENSMUST00000181810.7']","['ENSMUST00000108649.2', 'ENSMUST00000180587.7', 'ENSMUST00000181261.1', 'ENSMUST00000174159.7', 'ENSMUST00000181810.7']",['protein_coding']
chr11_69693674_69694749_-,11,216,chr11,69693674,69694749,-,GT-AG,GT,AG,annotated on 5',annotated on 3',1,0,"['ENSMUST00000180587.7', 'ENSMUST00000174159.7', 'ENSMUST00000108649.2', 'ENSMUST00000181810.7', 'ENSMUST00000181261.1']","['ENSMUST00000180587.7', 'ENSMUST00000174159.7', 'ENSMUST00000108649.2', 'ENSMUST00000181810.7', 'ENSMUST00000181261.1']","['ENSMUST00000108649.2', 'ENSMUST00000180587.7', 'ENSMUST00000181261.1', 'ENSMUST00000174159.7', 'ENSMUST00000181810.7']",[],[],['protein_coding'],"['ENSMUSG00000018752.19', 'ENSMUSG00000097328.7']","['Tnfsfm13', 'Tnfsf12']","['ENSMUST00000108649.2', 'ENSMUST00000180587.7', 'ENSMUST00000181261.1', 'ENSMUST00000174159.7', 'ENSMUST00000181810.7']","['ENSMUST00000108649.2', 'ENSMUST00000180587.7', 'ENSMUST00000181261.1', 'ENSMUST00000174159.7', 'ENSMUST00000181810.7']",['protein_coding']
chr11_106202178_106202383_-,11,663,chr11,106202178,106202383,-,GT-AG,GT,AG,annotated on 5',annotated on 3',1,0,"['ENSMUST00000002043.9', 'ENSMUST00000106865.7', 'ENSMUST00000125383.7', 'ENSMUST00000137915.1']","['ENSMUST00000002043.9', 'ENSMUST00000106865.7', 'ENSMUST00000125383.7', 'ENSMUST00000137915.1']","['ENSMUST00000137915.1', 'ENSMUST00000125383.7', 'ENSMUST00000002043.9', 'ENSMUST00000106865.7']",[],['ENSMUST00000122989.1'],"['processed_transcript', 'protein_coding']","['ENSMUSG00000069631.14', 'ENSMUSG00000078622.8']","['Strada', 'Ccdc47']","['ENSMUST00000137915.1', 'ENSMUST00000125383.7', 'ENSMUST00000002043.9', 'ENSMUST00000106865.7']","['ENSMUST00000137915.1', 'ENSMUST00000125383.7', 'ENSMUST00000122989.1', 'ENSMUST00000002043.9', 'ENSMUST00000106865.7']",['protein_coding']
chr12_57230611_57238362_+,9,302,chr12,57230611,57238362,+,GT-AG,GT,AG,annotated on 5',annotated on 3',0,1,"['ENSMUST00000139049.1', 'ENSMUST00000153755.7', 'ENSMUST00000150292.7', 'ENSMUST00000148418.7', 'ENSMUST00000145003.7', 'ENSMUST00000123498.7', 'ENSMUST00000153439.1']",['ENSMUST00000139049.1'],['ENSMUST00000139049.1'],"['ENSMUST00000153755.7', 'ENSMUST00000153439.1', 'ENSMUST00000123498.7', 'ENSMUST00000150292.7', 'ENSMUST00000145003.7', 'ENSMUST00000148418.7']",[],"['protein_coding', 'retained_intron']","['ENSMUSG00000047022.18', 'ENSMUSG00000079104.4']","['Mipol1', 'Prps1l3']","['ENSMUST00000153755.7', 'ENSMUST00000153439.1', 'ENSMUST00000150292.7', 'ENSMUST00000123498.7', 'ENSMUST00000139049.1', 'ENSMUST00000145003.7', 'ENSMUST00000148418.7']",['ENSMUST00000139049.1'],['protein_coding']
chr16_3884806_3894368_+,10,201,chr16,3884806,3894368,+,GT-AG,GT,AG,annotated on 5',annotated on 3',0,1,"['ENSMUST00000186375.6', 'ENSMUST00000176233.1', 'ENSMUST00000176625.7', 'ENSMUST00000135093.7', 'ENSMUST00000143537.8', 'ENSMUST00000006138.12', 'ENSMUST00000147949.7', 'ENSMUST00000140832.1']","['ENSMUST00000151988.7', 'ENSMUST00000186375.6', 'ENSMUST00000176233.1', 'ENSMUST00000135093.7', 'ENSMUST00000143537.8', 'ENSMUST00000006138.12', 'ENSMUST00000147949.7', 'ENSMUST00000140832.1', 'ENSMUST00000115860.7']","['ENSMUST00000176233.1', 'ENSMUST00000147949.7', 'ENSMUST00000006138.12', 'ENSMUST00000115860.7', 'ENSMUST00000140832.1', 'ENSMUST00000186375.6', 'ENSMUST00000135093.7', 'ENSMUST00000143537.8']",['ENSMUST00000176625.7'],"['ENSMUST00000150655.2', 'ENSMUST00000176224.7', 'ENSMUST00000175809.7', 'ENSMUST00000151988.7']","['nonsense_mediated_decay', 'protein_coding', 'retained_intron']","['ENSMUSG00000005982.13', 'ENSMUSG00000093575.1']","['Naa60', 'Gm20695']","['ENSMUST00000176233.1', 'ENSMUST00000147949.7', 'ENSMUST00000006138.12', 'ENSMUST00000115860.7', 'ENSMUST00000140832.1', 'ENSMUST00000186375.6', 'ENSMUST00000135093.7', 'ENSMUST00000143537.8', 'ENSMUST00000176625.7']","['ENSMUST00000176233.1', 'ENSMUST00000147949.7', 'ENSMUST00000151988.7', 'ENSMUST00000006138.12', 'ENSMUST00000115860.7', 'ENSMUST00000140832.1', 'ENSMUST00000150655.2', 'ENSMUST00000186375.6', 'ENSMUST00000176224.7', 'ENSMUST00000135093.7', 'ENSMUST00000175809.7', 'ENSMUST00000143537.8']",['protein_coding']
chr16_3894484_3897250_+,9,267,chr16,3894484,3897250,+,GT-AG,GT,AG,annotated on 5',annotated on 3',0,1,"['ENSMUST00000151988.7', 'ENSMUST00000186375.6', 'ENSMUST00000176233.1', 'ENSMUST00000135093.7', 'ENSMUST00000143537.8', 'ENSMUST00000006138.12', 'ENSMUST00000147949.7', 'ENSMUST00000140832.1', 'ENSMUST00000115860.7', 'ENSMUST00000175809.7', 'ENSMUST00000176224.7', 'ENSMUST00000150655.2']","['ENSMUST00000151988.7', 'ENSMUST00000186375.6', 'ENSMUST00000176233.1', 'ENSMUST00000176625.7', 'ENSMUST00000135093.7', 'ENSMUST00000143537.8', 'ENSMUST00000006138.12', 'ENSMUST00000147949.7', 'ENSMUST00000140832.1', 'ENSMUST00000115860.7', 'ENSMUST00000175809.7', 'ENSMUST00000176224.7', 'ENSMUST00000150655.2']","['ENSMUST00000176233.1', 'ENSMUST00000147949.7', 'ENSMUST00000151988.7', 'ENSMUST00000006138.12', 'ENSMUST00000115860.7', 'ENSMUST00000140832.1', 'ENSMUST00000150655.2', 'ENSMUST00000186375.6', 'ENSMUST00000176224.7', 'ENSMUST00000135093.7', 'ENSMUST00000175809.7', 'ENSMUST00000143537.8']",[],['ENSMUST00000176625.7'],"['nonsense_mediated_decay', 'protein_coding', 'retained_intron']","['ENSMUSG00000005982.13', 'ENSMUSG00000093575.1']","['Naa60', 'Gm20695']","['ENSMUST00000176233.1', 'ENSMUST00000147949.7', 'ENSMUST00000151988.7', 'ENSMUST00000006138.12', 'ENSMUST00000115860.7', 'ENSMUST00000140832.1', 'ENSMUST00000150655.2', 'ENSMUST00000186375.6', 'ENSMUST00000176224.7', 'ENSMUST00000135093.7', 'ENSMUST00000175809.7', 'ENSMUST00000143537.8']","['ENSMUST00000176233.1', 'ENSMUST00000147949.7', 'ENSMUST00000151988.7', 'ENSMUST00000006138.12', 'ENSMUST00000115860.7', 'ENSMUST00000140832.1', 'ENSMUST00000150655.2', 'ENSMUST00000186375.6', 'ENSMUST00000176224.7', 'ENSMUST00000135093.7', 'ENSMUST00000175809.7', 'ENSMUST00000143537.8', 'ENSMUST00000176625.7']",['protein_coding']
chr16_3897380_3899871_+,11,291,chr16,3897380,3899871,+,GT-AG,GT,AG,annotated on 5',annotated on 3',0,1,"['ENSMUST00000151988.7', 'ENSMUST00000186375.6', 'ENSMUST00000176233.1', 'ENSMUST00000176625.7', 'ENSMUST00000143537.8', 'ENSMUST00000006138.12', 'ENSMUST00000140832.1', 'ENSMUST00000115860.7', 'ENSMUST00000175809.7', 'ENSMUST00000176224.7', 'ENSMUST00000150655.2']","['ENSMUST00000151988.7', 'ENSMUST00000186375.6', 'ENSMUST00000176233.1', 'ENSMUST00000176625.7', 'ENSMUST00000143537.8', 'ENSMUST00000006138.12', 'ENSMUST00000140832.1', 'ENSMUST00000115860.7', 'ENSMUST00000176224.7', 'ENSMUST00000150655.2', 'ENSMUST00000146935.2']","['ENSMUST00000176233.1', 'ENSMUST00000151988.7', 'ENSMUST00000006138.12', 'ENSMUST00000115860.7', 'ENSMUST00000140832.1', 'ENSMUST00000150655.2', 'ENSMUST00000186375.6', 'ENSMUST00000176224.7', 'ENSMUST00000143537.8', 'ENSMUST00000176625.7']","['ENSMUST00000147949.7', 'ENSMUST00000135093.7', 'ENSMUST00000175809.7']",['ENSMUST00000146935.2'],"['nonsense_mediated_decay', 'processed_transcript', 'protein_coding', 'retained_intron']","['ENSMUSG00000005982.13', 'ENSMUSG00000093575.1']","['Naa60', 'Gm20695']","['ENSMUST00000176233.1', 'ENSMUST00000147949.7', 'ENSMUST00000151988.7', 'ENSMUST00000006138.12', 'ENSMUST00000115860.7', 'ENSMUST00000140832.1', 'ENSMUST00000150655.2', 'ENSMUST00000186375.6', 'ENSMUST00000176224.7', 'ENSMUST00000135093.7', 'ENSMUST00000175809.7', 'ENSMUST00000143537.8', 'ENSMUST00000176625.7']","['ENSMUST00000176233.1', 'ENSMUST00000151988.7', 'ENSMUST00000006138.12', 'ENSMUST00000115860.7', 'ENSMUST00000140832.1', 'ENSMUST00000150655.2', 'ENSMUST00000146935.2', 'ENSMUST00000186375.6', 'ENSMUST00000176224.7', 'ENSMUST00000143537.8', 'ENSMUST00000176625.7']",['protein_coding']
chr16_3899968_3900642_+,11,274,chr16,3899968,3900642,+,GT-AG,GT,AG,annotated on 5',annotated on 3',0,1,"['ENSMUST00000151988.7', 'ENSMUST00000186375.6', 'ENSMUST00000176233.1', 'ENSMUST00000176625.7', 'ENSMUST00000143537.8', 'ENSMUST00000006138.12', 'ENSMUST00000115860.7', 'ENSMUST00000176224.7', 'ENSMUST00000150655.2', 'ENSMUST00000146935.2']","['ENSMUST00000151988.7', 'ENSMUST00000186375.6', 'ENSMUST00000176625.7', 'ENSMUST00000006138.12', 'ENSMUST00000115860.7', 'ENSMUST00000150655.2']","['ENSMUST00000006138.12', 'ENSMUST00000151988.7', 'ENSMUST00000115860.7', 'ENSMUST00000150655.2', 'ENSMUST00000186375.6', 'ENSMUST00000143537.8', 'ENSMUST00000176625.7']","['ENSMUST00000176233.1', 'ENSMUST00000176224.7', 'ENSMUST00000146935.2']",[],"['nonsense_mediated_decay', 'processed_transcript', 'protein_coding']","['ENSMUSG00000005982.13', 'ENSMUSG00000093575.1']","['Naa60', 'Gm20695']","['ENSMUST00000176233.1', 'ENSMUST00000151988.7', 'ENSMUST00000006138.12', 'ENSMUST00000115860.7', 'ENSMUST00000150655.2', 'ENSMUST00000146935.2', 'ENSMUST00000186375.6', 'ENSMUST00000176224.7', 'ENSMUST00000143537.8', 'ENSMUST00000176625.7']","['ENSMUST00000006138.12', 'ENSMUST00000151988.7', 'ENSMUST00000115860.7', 'ENSMUST00000150655.2', 'ENSMUST00000186375.6', 'ENSMUST00000143537.8', 'ENSMUST00000176625.7']",['protein_coding']
chr16_18245358_18247288_-,26,1087,chr16,18245358,18247288,-,GT-AG,GT,AG,annotated on 5',annotated on 3',1,0,"['ENSMUST00000115645.9', 'ENSMUST00000052325.6', 'ENSMUST00000123073.7', 'ENSMUST00000134035.1', 'ENSMUST00000232144.1']","['ENSMUST00000115645.9', 'ENSMUST00000052325.6', 'ENSMUST00000123073.7', 'ENSMUST00000134035.1', 'ENSMUST00000232144.1']","['ENSMUST00000123073.7', 'ENSMUST00000052325.6', 'ENSMUST00000134035.1', 'ENSMUST00000115645.9', 'ENSMUST00000232144.1']",[],[],"['nonsense_mediated_decay', 'processed_transcript', 'protein_coding', 'retained_intron']","['ENSMUSG00000116925.1', 'ENSMUSG00000005732.14']","['AC084822.2', 'Ranbp1']","['ENSMUST00000123073.7', 'ENSMUST00000052325.6', 'ENSMUST00000134035.1', 'ENSMUST00000115645.9', 'ENSMUST00000232144.1']","['ENSMUST00000123073.7', 'ENSMUST00000052325.6', 'ENSMUST00000134035.1', 'ENSMUST00000115645.9', 'ENSMUST00000232144.1']",['protein_coding']
chr16_91391878_91393756_+,15,1171,chr16,91391878,91393756,+,GT-AG,GT,AG,annotated on 5',annotated on 3',0,1,"['ENSMUST00000023693.13', 'ENSMUST00000134491.8', 'ENSMUST00000117836.7', 'ENSMUST00000089042.6', 'ENSMUST00000161517.7', 'ENSMUST00000160764.1']","['ENSMUST00000023693.13', 'ENSMUST00000134491.8', 'ENSMUST00000117836.7', 'ENSMUST00000089042.6', 'ENSMUST00000161517.7', 'ENSMUST00000160764.1']","['ENSMUST00000161517.7', 'ENSMUST00000089042.6', 'ENSMUST00000160764.1', 'ENSMUST00000023693.13', 'ENSMUST00000134491.8', 'ENSMUST00000117836.7']",[],[],"['nonsense_mediated_decay', 'protein_coding']","['ENSMUSG00000093701.7', 'ENSMUSG00000022971.18']","['Gm21970', 'Ifnar2']","['ENSMUST00000161517.7', 'ENSMUST00000089042.6', 'ENSMUST00000160764.1', 'ENSMUST00000023693.13', 'ENSMUST00000134491.8', 'ENSMUST00000117836.7']","['ENSMUST00000161517.7', 'ENSMUST00000089042.6', 'ENSMUST00000160764.1', 'ENSMUST00000023693.13', 'ENSMUST00000134491.8', 'ENSMUST00000117836.7']",['protein_coding']
chr17_25831218_25831308_-,17,1264,chr17,25831218,25831308,-,GT-AG,GT,AG,annotated on 5',annotated on 3',1,0,['ENSMUST00000044911.8'],['ENSMUST00000044911.8'],['ENSMUST00000044911.8'],['ENSMUST00000175335.1'],[],"['miRNA', 'protein_coding']","['ENSMUSG00000093076.1', 'ENSMUSG00000039615.8']","['Mir3082', 'Stub1']","['ENSMUST00000175335.1', 'ENSMUST00000044911.8']",['ENSMUST00000044911.8'],"['miRNA', 'protein_coding']"
chr17_25831365_25831543_-,16,963,chr17,25831365,25831543,-,GT-AG,GT,AG,annotated on 5',annotated on 3',1,0,['ENSMUST00000044911.8'],['ENSMUST00000044911.8'],['ENSMUST00000044911.8'],[],['ENSMUST00000175335.1'],"['miRNA', 'protein_coding']","['ENSMUSG00000093076.1', 'ENSMUSG00000039615.8']","['Mir3082', 'Stub1']",['ENSMUST00000044911.8'],"['ENSMUST00000175335.1', 'ENSMUST00000044911.8']","['miRNA', 'protein_coding']"
chr17_26935397_26935539_+,9,330,chr17,26935397,26935539,+,GT-AG,GT,AG,annotated on 5',annotated on 3',0,1,['ENSMUST00000073724.5'],['ENSMUST00000073724.5'],['ENSMUST00000073724.5'],[],['ENSMUST00000184739.1'],"['miRNA', 'protein_coding']","['ENSMUSG00000098510.1', 'ENSMUSG00000024193.7']","['Mir6968', 'Phf1']",['ENSMUST00000073724.5'],"['ENSMUST00000184739.1', 'ENSMUST00000073724.5']","['miRNA', 'protein_coding']"
chr17_34026225_34026395_-,11,952,chr17,34026225,34026395,-,GT-AG,GT,AG,annotated on 5',annotated on 3',1,0,"['ENSMUST00000045467.13', 'ENSMUST00000168978.1', 'ENSMUST00000170644.7']","['ENSMUST00000045467.13', 'ENSMUST00000168978.1', 'ENSMUST00000170644.7']","['ENSMUST00000170644.7', 'ENSMUST00000168978.1', 'ENSMUST00000045467.13']",['ENSMUST00000174399.7'],[],"['processed_transcript', 'protein_coding', 'retained_intron']","['ENSMUSG00000092595.1', 'ENSMUSG00000073422.10']","['Gm20427', 'H2-Ke6']","['ENSMUST00000170644.7', 'ENSMUST00000174399.7', 'ENSMUST00000168978.1', 'ENSMUST00000045467.13']","['ENSMUST00000170644.7', 'ENSMUST00000168978.1', 'ENSMUST00000045467.13']","['processed_transcript', 'protein_coding']"
chr17_34026470_34026662_-,12,1263,chr17,34026470,34026662,-,GT-AG,GT,AG,annotated on 5',annotated on 3',1,0,"['ENSMUST00000173616.7', 'ENSMUST00000173425.7', 'ENSMUST00000045467.13', 'ENSMUST00000168978.1', 'ENSMUST00000170644.7', 'ENSMUST00000174029.7', 'ENSMUST00000174399.7']","['ENSMUST00000173616.7', 'ENSMUST00000173425.7', 'ENSMUST00000045467.13', 'ENSMUST00000168978.1', 'ENSMUST00000170644.7', 'ENSMUST00000174029.7', 'ENSMUST00000174399.7']","['ENSMUST00000170644.7', 'ENSMUST00000168978.1', 'ENSMUST00000174029.7', 'ENSMUST00000173425.7', 'ENSMUST00000045467.13', 'ENSMUST00000174399.7', 'ENSMUST00000173616.7']",['ENSMUST00000114303.3'],[],"['processed_transcript', 'protein_coding', 'retained_intron']","['ENSMUSG00000092595.1', 'ENSMUSG00000073422.10']","['Gm20427', 'H2-Ke6']","['ENSMUST00000114303.3', 'ENSMUST00000170644.7', 'ENSMUST00000168978.1', 'ENSMUST00000174029.7', 'ENSMUST00000173425.7', 'ENSMUST00000045467.13', 'ENSMUST00000174399.7', 'ENSMUST00000173616.7']","['ENSMUST00000170644.7', 'ENSMUST00000168978.1', 'ENSMUST00000174029.7', 'ENSMUST00000173425.7', 'ENSMUST00000045467.13', 'ENSMUST00000174399.7', 'ENSMUST00000173616.7']","['processed_transcript', 'protein_coding']"
chr17_34026705_34026850_-,11,1436,chr17,34026705,34026850,-,GT-AG,GT,AG,annotated on 5',annotated on 3',1,0,"['ENSMUST00000173425.7', 'ENSMUST00000045467.13', 'ENSMUST00000168978.1', 'ENSMUST00000170644.7', 'ENSMUST00000174029.7', 'ENSMUST00000174399.7', 'ENSMUST00000114303.3']","['ENSMUST00000173425.7', 'ENSMUST00000045467.13', 'ENSMUST00000168978.1', 'ENSMUST00000170644.7', 'ENSMUST00000174029.7', 'ENSMUST00000174399.7', 'ENSMUST00000114303.3']","['ENSMUST00000114303.3', 'ENSMUST00000170644.7', 'ENSMUST00000168978.1', 'ENSMUST00000174029.7', 'ENSMUST00000173425.7', 'ENSMUST00000045467.13', 'ENSMUST00000174399.7']",['ENSMUST00000173894.1'],['ENSMUST00000173616.7'],"['processed_transcript', 'protein_coding', 'retained_intron']","['ENSMUSG00000092595.1', 'ENSMUSG00000073422.10']","['Gm20427', 'H2-Ke6']","['ENSMUST00000114303.3', 'ENSMUST00000170644.7', 'ENSMUST00000168978.1', 'ENSMUST00000173894.1', 'ENSMUST00000174029.7', 'ENSMUST00000173425.7', 'ENSMUST00000045467.13', 'ENSMUST00000174399.7']","['ENSMUST00000114303.3', 'ENSMUST00000170644.7', 'ENSMUST00000168978.1', 'ENSMUST00000174029.7', 'ENSMUST00000173425.7', 'ENSMUST00000045467.13', 'ENSMUST00000174399.7', 'ENSMUST00000173616.7']","['processed_transcript', 'protein_coding']"
chr17_34027101_34027202_-,10,1357,chr17,34027101,34027202,-,GT-AG,GT,AG,annotated on 5',annotated on 3',1,0,"['ENSMUST00000045467.13', 'ENSMUST00000168978.1', 'ENSMUST00000170644.7', 'ENSMUST00000174399.7', 'ENSMUST00000114303.3', 'ENSMUST00000173894.1']","['ENSMUST00000045467.13', 'ENSMUST00000168978.1', 'ENSMUST00000170644.7', 'ENSMUST00000174399.7', 'ENSMUST00000114303.3', 'ENSMUST00000173894.1']","['ENSMUST00000114303.3', 'ENSMUST00000170644.7', 'ENSMUST00000168978.1', 'ENSMUST00000173894.1', 'ENSMUST00000045467.13', 'ENSMUST00000174399.7']",[],['ENSMUST00000173425.7'],"['processed_transcript', 'protein_coding', 'retained_intron']","['ENSMUSG00000092595.1', 'ENSMUSG00000073422.10']","['Gm20427', 'H2-Ke6']","['ENSMUST00000114303.3', 'ENSMUST00000170644.7', 'ENSMUST00000168978.1', 'ENSMUST00000173894.1', 'ENSMUST00000045467.13', 'ENSMUST00000174399.7']","['ENSMUST00000114303.3', 'ENSMUST00000170644.7', 'ENSMUST00000168978.1', 'ENSMUST00000173894.1', 'ENSMUST00000173425.7', 'ENSMUST00000045467.13', 'ENSMUST00000174399.7']","['processed_transcript', 'protein_coding']"
chr17_34029068_34029509_-,20,1197,chr17,34029068,34029509,-,GT-AG,GT,AG,annotated on 5',annotated on 3',1,0,"['ENSMUST00000168978.1', 'ENSMUST00000169397.7', 'ENSMUST00000025186.14', 'ENSMUST00000170491.7']","['ENSMUST00000168978.1', 'ENSMUST00000169397.7', 'ENSMUST00000025186.14', 'ENSMUST00000170491.7']","['ENSMUST00000170491.7', 'ENSMUST00000169397.7', 'ENSMUST00000168978.1', 'ENSMUST00000025186.14']",[],[],"['protein_coding', 'retained_intron']","['ENSMUSG00000092595.1', 'ENSMUSG00000024327.15']","['Gm20427', 'Slc39a7']","['ENSMUST00000170491.7', 'ENSMUST00000169397.7', 'ENSMUST00000168978.1', 'ENSMUST00000025186.14']","['ENSMUST00000170491.7', 'ENSMUST00000169397.7', 'ENSMUST00000168978.1', 'ENSMUST00000025186.14']","['processed_transcript', 'protein_coding']"
chr17_34029983_34030089_-,20,1761,chr17,34029983,34030089,-,GT-AG,GT,AG,annotated on 5',annotated on 3',1,0,"['ENSMUST00000168978.1', 'ENSMUST00000169397.7', 'ENSMUST00000025186.14', 'ENSMUST00000170491.7', 'ENSMUST00000167145.1']","['ENSMUST00000168978.1', 'ENSMUST00000169397.7', 'ENSMUST00000025186.14', 'ENSMUST00000170491.7', 'ENSMUST00000167145.1']","['ENSMUST00000025186.14', 'ENSMUST00000168978.1', 'ENSMUST00000169397.7', 'ENSMUST00000170491.7', 'ENSMUST00000167145.1']",['ENSMUST00000171872.1'],[],"['protein_coding', 'retained_intron']","['ENSMUSG00000092595.1', 'ENSMUSG00000024327.15']","['Gm20427', 'Slc39a7']","['ENSMUST00000025186.14', 'ENSMUST00000168978.1', 'ENSMUST00000169397.7', 'ENSMUST00000171872.1', 'ENSMUST00000170491.7', 'ENSMUST00000167145.1']","['ENSMUST00000025186.14', 'ENSMUST00000168978.1', 'ENSMUST00000169397.7', 'ENSMUST00000170491.7', 'ENSMUST00000167145.1']","['processed_transcript', 'protein_coding']"
chr17_34030254_34030367_-,19,1111,chr17,34030254,34030367,-,GT-AG,GT,AG,annotated on 5',annotated on 3',1,0,"['ENSMUST00000168978.1', 'ENSMUST00000169397.7', 'ENSMUST00000025186.14', 'ENSMUST00000170491.7', 'ENSMUST00000171872.1']","['ENSMUST00000168978.1', 'ENSMUST00000169397.7', 'ENSMUST00000025186.14', 'ENSMUST00000170491.7', 'ENSMUST00000171872.1']","['ENSMUST00000025186.14', 'ENSMUST00000168978.1', 'ENSMUST00000169397.7', 'ENSMUST00000171872.1', 'ENSMUST00000170491.7']",[],[],"['protein_coding', 'retained_intron']","['ENSMUSG00000092595.1', 'ENSMUSG00000024327.15']","['Gm20427', 'Slc39a7']","['ENSMUST00000025186.14', 'ENSMUST00000168978.1', 'ENSMUST00000169397.7', 'ENSMUST00000171872.1', 'ENSMUST00000170491.7']","['ENSMUST00000025186.14', 'ENSMUST00000168978.1', 'ENSMUST00000169397.7', 'ENSMUST00000171872.1', 'ENSMUST00000170491.7']","['processed_transcript', 'protein_coding']"
chr17_34030421_34030565_-,19,1443,chr17,34030421,34030565,-,GT-AG,GT,AG,annotated on 5',annotated on 3',1,0,"['ENSMUST00000168978.1', 'ENSMUST00000169397.7', 'ENSMUST00000025186.14', 'ENSMUST00000170491.7', 'ENSMUST00000167145.1', 'ENSMUST00000171872.1']","['ENSMUST00000168978.1', 'ENSMUST00000169397.7', 'ENSMUST00000025186.14', 'ENSMUST00000170491.7', 'ENSMUST00000167145.1', 'ENSMUST00000171872.1']","['ENSMUST00000025186.14', 'ENSMUST00000168978.1', 'ENSMUST00000169397.7', 'ENSMUST00000171872.1', 'ENSMUST00000170491.7', 'ENSMUST00000167145.1']",['ENSMUST00000173810.1'],[],"['processed_transcript', 'protein_coding', 'retained_intron']","['ENSMUSG00000092595.1', 'ENSMUSG00000024327.15']","['Gm20427', 'Slc39a7']","['ENSMUST00000173810.1', 'ENSMUST00000025186.14', 'ENSMUST00000168978.1', 'ENSMUST00000169397.7', 'ENSMUST00000171872.1', 'ENSMUST00000170491.7', 'ENSMUST00000167145.1']","['ENSMUST00000025186.14', 'ENSMUST00000168978.1', 'ENSMUST00000169397.7', 'ENSMUST00000171872.1', 'ENSMUST00000170491.7', 'ENSMUST00000167145.1']","['processed_transcript', 'protein_coding']"
chr17_34859573_34859935_-,6,1921,chr17,34859573,34859935,-,GT-AG,GT,AG,annotated on 5',annotated on 3',1,0,"['ENSMUST00000128767.7', 'ENSMUST00000154526.7', 'ENSMUST00000025229.10', 'ENSMUST00000176203.8', 'ENSMUST00000146299.7', 'ENSMUST00000129891.1']","['ENSMUST00000128767.7', 'ENSMUST00000154526.7', 'ENSMUST00000025229.10', 'ENSMUST00000176203.8', 'ENSMUST00000146299.7', 'ENSMUST00000129891.1']","['ENSMUST00000128767.7', 'ENSMUST00000176203.8', 'ENSMUST00000146299.7', 'ENSMUST00000025229.10', 'ENSMUST00000129891.1', 'ENSMUST00000154526.7']",[],[],['protein_coding'],"['ENSMUSG00000090231.10', 'ENSMUSG00000092511.7']","['Cfb', 'Gm20547']","['ENSMUST00000128767.7', 'ENSMUST00000176203.8', 'ENSMUST00000146299.7', 'ENSMUST00000025229.10', 'ENSMUST00000129891.1', 'ENSMUST00000154526.7']","['ENSMUST00000128767.7', 'ENSMUST00000176203.8', 'ENSMUST00000146299.7', 'ENSMUST00000025229.10', 'ENSMUST00000129891.1', 'ENSMUST00000154526.7']",['protein_coding']
chr17_34860074_34860285_-,6,1530,chr17,34860074,34860285,-,GT-AG,GT,AG,annotated on 5',annotated on 3',1,0,"['ENSMUST00000128767.7', 'ENSMUST00000154526.7', 'ENSMUST00000025229.10', 'ENSMUST00000176203.8', 'ENSMUST00000146299.7', 'ENSMUST00000129891.1']","['ENSMUST00000128767.7', 'ENSMUST00000154526.7', 'ENSMUST00000025229.10', 'ENSMUST00000176203.8', 'ENSMUST00000146299.7', 'ENSMUST00000129891.1']","['ENSMUST00000128767.7', 'ENSMUST00000176203.8', 'ENSMUST00000146299.7', 'ENSMUST00000025229.10', 'ENSMUST00000129891.1', 'ENSMUST00000154526.7']",[],[],['protein_coding'],"['ENSMUSG00000090231.10', 'ENSMUSG00000092511.7']","['Cfb', 'Gm20547']","['ENSMUST00000128767.7', 'ENSMUST00000176203.8', 'ENSMUST00000146299.7', 'ENSMUST00000025229.10', 'ENSMUST00000129891.1', 'ENSMUST00000154526.7']","['ENSMUST00000128767.7', 'ENSMUST00000176203.8', 'ENSMUST00000146299.7', 'ENSMUST00000025229.10', 'ENSMUST00000129891.1', 'ENSMUST00000154526.7']",['protein_coding']
chr17_34860422_34860523_-,6,1720,chr17,34860422,34860523,-,GT-AG,GT,AG,annotated on 5',annotated on 3',1,0,"['ENSMUST00000128767.7', 'ENSMUST00000154526.7', 'ENSMUST00000025229.10', 'ENSMUST00000176203.8', 'ENSMUST00000146299.7', 'ENSMUST00000129891.1']","['ENSMUST00000128767.7', 'ENSMUST00000154526.7', 'ENSMUST00000025229.10', 'ENSMUST00000176203.8', 'ENSMUST00000146299.7', 'ENSMUST00000129891.1']","['ENSMUST00000128767.7', 'ENSMUST00000176203.8', 'ENSMUST00000146299.7', 'ENSMUST00000025229.10', 'ENSMUST00000129891.1', 'ENSMUST00000154526.7']",[],[],['protein_coding'],"['ENSMUSG00000090231.10', 'ENSMUSG00000092511.7']","['Cfb', 'Gm20547']","['ENSMUST00000128767.7', 'ENSMUST00000176203.8', 'ENSMUST00000146299.7', 'ENSMUST00000025229.10', 'ENSMUST00000129891.1', 'ENSMUST00000154526.7']","['ENSMUST00000128767.7', 'ENSMUST00000176203.8', 'ENSMUST00000146299.7', 'ENSMUST00000025229.10', 'ENSMUST00000129891.1', 'ENSMUST00000154526.7']",['protein_coding']
chr17_34860625_34860762_-,6,1182,chr17,34860625,34860762,-,GT-AG,GT,AG,annotated on 5',annotated on 3',1,0,"['ENSMUST00000128767.7', 'ENSMUST00000154526.7', 'ENSMUST00000025229.10', 'ENSMUST00000176203.8', 'ENSMUST00000146299.7', 'ENSMUST00000129891.1']","['ENSMUST00000128767.7', 'ENSMUST00000154526.7', 'ENSMUST00000025229.10', 'ENSMUST00000176203.8', 'ENSMUST00000146299.7', 'ENSMUST00000129891.1']","['ENSMUST00000128767.7', 'ENSMUST00000176203.8', 'ENSMUST00000146299.7', 'ENSMUST00000025229.10', 'ENSMUST00000129891.1', 'ENSMUST00000154526.7']",[],[],['protein_coding'],"['ENSMUSG00000090231.10', 'ENSMUSG00000092511.7']","['Cfb', 'Gm20547']","['ENSMUST00000128767.7', 'ENSMUST00000176203.8', 'ENSMUST00000146299.7', 'ENSMUST00000025229.10', 'ENSMUST00000129891.1', 'ENSMUST00000154526.7']","['ENSMUST00000128767.7', 'ENSMUST00000176203.8', 'ENSMUST00000146299.7', 'ENSMUST00000025229.10', 'ENSMUST00000129891.1', 'ENSMUST00000154526.7']",['protein_coding']
chr17_34861213_34861730_-,6,956,chr17,34861213,34861730,-,GT-AG,GT,AG,annotated on 5',annotated on 3',1,0,"['ENSMUST00000128767.7', 'ENSMUST00000154526.7', 'ENSMUST00000025229.10', 'ENSMUST00000176203.8', 'ENSMUST00000146299.7']","['ENSMUST00000128767.7', 'ENSMUST00000154526.7', 'ENSMUST00000025229.10', 'ENSMUST00000176203.8', 'ENSMUST00000146299.7', 'ENSMUST00000129891.1']","['ENSMUST00000128767.7', 'ENSMUST00000176203.8', 'ENSMUST00000146299.7', 'ENSMUST00000025229.10', 'ENSMUST00000154526.7']",[],['ENSMUST00000129891.1'],['protein_coding'],"['ENSMUSG00000090231.10', 'ENSMUSG00000092511.7']","['Cfb', 'Gm20547']","['ENSMUST00000128767.7', 'ENSMUST00000176203.8', 'ENSMUST00000146299.7', 'ENSMUST00000025229.10', 'ENSMUST00000154526.7']","['ENSMUST00000128767.7', 'ENSMUST00000176203.8', 'ENSMUST00000146299.7', 'ENSMUST00000025229.10', 'ENSMUST00000129891.1', 'ENSMUST00000154526.7']",['protein_coding']
chr17_34861964_34862051_-,6,1031,chr17,34861964,34862051,-,GT-AG,GT,AG,annotated on 5',annotated on 3',1,0,"['ENSMUST00000128767.7', 'ENSMUST00000154526.7', 'ENSMUST00000025229.10', 'ENSMUST00000176203.8']","['ENSMUST00000128767.7', 'ENSMUST00000154526.7', 'ENSMUST00000025229.10', 'ENSMUST00000176203.8', 'ENSMUST00000146299.7']","['ENSMUST00000128767.7', 'ENSMUST00000176203.8', 'ENSMUST00000025229.10', 'ENSMUST00000154526.7']",[],['ENSMUST00000146299.7'],['protein_coding'],"['ENSMUSG00000090231.10', 'ENSMUSG00000092511.7']","['Cfb', 'Gm20547']","['ENSMUST00000128767.7', 'ENSMUST00000176203.8', 'ENSMUST00000025229.10', 'ENSMUST00000154526.7']","['ENSMUST00000128767.7', 'ENSMUST00000176203.8', 'ENSMUST00000146299.7', 'ENSMUST00000025229.10', 'ENSMUST00000154526.7']",['protein_coding']
chr18_76930216_76939567_+,21,575,chr18,76930216,76939567,+,GT-AG,GT,AG,annotated on 5',annotated on 3',0,1,"['ENSMUST00000026487.4', 'ENSMUST00000136800.1', 'ENSMUST00000128679.1', 'ENSMUST00000142456.1']","['ENSMUST00000026487.4', 'ENSMUST00000136800.1', 'ENSMUST00000128679.1', 'ENSMUST00000142456.1']","['ENSMUST00000026487.4', 'ENSMUST00000142456.1', 'ENSMUST00000128679.1', 'ENSMUST00000136800.1']",[],[],"['nonsense_mediated_decay', 'processed_transcript', 'protein_coding', 'retained_intron']","['ENSMUSG00000025421.14', 'ENSMUSG00000090000.1']","['Hdhd2', 'Ier3ip1']","['ENSMUST00000026487.4', 'ENSMUST00000142456.1', 'ENSMUST00000128679.1', 'ENSMUST00000136800.1']","['ENSMUST00000026487.4', 'ENSMUST00000142456.1', 'ENSMUST00000128679.1', 'ENSMUST00000136800.1']",['protein_coding']
chr19_6068375_6068854_-,6,393,chr19,6068375,6068854,-,GT-AG,GT,AG,annotated on 5',annotated on 3',1,0,"['ENSMUST00000159832.7', 'ENSMUST00000161634.1', 'ENSMUST00000025711.11', 'ENSMUST00000160324.1', 'ENSMUST00000159475.1']","['ENSMUST00000159832.7', 'ENSMUST00000161634.1', 'ENSMUST00000025711.11', 'ENSMUST00000160324.1']","['ENSMUST00000025711.11', 'ENSMUST00000161634.1', 'ENSMUST00000159832.7', 'ENSMUST00000159475.1', 'ENSMUST00000160324.1']",['ENSMUST00000159869.1'],['ENSMUST00000160028.1'],"['protein_coding', 'retained_intron']","['ENSMUSG00000024797.13', 'ENSMUSG00000024799.15']","['Vps51', 'Tm7sf2']","['ENSMUST00000159869.1', 'ENSMUST00000025711.11', 'ENSMUST00000161634.1', 'ENSMUST00000159832.7', 'ENSMUST00000159475.1', 'ENSMUST00000160324.1']","['ENSMUST00000025711.11', 'ENSMUST00000161634.1', 'ENSMUST00000159832.7', 'ENSMUST00000159475.1', 'ENSMUST00000160324.1', 'ENSMUST00000160028.1']",['protein_coding']
chr19_6068942_6069025_-,7,331,chr19,6068942,6069025,-,GT-AG,GT,AG,annotated on 5',annotated on 3',1,0,"['ENSMUST00000159832.7', 'ENSMUST00000161634.1', 'ENSMUST00000025711.11', 'ENSMUST00000159475.1', 'ENSMUST00000161222.1']","['ENSMUST00000159832.7', 'ENSMUST00000161634.1', 'ENSMUST00000025711.11', 'ENSMUST00000159475.1', 'ENSMUST00000161222.1']","['ENSMUST00000025711.11', 'ENSMUST00000161634.1', 'ENSMUST00000159832.7', 'ENSMUST00000159475.1', 'ENSMUST00000161222.1']",[],[],"['protein_coding', 'retained_intron']","['ENSMUSG00000024797.13', 'ENSMUSG00000024799.15']","['Vps51', 'Tm7sf2']","['ENSMUST00000025711.11', 'ENSMUST00000161634.1', 'ENSMUST00000159832.7', 'ENSMUST00000159475.1', 'ENSMUST00000161222.1']","['ENSMUST00000025711.11', 'ENSMUST00000161634.1', 'ENSMUST00000159832.7', 'ENSMUST00000159475.1', 'ENSMUST00000161222.1']",['protein_coding']
chr19_6069147_6069464_-,7,376,chr19,6069147,6069464,-,GT-AG,GT,AG,annotated on 5',annotated on 3',1,0,"['ENSMUST00000159832.7', 'ENSMUST00000025711.11', 'ENSMUST00000161222.1', 'ENSMUST00000159869.1']","['ENSMUST00000159832.7', 'ENSMUST00000025711.11', 'ENSMUST00000161222.1', 'ENSMUST00000159869.1']","['ENSMUST00000025711.11', 'ENSMUST00000159832.7', 'ENSMUST00000161222.1', 'ENSMUST00000159869.1']",[],"['ENSMUST00000159475.1', 'ENSMUST00000160324.1']","['protein_coding', 'retained_intron']","['ENSMUSG00000024797.13', 'ENSMUSG00000024799.15']","['Vps51', 'Tm7sf2']","['ENSMUST00000025711.11', 'ENSMUST00000159832.7', 'ENSMUST00000161222.1', 'ENSMUST00000159869.1']","['ENSMUST00000159869.1', 'ENSMUST00000025711.11', 'ENSMUST00000159832.7', 'ENSMUST00000159475.1', 'ENSMUST00000160324.1', 'ENSMUST00000161222.1']",['protein_coding']
chr19_6069683_6069857_-,6,365,chr19,6069683,6069857,-,GT-AG,GT,AG,annotated on 5',annotated on 3',1,0,"['ENSMUST00000159832.7', 'ENSMUST00000025711.11']","['ENSMUST00000159832.7', 'ENSMUST00000025711.11']","['ENSMUST00000025711.11', 'ENSMUST00000159832.7']",[],"['ENSMUST00000161222.1', 'ENSMUST00000159869.1']","['protein_coding', 'retained_intron']","['ENSMUSG00000024797.13', 'ENSMUSG00000024799.15']","['Vps51', 'Tm7sf2']","['ENSMUST00000025711.11', 'ENSMUST00000159832.7']","['ENSMUST00000025711.11', 'ENSMUST00000159832.7', 'ENSMUST00000161222.1', 'ENSMUST00000159869.1']",['protein_coding']
chr19_6071708_6076362_-,5,327,chr19,6071708,6076362,-,GT-AG,GT,AG,annotated on 5',annotated on 3',1,0,"['ENSMUST00000159832.7', 'ENSMUST00000025711.11', 'ENSMUST00000159211.7', 'ENSMUST00000160519.1']","['ENSMUST00000159832.7', 'ENSMUST00000025711.11', 'ENSMUST00000159211.7', 'ENSMUST00000160519.1', 'ENSMUST00000160233.1']","['ENSMUST00000025711.11', 'ENSMUST00000159832.7', 'ENSMUST00000159211.7', 'ENSMUST00000160519.1']",[],['ENSMUST00000160233.1'],"['nonsense_mediated_decay', 'protein_coding', 'retained_intron']","['ENSMUSG00000024797.13', 'ENSMUSG00000024799.15']","['Vps51', 'Tm7sf2']","['ENSMUST00000025711.11', 'ENSMUST00000159832.7', 'ENSMUST00000159211.7', 'ENSMUST00000160519.1']","['ENSMUST00000025711.11', 'ENSMUST00000159832.7', 'ENSMUST00000160233.1', 'ENSMUST00000160519.1', 'ENSMUST00000159211.7']",['protein_coding']
chr19_6076492_6076950_-,5,267,chr19,6076492,6076950,-,GT-AG,GT,AG,annotated on 5',annotated on 3',1,0,"['ENSMUST00000159832.7', 'ENSMUST00000025711.11', 'ENSMUST00000159211.7', 'ENSMUST00000160233.1', 'ENSMUST00000160590.1']","['ENSMUST00000159832.7', 'ENSMUST00000025711.11', 'ENSMUST00000159211.7', 'ENSMUST00000160590.1']","['ENSMUST00000025711.11', 'ENSMUST00000159832.7', 'ENSMUST00000159211.7', 'ENSMUST00000160590.1']","['ENSMUST00000162374.2', 'ENSMUST00000160233.1']",[],"['nonsense_mediated_decay', 'protein_coding', 'retained_intron']","['ENSMUSG00000024797.13', 'ENSMUSG00000024799.15', 'ENSMUSG00000100621.1']","['Vps51', 'Tm7sf2', 'Gm28374']","['ENSMUST00000160590.1', 'ENSMUST00000025711.11', 'ENSMUST00000159832.7', 'ENSMUST00000160233.1', 'ENSMUST00000162374.2', 'ENSMUST00000159211.7']","['ENSMUST00000025711.11', 'ENSMUST00000159832.7', 'ENSMUST00000159211.7', 'ENSMUST00000160590.1']",['protein_coding']
chr2_25398759_25399281_+,6,361,chr2,25398759,25399281,+,GT-AG,GT,AG,annotated on 5',annotated on 3',0,1,"['ENSMUST00000028328.2', 'ENSMUST00000148859.1', 'ENSMUST00000140590.1']","['ENSMUST00000028328.2', 'ENSMUST00000148859.1', 'ENSMUST00000140590.1']","['ENSMUST00000148859.1', 'ENSMUST00000140590.1', 'ENSMUST00000028328.2']",[],['ENSMUST00000124277.1'],"['processed_transcript', 'protein_coding']","['ENSMUSG00000015094.16', 'ENSMUSG00000015085.8']","['Npdc1', 'Entpd2']","['ENSMUST00000148859.1', 'ENSMUST00000140590.1', 'ENSMUST00000028328.2']","['ENSMUST00000148859.1', 'ENSMUST00000140590.1', 'ENSMUST00000124277.1', 'ENSMUST00000028328.2']",['protein_coding']
chr2_25399536_25399616_+,6,409,chr2,25399536,25399616,+,GT-AG,GT,AG,annotated on 5',annotated on 3',0,1,"['ENSMUST00000028328.2', 'ENSMUST00000140590.1', 'ENSMUST00000124277.1']","['ENSMUST00000028328.2', 'ENSMUST00000140590.1', 'ENSMUST00000124277.1']","['ENSMUST00000140590.1', 'ENSMUST00000124277.1', 'ENSMUST00000028328.2']",[],[],"['processed_transcript', 'protein_coding']","['ENSMUSG00000015094.16', 'ENSMUSG00000015085.8']","['Npdc1', 'Entpd2']","['ENSMUST00000140590.1', 'ENSMUST00000124277.1', 'ENSMUST00000028328.2']","['ENSMUST00000140590.1', 'ENSMUST00000124277.1', 'ENSMUST00000028328.2']",['protein_coding']
chr2_25399736_25400563_+,6,363,chr2,25399736,25400563,+,GT-AG,GT,AG,annotated on 5',annotated on 3',0,1,"['ENSMUST00000028328.2', 'ENSMUST00000148859.1', 'ENSMUST00000124277.1']","['ENSMUST00000028328.2', 'ENSMUST00000148859.1', 'ENSMUST00000124277.1']","['ENSMUST00000148859.1', 'ENSMUST00000124277.1', 'ENSMUST00000028328.2']",[],['ENSMUST00000132287.7'],"['processed_transcript', 'protein_coding']","['ENSMUSG00000015094.16', 'ENSMUSG00000015085.8']","['Npdc1', 'Entpd2']","['ENSMUST00000148859.1', 'ENSMUST00000124277.1', 'ENSMUST00000028328.2']","['ENSMUST00000148859.1', 'ENSMUST00000132287.7', 'ENSMUST00000124277.1', 'ENSMUST00000028328.2']",['protein_coding']
chr2_25400698_25400769_+,7,455,chr2,25400698,25400769,+,GT-AG,GT,AG,annotated on 5',annotated on 3',0,1,"['ENSMUST00000028328.2', 'ENSMUST00000148859.1', 'ENSMUST00000124277.1', 'ENSMUST00000132287.7']","['ENSMUST00000028328.2', 'ENSMUST00000148859.1', 'ENSMUST00000124277.1']","['ENSMUST00000148859.1', 'ENSMUST00000124277.1', 'ENSMUST00000028328.2']",['ENSMUST00000132287.7'],[],"['processed_transcript', 'protein_coding']","['ENSMUSG00000015094.16', 'ENSMUSG00000015085.8']","['Npdc1', 'Entpd2']","['ENSMUST00000148859.1', 'ENSMUST00000132287.7', 'ENSMUST00000124277.1', 'ENSMUST00000028328.2']","['ENSMUST00000148859.1', 'ENSMUST00000124277.1', 'ENSMUST00000028328.2']",['protein_coding']
chr2_167644182_167644763_-,9,266,chr2,167644182,167644763,-,GT-AG,GT,AG,annotated on 5',annotated on 3',1,0,"['ENSMUST00000125544.2', 'ENSMUST00000006587.6', 'ENSMUST00000148262.1', 'ENSMUST00000142148.1']","['ENSMUST00000006587.6', 'ENSMUST00000148262.1', 'ENSMUST00000142148.1']","['ENSMUST00000142148.1', 'ENSMUST00000148262.1', 'ENSMUST00000006587.6']",['ENSMUST00000125544.2'],[],"['processed_transcript', 'protein_coding', 'retained_intron']","['ENSMUSG00000089739.2', 'ENSMUSG00000090213.1']","['Gm20431', 'Tmem189']","['ENSMUST00000142148.1', 'ENSMUST00000125544.2', 'ENSMUST00000148262.1', 'ENSMUST00000006587.6']","['ENSMUST00000142148.1', 'ENSMUST00000148262.1', 'ENSMUST00000006587.6']",['protein_coding']
chr2_167644976_167646031_-,9,213,chr2,167644976,167646031,-,GT-AG,GT,AG,annotated on 5',annotated on 3',1,0,"['ENSMUST00000125544.2', 'ENSMUST00000006587.6', 'ENSMUST00000148262.1']","['ENSMUST00000125544.2', 'ENSMUST00000006587.6', 'ENSMUST00000148262.1']","['ENSMUST00000125544.2', 'ENSMUST00000148262.1', 'ENSMUST00000006587.6']",[],[],"['processed_transcript', 'protein_coding']","['ENSMUSG00000089739.2', 'ENSMUSG00000090213.1']","['Gm20431', 'Tmem189']","['ENSMUST00000125544.2', 'ENSMUST00000148262.1', 'ENSMUST00000006587.6']","['ENSMUST00000125544.2', 'ENSMUST00000148262.1', 'ENSMUST00000006587.6']",['protein_coding']
chr2_167646176_167646967_-,9,201,chr2,167646176,167646967,-,GT-AG,GT,AG,annotated on 5',annotated on 3',1,0,"['ENSMUST00000125544.2', 'ENSMUST00000006587.6', 'ENSMUST00000148262.1']","['ENSMUST00000125544.2', 'ENSMUST00000006587.6', 'ENSMUST00000148262.1']","['ENSMUST00000125544.2', 'ENSMUST00000148262.1', 'ENSMUST00000006587.6']",[],[],"['processed_transcript', 'protein_coding']","['ENSMUSG00000089739.2', 'ENSMUSG00000090213.1']","['Gm20431', 'Tmem189']","['ENSMUST00000125544.2', 'ENSMUST00000148262.1', 'ENSMUST00000006587.6']","['ENSMUST00000125544.2', 'ENSMUST00000148262.1', 'ENSMUST00000006587.6']",['protein_coding']
chr2_167647059_167654607_-,9,234,chr2,167647059,167654607,-,GT-AG,GT,AG,annotated on 5',annotated on 3',1,0,"['ENSMUST00000125544.2', 'ENSMUST00000006587.6', 'ENSMUST00000148262.1']","['ENSMUST00000125544.2', 'ENSMUST00000006587.6', 'ENSMUST00000148262.1']","['ENSMUST00000125544.2', 'ENSMUST00000148262.1', 'ENSMUST00000006587.6']",[],[],"['processed_transcript', 'protein_coding']","['ENSMUSG00000089739.2', 'ENSMUSG00000090213.1']","['Gm20431', 'Tmem189']","['ENSMUST00000125544.2', 'ENSMUST00000148262.1', 'ENSMUST00000006587.6']","['ENSMUST00000125544.2', 'ENSMUST00000148262.1', 'ENSMUST00000006587.6']",['protein_coding']
chr2_176711935_176718956_+,7,202,chr2,176711935,176718956,+,GT-AG,GT,AG,annotated on 5',annotated on 3',0,1,"['ENSMUST00000141122.1', 'ENSMUST00000108981.8', 'ENSMUST00000108980.8', 'ENSMUST00000108983.3']","['ENSMUST00000141122.1', 'ENSMUST00000108981.8', 'ENSMUST00000108980.8', 'ENSMUST00000108983.3']","['ENSMUST00000108980.8', 'ENSMUST00000108983.3', 'ENSMUST00000108981.8', 'ENSMUST00000141122.1']",[],[],"['nonsense_mediated_decay', 'protein_coding']","['ENSMUSG00000078878.9', 'ENSMUSG00000078879.10']","['Gm14305', 'Zfp973']","['ENSMUST00000108980.8', 'ENSMUST00000108983.3', 'ENSMUST00000108981.8', 'ENSMUST00000141122.1']","['ENSMUST00000108980.8', 'ENSMUST00000108983.3', 'ENSMUST00000108981.8', 'ENSMUST00000141122.1']",['protein_coding']
chr3_36465335_36475429_-,24,3221,chr3,36465335,36475429,-,GT-AG,GT,AG,annotated on 5',annotated on 3',1,0,"['ENSMUST00000029266.13', 'ENSMUST00000199478.1']","['ENSMUST00000029266.13', 'ENSMUST00000199478.1']","['ENSMUST00000199478.1', 'ENSMUST00000029266.13']",['ENSMUST00000184519.1'],[],"['miRNA', 'protein_coding']","['ENSMUSG00000098808.1', 'ENSMUSG00000027712.13']","['Mir7009', 'Anxa5']","['ENSMUST00000199478.1', 'ENSMUST00000184519.1', 'ENSMUST00000029266.13']","['ENSMUST00000199478.1', 'ENSMUST00000029266.13']","['miRNA', 'protein_coding']"
chr3_36475460_36475572_-,24,3491,chr3,36475460,36475572,-,GT-AG,GT,AG,annotated on 5',annotated on 3',1,0,"['ENSMUST00000029266.13', 'ENSMUST00000199478.1']","['ENSMUST00000029266.13', 'ENSMUST00000199478.1']","['ENSMUST00000199478.1', 'ENSMUST00000029266.13']",[],['ENSMUST00000184519.1'],"['miRNA', 'protein_coding']","['ENSMUSG00000098808.1', 'ENSMUSG00000027712.13']","['Mir7009', 'Anxa5']","['ENSMUST00000199478.1', 'ENSMUST00000029266.13']","['ENSMUST00000199478.1', 'ENSMUST00000184519.1', 'ENSMUST00000029266.13']","['miRNA', 'protein_coding']"
chr3_95734470_95734822_-,11,1474,chr3,95734470,95734822,-,GT-AG,GT,AG,annotated on 5',annotated on 3',1,0,"['ENSMUST00000117507.8', 'ENSMUST00000029753.12', 'ENSMUST00000144958.1']","['ENSMUST00000117507.8', 'ENSMUST00000029753.12', 'ENSMUST00000144958.1']","['ENSMUST00000029753.12', 'ENSMUST00000117507.8', 'ENSMUST00000144958.1']",['ENSMUST00000183853.1'],[],"['miRNA', 'protein_coding', 'retained_intron']","['ENSMUSG00000028108.15', 'ENSMUSG00000098737.1']","['Ecm1', 'Mir7014']","['ENSMUST00000029753.12', 'ENSMUST00000183853.1', 'ENSMUST00000117507.8', 'ENSMUST00000144958.1']","['ENSMUST00000029753.12', 'ENSMUST00000117507.8', 'ENSMUST00000144958.1']","['miRNA', 'protein_coding']"
chr3_95734910_95735198_-,11,1671,chr3,95734910,95735198,-,GT-AG,GT,AG,annotated on 5',annotated on 3',1,0,"['ENSMUST00000117507.8', 'ENSMUST00000029753.12']","['ENSMUST00000117507.8', 'ENSMUST00000029753.12']","['ENSMUST00000029753.12', 'ENSMUST00000117507.8']",[],['ENSMUST00000183853.1'],"['miRNA', 'protein_coding']","['ENSMUSG00000028108.15', 'ENSMUSG00000098737.1']","['Ecm1', 'Mir7014']","['ENSMUST00000029753.12', 'ENSMUST00000117507.8']","['ENSMUST00000029753.12', 'ENSMUST00000183853.1', 'ENSMUST00000117507.8']","['miRNA', 'protein_coding']"
chr4_59003557_59017669_+,9,237,chr4,59003557,59017669,+,GT-AG,GT,AG,annotated on 5',annotated on 3',0,1,"['ENSMUST00000095070.3', 'ENSMUST00000150309.8', 'ENSMUST00000153467.2', 'ENSMUST00000174664.1']","['ENSMUST00000148366.7', 'ENSMUST00000152199.8', 'ENSMUST00000095070.3', 'ENSMUST00000153467.2']","['ENSMUST00000095070.3', 'ENSMUST00000153467.2', 'ENSMUST00000150309.8']",['ENSMUST00000174664.1'],"['ENSMUST00000152199.8', 'ENSMUST00000148366.7']","['nonsense_mediated_decay', 'protein_coding']","['ENSMUSG00000092345.1', 'ENSMUSG00000070972.13']","['Gm20503', 'Dnajc25']","['ENSMUST00000174664.1', 'ENSMUST00000095070.3', 'ENSMUST00000153467.2', 'ENSMUST00000150309.8']","['ENSMUST00000153467.2', 'ENSMUST00000152199.8', 'ENSMUST00000095070.3', 'ENSMUST00000148366.7', 'ENSMUST00000150309.8']",['protein_coding']
chr5_32737454_32737985_-,13,810,chr5,32737454,32737985,-,GT-AG,GT,AG,annotated on 5',annotated on 3',1,0,"['ENSMUST00000142779.7', 'ENSMUST00000061895.15', 'ENSMUST00000142957.5', 'ENSMUST00000120591.7', 'ENSMUST00000144673.2']","['ENSMUST00000142779.7', 'ENSMUST00000061895.15', 'ENSMUST00000142957.5', 'ENSMUST00000071829.11', 'ENSMUST00000120591.7', 'ENSMUST00000144673.2']","['ENSMUST00000061895.15', 'ENSMUST00000142957.5', 'ENSMUST00000144673.2', 'ENSMUST00000120591.7', 'ENSMUST00000202283.4', 'ENSMUST00000142779.7']","['ENSMUST00000201314.1', 'ENSMUST00000197787.4']",['ENSMUST00000071829.11'],"['nonsense_mediated_decay', 'protein_coding', 'retained_intron']","['ENSMUSG00000023452.19', 'ENSMUSG00000093574.1']","['Pisd', 'Gm20671']","['ENSMUST00000061895.15', 'ENSMUST00000142957.5', 'ENSMUST00000144673.2', 'ENSMUST00000120591.7', 'ENSMUST00000197787.4', 'ENSMUST00000202283.4', 'ENSMUST00000142779.7', 'ENSMUST00000201314.1']","['ENSMUST00000071829.11', 'ENSMUST00000061895.15', 'ENSMUST00000142957.5', 'ENSMUST00000144673.2', 'ENSMUST00000120591.7', 'ENSMUST00000202283.4', 'ENSMUST00000142779.7']",['protein_coding']
chr5_32738534_32738781_-,13,766,chr5,32738534,32738781,-,GT-AG,GT,AG,annotated on 5',annotated on 3',1,0,"['ENSMUST00000142779.7', 'ENSMUST00000061895.15', 'ENSMUST00000202283.4', 'ENSMUST00000201980.4', 'ENSMUST00000142957.5', 'ENSMUST00000071829.11', 'ENSMUST00000120591.7', 'ENSMUST00000144673.2', 'ENSMUST00000201314.1', 'ENSMUST00000197787.4', 'ENSMUST00000200390.4']","['ENSMUST00000142779.7', 'ENSMUST00000061895.15', 'ENSMUST00000202283.4', 'ENSMUST00000201980.4', 'ENSMUST00000142957.5', 'ENSMUST00000071829.11', 'ENSMUST00000120591.7', 'ENSMUST00000144673.2', 'ENSMUST00000201314.1', 'ENSMUST00000197787.4', 'ENSMUST00000200390.4']","['ENSMUST00000071829.11', 'ENSMUST00000200390.4', 'ENSMUST00000061895.15', 'ENSMUST00000142957.5', 'ENSMUST00000201980.4', 'ENSMUST00000144673.2', 'ENSMUST00000120591.7', 'ENSMUST00000197787.4', 'ENSMUST00000202283.4', 'ENSMUST00000142779.7', 'ENSMUST00000201314.1']","['ENSMUST00000138360.7', 'ENSMUST00000202641.1']",[],"['nonsense_mediated_decay', 'protein_coding', 'retained_intron']","['ENSMUSG00000023452.19', 'ENSMUSG00000093574.1']","['Pisd', 'Gm20671']","['ENSMUST00000138360.7', 'ENSMUST00000071829.11', 'ENSMUST00000200390.4', 'ENSMUST00000061895.15', 'ENSMUST00000142957.5', 'ENSMUST00000201980.4', 'ENSMUST00000144673.2', 'ENSMUST00000120591.7', 'ENSMUST00000197787.4', 'ENSMUST00000202283.4', 'ENSMUST00000202641.1', 'ENSMUST00000142779.7', 'ENSMUST00000201314.1']","['ENSMUST00000071829.11', 'ENSMUST00000200390.4', 'ENSMUST00000061895.15', 'ENSMUST00000142957.5', 'ENSMUST00000201980.4', 'ENSMUST00000144673.2', 'ENSMUST00000120591.7', 'ENSMUST00000197787.4', 'ENSMUST00000202283.4', 'ENSMUST00000142779.7', 'ENSMUST00000201314.1']",['protein_coding']
chr5_65424143_65427415_-,14,343,chr5,65424143,65427415,-,GT-AG,GT,AG,annotated on 5',annotated on 3',1,0,"['ENSMUST00000031103.13', 'ENSMUST00000131263.2']","['ENSMUST00000031103.13', 'ENSMUST00000131263.2']","['ENSMUST00000031103.13', 'ENSMUST00000131263.2']",['ENSMUST00000196121.1'],[],['protein_coding'],"['ENSMUSG00000105835.1', 'ENSMUSG00000029201.14']","['Gm43552', 'Ugdh']","['ENSMUST00000031103.13', 'ENSMUST00000196121.1', 'ENSMUST00000131263.2']","['ENSMUST00000031103.13', 'ENSMUST00000131263.2']",['protein_coding']
chr5_136991441_136991543_+,11,416,chr5,136991441,136991543,+,GT-AG,GT,AG,annotated on 5',annotated on 3',0,1,"['ENSMUST00000004968.10', 'ENSMUST00000129896.7', 'ENSMUST00000144784.7', 'ENSMUST00000151642.7', 'ENSMUST00000137419.1']","['ENSMUST00000004968.10', 'ENSMUST00000129896.7', 'ENSMUST00000144784.7', 'ENSMUST00000151642.7', 'ENSMUST00000137419.1']","['ENSMUST00000137419.1', 'ENSMUST00000151642.7', 'ENSMUST00000004968.10', 'ENSMUST00000129896.7', 'ENSMUST00000144784.7']",['ENSMUST00000102285.1'],['ENSMUST00000127100.1'],"['miRNA', 'protein_coding', 'retained_intron']","['ENSMUSG00000076240.1', 'ENSMUSG00000004846.10']","['Mir702', 'Plod3']","['ENSMUST00000137419.1', 'ENSMUST00000151642.7', 'ENSMUST00000004968.10', 'ENSMUST00000102285.1', 'ENSMUST00000129896.7', 'ENSMUST00000144784.7']","['ENSMUST00000127100.1', 'ENSMUST00000137419.1', 'ENSMUST00000151642.7', 'ENSMUST00000004968.10', 'ENSMUST00000129896.7', 'ENSMUST00000144784.7']","['miRNA', 'protein_coding']"
chr6_47803589_47803704_-,15,543,chr6,47803589,47803704,-,GT-AG,GT,AG,annotated on 5',annotated on 3',1,0,['ENSMUST00000077290.8'],['ENSMUST00000077290.8'],['ENSMUST00000077290.8'],[],['ENSMUST00000102106.1'],"['miRNA', 'protein_coding']","['ENSMUSG00000076060.1', 'ENSMUSG00000025823.9']","['Mir704', 'Pdia4']",['ENSMUST00000077290.8'],"['ENSMUST00000077290.8', 'ENSMUST00000102106.1']","['miRNA', 'protein_coding']"
chr6_99632412_99636108_-,10,344,chr6,99632412,99636108,-,GT-AG,GT,AG,annotated on 5',annotated on 3',1,0,['ENSMUST00000032151.2'],"['ENSMUST00000155466.1', 'ENSMUST00000032151.2']",['ENSMUST00000032151.2'],[],"['ENSMUST00000155466.1', 'ENSMUST00000176255.1']","['nonsense_mediated_decay', 'protein_coding', 'retained_intron']","['ENSMUSG00000030068.4', 'ENSMUSG00000093661.1']","['Gm20696', 'Eif4e3']",['ENSMUST00000032151.2'],"['ENSMUST00000155466.1', 'ENSMUST00000032151.2', 'ENSMUST00000176255.1']",['protein_coding']
chr6_99640710_99651718_-,8,430,chr6,99640710,99651718,-,GT-AG,GT,AG,annotated on 5',annotated on 3',1,0,"['ENSMUST00000155466.1', 'ENSMUST00000032151.2']",['ENSMUST00000032151.2'],['ENSMUST00000032151.2'],['ENSMUST00000155466.1'],[],"['nonsense_mediated_decay', 'protein_coding']","['ENSMUSG00000030068.4', 'ENSMUSG00000093661.1']","['Gm20696', 'Eif4e3']","['ENSMUST00000155466.1', 'ENSMUST00000032151.2']",['ENSMUST00000032151.2'],['protein_coding']
chr6_99651791_99666627_-,9,288,chr6,99651791,99666627,-,GT-AG,GT,AG,annotated on 5',annotated on 3',1,0,"['ENSMUST00000155466.1', 'ENSMUST00000032151.2']","['ENSMUST00000155466.1', 'ENSMUST00000032151.2']","['ENSMUST00000155466.1', 'ENSMUST00000032151.2']",[],[],"['nonsense_mediated_decay', 'protein_coding']","['ENSMUSG00000030068.4', 'ENSMUSG00000093661.1']","['Gm20696', 'Eif4e3']","['ENSMUST00000155466.1', 'ENSMUST00000032151.2']","['ENSMUST00000155466.1', 'ENSMUST00000032151.2']",['protein_coding']
chr7_3293291_3296721_+,13,254,chr7,3293291,3296721,+,GT-AG,GT,AG,annotated on 5',annotated on 3',0,1,"['ENSMUST00000203328.2', 'ENSMUST00000203600.1', 'ENSMUST00000096744.7', 'ENSMUST00000203566.2', 'ENSMUST00000204541.1', 'ENSMUST00000164553.6']","['ENSMUST00000203328.2', 'ENSMUST00000096744.7', 'ENSMUST00000203566.2', 'ENSMUST00000204541.1', 'ENSMUST00000164553.6']","['ENSMUST00000164553.6', 'ENSMUST00000096744.7', 'ENSMUST00000203566.2', 'ENSMUST00000204541.1', 'ENSMUST00000203328.2']",['ENSMUST00000203600.1'],[],"['processed_transcript', 'protein_coding']","['ENSMUSG00000068566.12', 'ENSMUSG00000078816.9']","['Myadm', 'Prkcg']","['ENSMUST00000164553.6', 'ENSMUST00000096744.7', 'ENSMUST00000203566.2', 'ENSMUST00000204541.1', 'ENSMUST00000203600.1', 'ENSMUST00000203328.2']","['ENSMUST00000164553.6', 'ENSMUST00000096744.7', 'ENSMUST00000203566.2', 'ENSMUST00000204541.1', 'ENSMUST00000203328.2']",['protein_coding']
chr7_43452499_43454517_+,8,290,chr7,43452499,43454517,+,GT-AG,GT,AG,annotated on 5',annotated on 3',0,1,"['ENSMUST00000004729.4', 'ENSMUST00000206286.1', 'ENSMUST00000203633.2', 'ENSMUST00000206196.1', 'ENSMUST00000204680.1', 'ENSMUST00000206411.1']","['ENSMUST00000004729.4', 'ENSMUST00000206286.1', 'ENSMUST00000203633.2', 'ENSMUST00000206196.1', 'ENSMUST00000204680.1', 'ENSMUST00000206411.1', 'ENSMUST00000205363.1']","['ENSMUST00000206411.1', 'ENSMUST00000206286.1', 'ENSMUST00000004729.4', 'ENSMUST00000204680.1', 'ENSMUST00000206196.1', 'ENSMUST00000203633.2']",[],['ENSMUST00000205363.1'],"['nonsense_mediated_decay', 'protein_coding']","['ENSMUSG00000107482.2', 'ENSMUSG00000004610.4']","['Gm45233', 'Etfb']","['ENSMUST00000206411.1', 'ENSMUST00000206286.1', 'ENSMUST00000004729.4', 'ENSMUST00000204680.1', 'ENSMUST00000206196.1', 'ENSMUST00000203633.2']","['ENSMUST00000206411.1', 'ENSMUST00000206286.1', 'ENSMUST00000004729.4', 'ENSMUST00000204680.1', 'ENSMUST00000205363.1', 'ENSMUST00000206196.1', 'ENSMUST00000203633.2']",['protein_coding']
chr7_127801246_127801460_+,5,257,chr7,127801246,127801460,+,GT-AG,GT,AG,annotated on 5',annotated on 3',0,1,"['ENSMUST00000154987.7', 'ENSMUST00000136823.7', 'ENSMUST00000046863.11', 'ENSMUST00000132702.7', 'ENSMUST00000144748.7', 'ENSMUST00000206674.1', 'ENSMUST00000106272.7', 'ENSMUST00000125188.7', 'ENSMUST00000155005.2', 'ENSMUST00000139068.7', 'ENSMUST00000106271.1', 'ENSMUST00000138432.1']","['ENSMUST00000154987.7', 'ENSMUST00000136823.7', 'ENSMUST00000046863.11', 'ENSMUST00000132702.7', 'ENSMUST00000144748.7', 'ENSMUST00000106272.7', 'ENSMUST00000125188.7', 'ENSMUST00000124631.7', 'ENSMUST00000136597.2', 'ENSMUST00000106271.1', 'ENSMUST00000138432.1']","['ENSMUST00000132702.7', 'ENSMUST00000125188.7', 'ENSMUST00000138432.1', 'ENSMUST00000046863.11', 'ENSMUST00000155005.2', 'ENSMUST00000106271.1', 'ENSMUST00000154987.7', 'ENSMUST00000106272.7', 'ENSMUST00000136823.7', 'ENSMUST00000144748.7']","['ENSMUST00000139068.7', 'ENSMUST00000206674.1']","['ENSMUST00000136597.2', 'ENSMUST00000124631.7']","['nonsense_mediated_decay', 'protein_coding', 'retained_intron']","['ENSMUSG00000108815.1', 'ENSMUSG00000042289.11']","['Gm49388', 'Hsd3b7']","['ENSMUST00000132702.7', 'ENSMUST00000125188.7', 'ENSMUST00000138432.1', 'ENSMUST00000206674.1', 'ENSMUST00000046863.11', 'ENSMUST00000155005.2', 'ENSMUST00000106271.1', 'ENSMUST00000154987.7', 'ENSMUST00000106272.7', 'ENSMUST00000139068.7', 'ENSMUST00000136823.7', 'ENSMUST00000144748.7']","['ENSMUST00000132702.7', 'ENSMUST00000125188.7', 'ENSMUST00000138432.1', 'ENSMUST00000046863.11', 'ENSMUST00000155005.2', 'ENSMUST00000136597.2', 'ENSMUST00000106271.1', 'ENSMUST00000154987.7', 'ENSMUST00000106272.7', 'ENSMUST00000124631.7', 'ENSMUST00000136823.7', 'ENSMUST00000144748.7']",['protein_coding']
chr7_127801616_127801833_+,7,434,chr7,127801616,127801833,+,GT-AG,GT,AG,annotated on 5',annotated on 3',0,1,"['ENSMUST00000154987.7', 'ENSMUST00000136823.7', 'ENSMUST00000046863.11', 'ENSMUST00000132702.7', 'ENSMUST00000144748.7', 'ENSMUST00000106272.7', 'ENSMUST00000125188.7', 'ENSMUST00000155005.2', 'ENSMUST00000206995.1', 'ENSMUST00000124631.7', 'ENSMUST00000136597.2', 'ENSMUST00000106271.1']","['ENSMUST00000154987.7', 'ENSMUST00000136823.7', 'ENSMUST00000046863.11', 'ENSMUST00000132702.7', 'ENSMUST00000144748.7', 'ENSMUST00000106272.7', 'ENSMUST00000125188.7', 'ENSMUST00000155005.2', 'ENSMUST00000206995.1', 'ENSMUST00000124631.7', 'ENSMUST00000136597.2', 'ENSMUST00000139068.7', 'ENSMUST00000106271.1']","['ENSMUST00000206995.1', 'ENSMUST00000132702.7', 'ENSMUST00000125188.7', 'ENSMUST00000046863.11', 'ENSMUST00000155005.2', 'ENSMUST00000136597.2', 'ENSMUST00000106271.1', 'ENSMUST00000154987.7', 'ENSMUST00000106272.7', 'ENSMUST00000124631.7', 'ENSMUST00000136823.7', 'ENSMUST00000144748.7']",['ENSMUST00000138432.1'],['ENSMUST00000139068.7'],"['nonsense_mediated_decay', 'protein_coding', 'retained_intron']","['ENSMUSG00000108815.1', 'ENSMUSG00000042289.11']","['Gm49388', 'Hsd3b7']","['ENSMUST00000206995.1', 'ENSMUST00000132702.7', 'ENSMUST00000125188.7', 'ENSMUST00000138432.1', 'ENSMUST00000046863.11', 'ENSMUST00000155005.2', 'ENSMUST00000136597.2', 'ENSMUST00000106271.1', 'ENSMUST00000154987.7', 'ENSMUST00000106272.7', 'ENSMUST00000124631.7', 'ENSMUST00000136823.7', 'ENSMUST00000144748.7']","['ENSMUST00000206995.1', 'ENSMUST00000132702.7', 'ENSMUST00000125188.7', 'ENSMUST00000046863.11', 'ENSMUST00000155005.2', 'ENSMUST00000136597.2', 'ENSMUST00000106271.1', 'ENSMUST00000154987.7', 'ENSMUST00000106272.7', 'ENSMUST00000124631.7', 'ENSMUST00000139068.7', 'ENSMUST00000136823.7', 'ENSMUST00000144748.7']",['protein_coding']
chr7_127801942_127802013_+,6,759,chr7,127801942,127802013,+,GT-AG,GT,AG,annotated on 5',annotated on 3',0,1,"['ENSMUST00000154987.7', 'ENSMUST00000136823.7', 'ENSMUST00000046863.11', 'ENSMUST00000106272.7', 'ENSMUST00000125188.7', 'ENSMUST00000155005.2', 'ENSMUST00000139068.7', 'ENSMUST00000106271.1']","['ENSMUST00000154987.7', 'ENSMUST00000136823.7', 'ENSMUST00000046863.11', 'ENSMUST00000206674.1', 'ENSMUST00000106272.7', 'ENSMUST00000125188.7', 'ENSMUST00000155005.2', 'ENSMUST00000139068.7', 'ENSMUST00000106271.1']","['ENSMUST00000125188.7', 'ENSMUST00000046863.11', 'ENSMUST00000155005.2', 'ENSMUST00000106271.1', 'ENSMUST00000154987.7', 'ENSMUST00000106272.7', 'ENSMUST00000139068.7', 'ENSMUST00000136823.7']",[],['ENSMUST00000206674.1'],"['nonsense_mediated_decay', 'protein_coding']","['ENSMUSG00000108815.1', 'ENSMUSG00000042289.11']","['Gm49388', 'Hsd3b7']","['ENSMUST00000125188.7', 'ENSMUST00000046863.11', 'ENSMUST00000155005.2', 'ENSMUST00000106271.1', 'ENSMUST00000154987.7', 'ENSMUST00000106272.7', 'ENSMUST00000139068.7', 'ENSMUST00000136823.7']","['ENSMUST00000125188.7', 'ENSMUST00000206674.1', 'ENSMUST00000046863.11', 'ENSMUST00000155005.2', 'ENSMUST00000106271.1', 'ENSMUST00000154987.7', 'ENSMUST00000106272.7', 'ENSMUST00000139068.7', 'ENSMUST00000136823.7']",['protein_coding']
chr7_127802113_127802235_+,7,719,chr7,127802113,127802235,+,GT-AG,GT,AG,annotated on 5',annotated on 3',0,1,"['ENSMUST00000154987.7', 'ENSMUST00000046863.11', 'ENSMUST00000132702.7', 'ENSMUST00000144748.7', 'ENSMUST00000106272.7', 'ENSMUST00000155005.2', 'ENSMUST00000124631.7', 'ENSMUST00000136597.2', 'ENSMUST00000106271.1']","['ENSMUST00000154987.7', 'ENSMUST00000046863.11', 'ENSMUST00000132702.7', 'ENSMUST00000144748.7', 'ENSMUST00000155005.2', 'ENSMUST00000136597.2']","['ENSMUST00000132702.7', 'ENSMUST00000206674.1', 'ENSMUST00000046863.11', 'ENSMUST00000155005.2', 'ENSMUST00000136597.2', 'ENSMUST00000154987.7', 'ENSMUST00000106272.7', 'ENSMUST00000144748.7']","['ENSMUST00000125188.7', 'ENSMUST00000106271.1', 'ENSMUST00000124631.7', 'ENSMUST00000139068.7', 'ENSMUST00000136823.7']",[],"['nonsense_mediated_decay', 'protein_coding', 'retained_intron']","['ENSMUSG00000108815.1', 'ENSMUSG00000042289.11']","['Gm49388', 'Hsd3b7']","['ENSMUST00000132702.7', 'ENSMUST00000125188.7', 'ENSMUST00000206674.1', 'ENSMUST00000046863.11', 'ENSMUST00000155005.2', 'ENSMUST00000136597.2', 'ENSMUST00000106271.1', 'ENSMUST00000154987.7', 'ENSMUST00000106272.7', 'ENSMUST00000124631.7', 'ENSMUST00000139068.7', 'ENSMUST00000136823.7', 'ENSMUST00000144748.7']","['ENSMUST00000132702.7', 'ENSMUST00000206674.1', 'ENSMUST00000046863.11', 'ENSMUST00000155005.2', 'ENSMUST00000136597.2', 'ENSMUST00000154987.7', 'ENSMUST00000106272.7', 'ENSMUST00000144748.7']",['protein_coding']
chr7_127802398_127802785_+,8,748,chr7,127802398,127802785,+,GT-AG,GT,AG,annotated on 5',annotated on 3',0,1,"['ENSMUST00000154987.7', 'ENSMUST00000046863.11', 'ENSMUST00000132702.7', 'ENSMUST00000206674.1', 'ENSMUST00000106272.7']","['ENSMUST00000154987.7', 'ENSMUST00000046863.11', 'ENSMUST00000132702.7', 'ENSMUST00000106272.7', 'ENSMUST00000106271.1']","['ENSMUST00000046863.11', 'ENSMUST00000132702.7', 'ENSMUST00000154987.7', 'ENSMUST00000106272.7']","['ENSMUST00000136597.2', 'ENSMUST00000206674.1']",['ENSMUST00000106271.1'],"['nonsense_mediated_decay', 'protein_coding', 'retained_intron']","['ENSMUSG00000108815.1', 'ENSMUSG00000042289.11']","['Gm49388', 'Hsd3b7']","['ENSMUST00000132702.7', 'ENSMUST00000206674.1', 'ENSMUST00000046863.11', 'ENSMUST00000136597.2', 'ENSMUST00000154987.7', 'ENSMUST00000106272.7']","['ENSMUST00000132702.7', 'ENSMUST00000046863.11', 'ENSMUST00000154987.7', 'ENSMUST00000106272.7', 'ENSMUST00000106271.1']",['protein_coding']
chr8_70509631_70510117_-,5,403,chr8,70509631,70510117,-,GC-AG,GC,AG,annotated on 5',annotated on 3',1,0,"['ENSMUST00000140679.7', 'ENSMUST00000129909.7']","['ENSMUST00000140679.7', 'ENSMUST00000081940.10']","['ENSMUST00000140679.7', 'ENSMUST00000129909.7']",[],"['ENSMUST00000081940.10', 'ENSMUST00000138260.7', 'ENSMUST00000127793.1', 'ENSMUST00000135446.7', 'ENSMUST00000121623.7', 'ENSMUST00000125184.7', 'ENSMUST00000165126.8']","['protein_coding', 'retained_intron']","['ENSMUSG00000055553.16', 'ENSMUSG00000090137.8']","['Kxd1', 'Uba52']","['ENSMUST00000140679.7', 'ENSMUST00000129909.7']","['ENSMUST00000081940.10', 'ENSMUST00000138260.7', 'ENSMUST00000129909.7', 'ENSMUST00000127793.1', 'ENSMUST00000135446.7', 'ENSMUST00000121623.7', 'ENSMUST00000125184.7', 'ENSMUST00000140679.7', 'ENSMUST00000165126.8']",['protein_coding']
chr9_21068117_21073074_-,7,522,chr9,21068117,21073074,-,GT-AG,GT,AG,annotated on 5',annotated on 3',1,0,"['ENSMUST00000213826.1', 'ENSMUST00000217359.1', 'ENSMUST00000010348.6', 'ENSMUST00000217282.1', 'ENSMUST00000217150.1', 'ENSMUST00000215631.1', 'ENSMUST00000216484.1']","['ENSMUST00000213826.1', 'ENSMUST00000217359.1', 'ENSMUST00000010348.6', 'ENSMUST00000217282.1', 'ENSMUST00000217150.1', 'ENSMUST00000215631.1', 'ENSMUST00000216484.1']","['ENSMUST00000217150.1', 'ENSMUST00000010348.6', 'ENSMUST00000217282.1', 'ENSMUST00000217359.1', 'ENSMUST00000213826.1', 'ENSMUST00000215631.1', 'ENSMUST00000216484.1']",[],[],"['nonsense_mediated_decay', 'protein_coding', 'retained_intron']","['ENSMUSG00000111692.1', 'ENSMUSG00000079677.2', 'ENSMUSG00000111497.1']","['Gm49373', 'Fdx1l', 'Gm38431']","['ENSMUST00000217150.1', 'ENSMUST00000010348.6', 'ENSMUST00000217282.1', 'ENSMUST00000217359.1', 'ENSMUST00000213826.1', 'ENSMUST00000215631.1', 'ENSMUST00000216484.1']","['ENSMUST00000217150.1', 'ENSMUST00000010348.6', 'ENSMUST00000217282.1', 'ENSMUST00000217359.1', 'ENSMUST00000213826.1', 'ENSMUST00000215631.1', 'ENSMUST00000216484.1']",['protein_coding']
chr9_21073181_21073263_-,6,279,chr9,21073181,21073263,-,GT-AG,GT,AG,annotated on 5',annotated on 3',1,0,"['ENSMUST00000217359.1', 'ENSMUST00000010348.6', 'ENSMUST00000217150.1']","['ENSMUST00000217359.1', 'ENSMUST00000010348.6', 'ENSMUST00000217150.1']","['ENSMUST00000217150.1', 'ENSMUST00000010348.6', 'ENSMUST00000217359.1']",[],['ENSMUST00000213826.1'],"['nonsense_mediated_decay', 'protein_coding', 'retained_intron']","['ENSMUSG00000111692.1', 'ENSMUSG00000079677.2', 'ENSMUSG00000111497.1']","['Gm49373', 'Fdx1l', 'Gm38431']","['ENSMUST00000217150.1', 'ENSMUST00000010348.6', 'ENSMUST00000217359.1']","['ENSMUST00000213826.1', 'ENSMUST00000010348.6', 'ENSMUST00000217150.1', 'ENSMUST00000217359.1']",['protein_coding']
chr9_21073318_21073388_-,6,201,chr9,21073318,21073388,-,GT-AG,GT,AG,annotated on 5',annotated on 3',1,0,"['ENSMUST00000010348.6', 'ENSMUST00000215631.1']","['ENSMUST00000217359.1', 'ENSMUST00000010348.6', 'ENSMUST00000215631.1']","['ENSMUST00000010348.6', 'ENSMUST00000215631.1']",[],['ENSMUST00000217359.1'],"['nonsense_mediated_decay', 'protein_coding', 'retained_intron']","['ENSMUSG00000079677.2', 'ENSMUSG00000111497.1']","['Fdx1l', 'Gm38431']","['ENSMUST00000010348.6', 'ENSMUST00000215631.1']","['ENSMUST00000010348.6', 'ENSMUST00000217359.1', 'ENSMUST00000215631.1']",['protein_coding']
chr9_120953003_120955147_+,12,316,chr9,120953003,120955147,+,GT-AG,GT,AG,annotated on 5',annotated on 3',0,1,"['ENSMUST00000007130.14', 'ENSMUST00000154356.7', 'ENSMUST00000154687.7', 'ENSMUST00000178812.8', 'ENSMUST00000163844.7', 'ENSMUST00000170729.1']","['ENSMUST00000007130.14', 'ENSMUST00000154356.7', 'ENSMUST00000154687.7', 'ENSMUST00000178812.8', 'ENSMUST00000163844.7', 'ENSMUST00000170729.1']","['ENSMUST00000178812.8', 'ENSMUST00000154356.7', 'ENSMUST00000007130.14', 'ENSMUST00000163844.7', 'ENSMUST00000170729.1', 'ENSMUST00000154687.7']",[],"['ENSMUST00000198187.1', 'ENSMUST00000126633.1']","['nonsense_mediated_decay', 'miRNA', 'protein_coding', 'retained_intron']","['ENSMUSG00000106193.1', 'ENSMUSG00000006932.17']","['Mir7090', 'Ctnnb1']","['ENSMUST00000178812.8', 'ENSMUST00000154356.7', 'ENSMUST00000007130.14', 'ENSMUST00000163844.7', 'ENSMUST00000170729.1', 'ENSMUST00000154687.7']","['ENSMUST00000178812.8', 'ENSMUST00000154356.7', 'ENSMUST00000007130.14', 'ENSMUST00000163844.7', 'ENSMUST00000170729.1', 'ENSMUST00000126633.1', 'ENSMUST00000154687.7', 'ENSMUST00000198187.1']","['miRNA', 'protein_coding']"
chrX_10073828_10117443_-,5,220,chrX,10073828,10117443,-,GT-AG,GT,AG,annotated on 5',annotated on 3',1,0,"['ENSMUST00000044789.9', 'ENSMUST00000115544.8', 'ENSMUST00000115543.2', 'ENSMUST00000147334.1']","['ENSMUST00000044789.9', 'ENSMUST00000147334.1', 'ENSMUST00000072393.8']","['ENSMUST00000044789.9', 'ENSMUST00000147334.1']","['ENSMUST00000115543.2', 'ENSMUST00000115544.8']",['ENSMUST00000072393.8'],"['processed_transcript', 'protein_coding']","['ENSMUSG00000031174.17', 'ENSMUSG00000090084.7']","['Rpgr', 'Srpx']","['ENSMUST00000044789.9', 'ENSMUST00000115543.2', 'ENSMUST00000147334.1', 'ENSMUST00000115544.8']","['ENSMUST00000044789.9', 'ENSMUST00000147334.1', 'ENSMUST00000072393.8']",['protein_coding']
chr1_180976281_180991932_-,14,349,chr1,180976281,180991932,-,GT-AG,GT,AG,annotated on 5',annotated on 3',1,0,"['ENSMUST00000154133.7', 'ENSMUST00000036928.11', 'ENSMUST00000111068.7']",['ENSMUST00000154133.7'],['ENSMUST00000154133.7'],"['ENSMUST00000111068.7', 'ENSMUST00000036928.11']",['ENSMUST00000191980.1'],"['unprocessed_pseudogene', 'protein_coding']","['ENSMUSG00000103930.1', 'ENSMUSG00000038776.13']","['Gm36961', 'Ephx1']","['ENSMUST00000036928.11', 'ENSMUST00000111068.7', 'ENSMUST00000154133.7']","['ENSMUST00000154133.7', 'ENSMUST00000191980.1']","['unprocessed_pseudogene', 'protein_coding']"
chr10_75775010_75775870_-,5,324,chr10,75775010,75775870,-,GT-AG,GT,AG,annotated on 5',annotated on 3',1,0,"['ENSMUST00000173512.1', 'ENSMUST00000001715.9', 'ENSMUST00000174649.1', 'ENSMUST00000173537.1']","['ENSMUST00000001715.9', 'ENSMUST00000174649.1', 'ENSMUST00000173537.1']","['ENSMUST00000173537.1', 'ENSMUST00000001715.9', 'ENSMUST00000174649.1']",['ENSMUST00000173512.1'],[],"['processed_transcript', 'protein_coding']","['ENSMUSG00000001665.11', 'ENSMUSG00000092360.1']","['Gstt3', 'Gm20441']","['ENSMUST00000173537.1', 'ENSMUST00000001715.9', 'ENSMUST00000173512.1', 'ENSMUST00000174649.1']","['ENSMUST00000173537.1', 'ENSMUST00000001715.9', 'ENSMUST00000174649.1']",['protein_coding']
chr10_75776047_75776743_-,5,260,chr10,75776047,75776743,-,GT-AG,GT,AG,annotated on 5',annotated on 3',1,0,"['ENSMUST00000173512.1', 'ENSMUST00000001715.9', 'ENSMUST00000174649.1', 'ENSMUST00000173537.1', 'ENSMUST00000133869.1']","['ENSMUST00000173512.1', 'ENSMUST00000001715.9', 'ENSMUST00000174649.1', 'ENSMUST00000173537.1', 'ENSMUST00000133869.1']","['ENSMUST00000001715.9', 'ENSMUST00000133869.1', 'ENSMUST00000174649.1', 'ENSMUST00000173537.1', 'ENSMUST00000173512.1']",['ENSMUST00000174187.1'],[],"['nonsense_mediated_decay', 'processed_transcript', 'protein_coding']","['ENSMUSG00000001665.11', 'ENSMUSG00000092360.1']","['Gstt3', 'Gm20441']","['ENSMUST00000001715.9', 'ENSMUST00000133869.1', 'ENSMUST00000174649.1', 'ENSMUST00000173537.1', 'ENSMUST00000174187.1', 'ENSMUST00000173512.1']","['ENSMUST00000001715.9', 'ENSMUST00000133869.1', 'ENSMUST00000174649.1', 'ENSMUST00000173537.1', 'ENSMUST00000173512.1']",['protein_coding']
chr14_51096473_51104806_+,5,805,chr14,51096473,51104806,+,GT-AG,GT,AG,annotated on 5',annotated on 3',0,1,"['ENSMUST00000069011.8', 'ENSMUST00000169895.2']","['ENSMUST00000022428.12', 'ENSMUST00000169895.2']",['ENSMUST00000169895.2'],['ENSMUST00000069011.8'],['ENSMUST00000022428.12'],['protein_coding'],"['ENSMUSG00000021876.15', 'ENSMUSG00000072115.11']","['Rnase4', 'Ang']","['ENSMUST00000069011.8', 'ENSMUST00000169895.2']","['ENSMUST00000169895.2', 'ENSMUST00000022428.12']",['protein_coding']
chr16_13672078_13685061_+,6,209,chr16,13672078,13685061,+,GT-AG,GT,AG,annotated on 5',annotated on 3',0,1,"['ENSMUST00000023365.12', 'ENSMUST00000225585.1', 'ENSMUST00000127973.7', 'ENSMUST00000035426.6', 'ENSMUST00000069281.7', 'ENSMUST00000132349.1']","['ENSMUST00000023365.12', 'ENSMUST00000127973.7', 'ENSMUST00000069281.7', 'ENSMUST00000132349.1']","['ENSMUST00000023365.12', 'ENSMUST00000069281.7', 'ENSMUST00000132349.1', 'ENSMUST00000127973.7']","['ENSMUST00000035426.6', 'ENSMUST00000225585.1']",[],"['nonsense_mediated_decay', 'processed_transcript', 'protein_coding', 'retained_intron']","['ENSMUSG00000022684.15', 'ENSMUSG00000079737.4']","['Bfar', '3110001I22Rik']","['ENSMUST00000023365.12', 'ENSMUST00000132349.1', 'ENSMUST00000127973.7', 'ENSMUST00000035426.6', 'ENSMUST00000069281.7', 'ENSMUST00000225585.1']","['ENSMUST00000023365.12', 'ENSMUST00000069281.7', 'ENSMUST00000132349.1', 'ENSMUST00000127973.7']",['protein_coding']
chr17_57215932_57217084_-,5,252,chr17,57215932,57217084,-,GT-AG,GT,AG,annotated on 5',annotated on 3',1,0,"['ENSMUST00000024988.14', 'ENSMUST00000176457.1']","['ENSMUST00000024988.14', 'ENSMUST00000176457.1']","['ENSMUST00000024988.14', 'ENSMUST00000176457.1']",['ENSMUST00000184453.1'],[],"['miRNA', 'processed_transcript', 'protein_coding']","['ENSMUSG00000099066.1', 'ENSMUSG00000024164.15']","['Mir6978', 'C3']","['ENSMUST00000024988.14', 'ENSMUST00000184453.1', 'ENSMUST00000176457.1']","['ENSMUST00000024988.14', 'ENSMUST00000176457.1']","['miRNA', 'protein_coding']"
chr17_57217171_57217265_-,5,226,chr17,57217171,57217265,-,GT-AG,GT,AG,annotated on 5',annotated on 3',1,0,"['ENSMUST00000024988.14', 'ENSMUST00000176457.1']","['ENSMUST00000024988.14', 'ENSMUST00000176457.1']","['ENSMUST00000024988.14', 'ENSMUST00000184453.1', 'ENSMUST00000176457.1']",[],[],"['miRNA', 'processed_transcript', 'protein_coding']","['ENSMUSG00000099066.1', 'ENSMUSG00000024164.15']","['Mir6978', 'C3']","['ENSMUST00000024988.14', 'ENSMUST00000184453.1', 'ENSMUST00000176457.1']","['ENSMUST00000024988.14', 'ENSMUST00000184453.1', 'ENSMUST00000176457.1']","['miRNA', 'protein_coding']"
chr2_168639990_168640630_-,5,272,chr2,168639990,168640630,-,GT-AG,GT,AG,annotated on 5',annotated on 3',1,0,"['ENSMUST00000109175.8', 'ENSMUST00000029060.10', 'ENSMUST00000109176.7', 'ENSMUST00000109177.7', 'ENSMUST00000178504.7']","['ENSMUST00000109175.8', 'ENSMUST00000029060.10', 'ENSMUST00000109176.7', 'ENSMUST00000109177.7', 'ENSMUST00000178504.7']","['ENSMUST00000109177.7', 'ENSMUST00000178504.7', 'ENSMUST00000109175.8', 'ENSMUST00000029060.10', 'ENSMUST00000109176.7']",['ENSMUST00000200215.1'],[],"['miRNA', 'protein_coding']","['ENSMUSG00000105496.1', 'ENSMUSG00000027546.15']","['Mir7004', 'Atp9a']","['ENSMUST00000109177.7', 'ENSMUST00000178504.7', 'ENSMUST00000109175.8', 'ENSMUST00000029060.10', 'ENSMUST00000109176.7', 'ENSMUST00000200215.1']","['ENSMUST00000109177.7', 'ENSMUST00000178504.7', 'ENSMUST00000109175.8', 'ENSMUST00000029060.10', 'ENSMUST00000109176.7']","['miRNA', 'protein_coding']"
chr2_168640695_168643861_-,5,269,chr2,168640695,168643861,-,GT-AG,GT,AG,annotated on 5',annotated on 3',1,0,"['ENSMUST00000109175.8', 'ENSMUST00000029060.10', 'ENSMUST00000109176.7', 'ENSMUST00000109177.7', 'ENSMUST00000178504.7']","['ENSMUST00000109175.8', 'ENSMUST00000029060.10', 'ENSMUST00000109176.7', 'ENSMUST00000109177.7', 'ENSMUST00000178504.7']","['ENSMUST00000109177.7', 'ENSMUST00000178504.7', 'ENSMUST00000109175.8', 'ENSMUST00000029060.10', 'ENSMUST00000109176.7']",[],['ENSMUST00000200215.1'],"['miRNA', 'protein_coding']","['ENSMUSG00000105496.1', 'ENSMUSG00000027546.15']","['Mir7004', 'Atp9a']","['ENSMUST00000109177.7', 'ENSMUST00000178504.7', 'ENSMUST00000109175.8', 'ENSMUST00000029060.10', 'ENSMUST00000109176.7']","['ENSMUST00000109177.7', 'ENSMUST00000178504.7', 'ENSMUST00000109175.8', 'ENSMUST00000029060.10', 'ENSMUST00000109176.7', 'ENSMUST00000200215.1']","['miRNA', 'protein_coding']"
chr3_89093843_89094230_-,10,870,chr3,89093843,89094230,-,GT-AG,GT,AG,annotated on 5',annotated on 3',1,0,"['ENSMUST00000196709.4', 'ENSMUST00000081848.12', 'ENSMUST00000196254.4']","['ENSMUST00000200659.1', 'ENSMUST00000196709.4', 'ENSMUST00000081848.12', 'ENSMUST00000196254.4']","['ENSMUST00000196709.4', 'ENSMUST00000081848.12', 'ENSMUST00000196254.4']",[],['ENSMUST00000200659.1'],['protein_coding'],"['ENSMUSG00000059743.12', 'ENSMUSG00000105204.1']","['Fdps', 'Gm43738']","['ENSMUST00000196709.4', 'ENSMUST00000081848.12', 'ENSMUST00000196254.4']","['ENSMUST00000196709.4', 'ENSMUST00000081848.12', 'ENSMUST00000196254.4', 'ENSMUST00000200659.1']",['protein_coding']
chr3_89094365_89094451_-,11,842,chr3,89094365,89094451,-,GT-AG,GT,AG,annotated on 5',annotated on 3',1,0,"['ENSMUST00000200659.1', 'ENSMUST00000196709.4', 'ENSMUST00000081848.12', 'ENSMUST00000196254.4']","['ENSMUST00000196709.4', 'ENSMUST00000081848.12', 'ENSMUST00000196254.4']","['ENSMUST00000196709.4', 'ENSMUST00000081848.12', 'ENSMUST00000196254.4']",['ENSMUST00000200659.1'],[],['protein_coding'],"['ENSMUSG00000059743.12', 'ENSMUSG00000105204.1']","['Fdps', 'Gm43738']","['ENSMUST00000196709.4', 'ENSMUST00000081848.12', 'ENSMUST00000196254.4', 'ENSMUST00000200659.1']","['ENSMUST00000196709.4', 'ENSMUST00000081848.12', 'ENSMUST00000196254.4']",['protein_coding']
chr3_89094529_89094859_-,11,1015,chr3,89094529,89094859,-,GT-AG,GT,AG,annotated on 5',annotated on 3',1,0,"['ENSMUST00000200659.1', 'ENSMUST00000196709.4', 'ENSMUST00000081848.12', 'ENSMUST00000196254.4']","['ENSMUST00000200659.1', 'ENSMUST00000196709.4', 'ENSMUST00000081848.12']","['ENSMUST00000196709.4', 'ENSMUST00000081848.12', 'ENSMUST00000196254.4', 'ENSMUST00000200659.1']",[],[],['protein_coding'],"['ENSMUSG00000059743.12', 'ENSMUSG00000105204.1']","['Fdps', 'Gm43738']","['ENSMUST00000196709.4', 'ENSMUST00000081848.12', 'ENSMUST00000196254.4', 'ENSMUST00000200659.1']","['ENSMUST00000196709.4', 'ENSMUST00000081848.12', 'ENSMUST00000196254.4', 'ENSMUST00000200659.1']",['protein_coding']
chr3_89094932_89095013_-,10,1113,chr3,89094932,89095013,-,GT-AG,GT,AG,annotated on 5',annotated on 3',1,0,"['ENSMUST00000200659.1', 'ENSMUST00000196709.4', 'ENSMUST00000081848.12', 'ENSMUST00000196254.4']","['ENSMUST00000200659.1', 'ENSMUST00000196709.4', 'ENSMUST00000081848.12', 'ENSMUST00000196254.4']","['ENSMUST00000196709.4', 'ENSMUST00000081848.12', 'ENSMUST00000196254.4', 'ENSMUST00000200659.1']",['ENSMUST00000200433.1'],[],"['protein_coding', 'retained_intron']","['ENSMUSG00000059743.12', 'ENSMUSG00000105204.1']","['Fdps', 'Gm43738']","['ENSMUST00000196254.4', 'ENSMUST00000200433.1', 'ENSMUST00000196709.4', 'ENSMUST00000081848.12', 'ENSMUST00000200659.1']","['ENSMUST00000196709.4', 'ENSMUST00000081848.12', 'ENSMUST00000196254.4', 'ENSMUST00000200659.1']",['protein_coding']
chr3_89095102_89095353_-,11,1085,chr3,89095102,89095353,-,GT-AG,GT,AG,annotated on 5',annotated on 3',1,0,"['ENSMUST00000200659.1', 'ENSMUST00000196709.4', 'ENSMUST00000081848.12', 'ENSMUST00000196254.4', 'ENSMUST00000200433.1']","['ENSMUST00000200659.1', 'ENSMUST00000196709.4', 'ENSMUST00000081848.12', 'ENSMUST00000196254.4', 'ENSMUST00000200433.1']","['ENSMUST00000196254.4', 'ENSMUST00000200433.1', 'ENSMUST00000196709.4', 'ENSMUST00000081848.12', 'ENSMUST00000200659.1']",['ENSMUST00000196921.4'],[],"['protein_coding', 'retained_intron']","['ENSMUSG00000059743.12', 'ENSMUSG00000105204.1']","['Fdps', 'Gm43738']","['ENSMUST00000196254.4', 'ENSMUST00000196921.4', 'ENSMUST00000200433.1', 'ENSMUST00000196709.4', 'ENSMUST00000081848.12', 'ENSMUST00000200659.1']","['ENSMUST00000196254.4', 'ENSMUST00000200433.1', 'ENSMUST00000196709.4', 'ENSMUST00000081848.12', 'ENSMUST00000200659.1']",['protein_coding']
chr3_89095476_89095598_-,11,896,chr3,89095476,89095598,-,GT-AG,GT,AG,annotated on 5',annotated on 3',1,0,"['ENSMUST00000200659.1', 'ENSMUST00000196709.4', 'ENSMUST00000081848.12', 'ENSMUST00000196254.4', 'ENSMUST00000200433.1', 'ENSMUST00000196921.4', 'ENSMUST00000199668.2']","['ENSMUST00000200659.1', 'ENSMUST00000196709.4', 'ENSMUST00000081848.12', 'ENSMUST00000196254.4', 'ENSMUST00000200433.1', 'ENSMUST00000196921.4']","['ENSMUST00000196254.4', 'ENSMUST00000196921.4', 'ENSMUST00000200433.1', 'ENSMUST00000196709.4', 'ENSMUST00000081848.12', 'ENSMUST00000200659.1']",['ENSMUST00000199668.2'],[],"['protein_coding', 'retained_intron']","['ENSMUSG00000059743.12', 'ENSMUSG00000105204.1']","['Fdps', 'Gm43738']","['ENSMUST00000196254.4', 'ENSMUST00000196921.4', 'ENSMUST00000199668.2', 'ENSMUST00000200433.1', 'ENSMUST00000196709.4', 'ENSMUST00000081848.12', 'ENSMUST00000200659.1']","['ENSMUST00000196254.4', 'ENSMUST00000196921.4', 'ENSMUST00000200433.1', 'ENSMUST00000196709.4', 'ENSMUST00000081848.12', 'ENSMUST00000200659.1']",['protein_coding']
chr3_89095679_89099299_-,10,801,chr3,89095679,89099299,-,GT-AG,GT,AG,annotated on 5',annotated on 3',1,0,"['ENSMUST00000200659.1', 'ENSMUST00000196709.4', 'ENSMUST00000081848.12', 'ENSMUST00000196921.4', 'ENSMUST00000199668.2']","['ENSMUST00000200659.1', 'ENSMUST00000196709.4', 'ENSMUST00000081848.12', 'ENSMUST00000196254.4', 'ENSMUST00000196921.4', 'ENSMUST00000199668.2']","['ENSMUST00000196921.4', 'ENSMUST00000196709.4', 'ENSMUST00000200659.1', 'ENSMUST00000081848.12', 'ENSMUST00000199668.2']",[],['ENSMUST00000196254.4'],['protein_coding'],"['ENSMUSG00000059743.12', 'ENSMUSG00000105204.1']","['Fdps', 'Gm43738']","['ENSMUST00000196921.4', 'ENSMUST00000196709.4', 'ENSMUST00000200659.1', 'ENSMUST00000081848.12', 'ENSMUST00000199668.2']","['ENSMUST00000196254.4', 'ENSMUST00000196921.4', 'ENSMUST00000199668.2', 'ENSMUST00000196709.4', 'ENSMUST00000081848.12', 'ENSMUST00000200659.1']",['protein_coding']
chr3_89099440_89100668_-,10,853,chr3,89099440,89100668,-,GT-AG,GT,AG,annotated on 5',annotated on 3',1,0,"['ENSMUST00000200659.1', 'ENSMUST00000196709.4', 'ENSMUST00000081848.12', 'ENSMUST00000196921.4', 'ENSMUST00000199668.2']","['ENSMUST00000200659.1', 'ENSMUST00000196709.4', 'ENSMUST00000081848.12', 'ENSMUST00000196921.4', 'ENSMUST00000199668.2']","['ENSMUST00000196921.4', 'ENSMUST00000196709.4', 'ENSMUST00000200659.1', 'ENSMUST00000081848.12', 'ENSMUST00000199668.2']",[],[],['protein_coding'],"['ENSMUSG00000059743.12', 'ENSMUSG00000105204.1']","['Fdps', 'Gm43738']","['ENSMUST00000196921.4', 'ENSMUST00000196709.4', 'ENSMUST00000200659.1', 'ENSMUST00000081848.12', 'ENSMUST00000199668.2']","['ENSMUST00000196921.4', 'ENSMUST00000196709.4', 'ENSMUST00000200659.1', 'ENSMUST00000081848.12', 'ENSMUST00000199668.2']",['protein_coding']
chr3_89100831_89101861_-,10,714,chr3,89100831,89101861,-,GT-AG,GT,AG,annotated on 5',annotated on 3',1,0,"['ENSMUST00000196709.4', 'ENSMUST00000081848.12']","['ENSMUST00000200659.1', 'ENSMUST00000196709.4', 'ENSMUST00000081848.12', 'ENSMUST00000196921.4', 'ENSMUST00000199668.2']","['ENSMUST00000196709.4', 'ENSMUST00000081848.12']",[],"['ENSMUST00000199668.2', 'ENSMUST00000196921.4', 'ENSMUST00000200659.1']",['protein_coding'],"['ENSMUSG00000059743.12', 'ENSMUSG00000105204.1']","['Fdps', 'Gm43738']","['ENSMUST00000196709.4', 'ENSMUST00000081848.12']","['ENSMUST00000196921.4', 'ENSMUST00000196709.4', 'ENSMUST00000200659.1', 'ENSMUST00000081848.12', 'ENSMUST00000199668.2']",['protein_coding']
chr7_127800714_127801074_+,6,372,chr7,127800714,127801074,+,GT-AG,GT,AG,annotated on 5',annotated on 3',0,1,"['ENSMUST00000046863.11', 'ENSMUST00000132702.7', 'ENSMUST00000144748.7', 'ENSMUST00000206674.1', 'ENSMUST00000106272.7', 'ENSMUST00000125188.7', 'ENSMUST00000155005.2', 'ENSMUST00000206995.1', 'ENSMUST00000124631.7', 'ENSMUST00000136597.2', 'ENSMUST00000139068.7']","['ENSMUST00000136823.7', 'ENSMUST00000046863.11', 'ENSMUST00000132702.7', 'ENSMUST00000144748.7', 'ENSMUST00000206674.1', 'ENSMUST00000106272.7', 'ENSMUST00000155005.2', 'ENSMUST00000206995.1', 'ENSMUST00000124631.7']","['ENSMUST00000206995.1', 'ENSMUST00000132702.7', 'ENSMUST00000125188.7', 'ENSMUST00000206674.1', 'ENSMUST00000046863.11', 'ENSMUST00000155005.2', 'ENSMUST00000136597.2', 'ENSMUST00000106272.7', 'ENSMUST00000139068.7', 'ENSMUST00000124631.7', 'ENSMUST00000144748.7']",[],"['ENSMUST00000138432.1', 'ENSMUST00000154987.7', 'ENSMUST00000136823.7']","['nonsense_mediated_decay', 'protein_coding', 'retained_intron']","['ENSMUSG00000108815.1', 'ENSMUSG00000042289.11']","['Gm49388', 'Hsd3b7']","['ENSMUST00000206995.1', 'ENSMUST00000132702.7', 'ENSMUST00000125188.7', 'ENSMUST00000206674.1', 'ENSMUST00000046863.11', 'ENSMUST00000155005.2', 'ENSMUST00000136597.2', 'ENSMUST00000106272.7', 'ENSMUST00000139068.7', 'ENSMUST00000124631.7', 'ENSMUST00000144748.7']","['ENSMUST00000206995.1', 'ENSMUST00000132702.7', 'ENSMUST00000125188.7', 'ENSMUST00000138432.1', 'ENSMUST00000206674.1', 'ENSMUST00000046863.11', 'ENSMUST00000155005.2', 'ENSMUST00000136597.2', 'ENSMUST00000154987.7', 'ENSMUST00000106272.7', 'ENSMUST00000124631.7', 'ENSMUST00000139068.7', 'ENSMUST00000136823.7', 'ENSMUST00000144748.7']",['protein_coding']
chr9_103217518_103219222_-,5,664,chr9,103217518,103219222,-,GT-AG,GT,AG,annotated on 5',annotated on 3',1,0,"['ENSMUST00000166836.1', 'ENSMUST00000112645.7', 'ENSMUST00000035158.15', 'ENSMUST00000168142.7', 'ENSMUST00000164377.1']","['ENSMUST00000168142.7', 'ENSMUST00000170904.1']","['ENSMUST00000035158.15', 'ENSMUST00000112645.7', 'ENSMUST00000166836.1', 'ENSMUST00000164377.1', 'ENSMUST00000168142.7']",[],['ENSMUST00000170904.1'],"['nonsense_mediated_decay', 'protein_coding']","['ENSMUSG00000032554.15', 'ENSMUSG00000090639.1']","['Trf', 'Gm20425']","['ENSMUST00000035158.15', 'ENSMUST00000112645.7', 'ENSMUST00000166836.1', 'ENSMUST00000164377.1', 'ENSMUST00000168142.7']","['ENSMUST00000035158.15', 'ENSMUST00000112645.7', 'ENSMUST00000166836.1', 'ENSMUST00000170904.1', 'ENSMUST00000164377.1', 'ENSMUST00000168142.7']",['protein_coding']
chr1_52119623_52119911_+,5,440,chr1,52119623,52119911,+,GT-AG,GT,AG,annotated on 5',annotated on 3',0,1,"['ENSMUST00000186574.6', 'ENSMUST00000070968.13', 'ENSMUST00000188681.6', 'ENSMUST00000186186.1', 'ENSMUST00000185743.1']","['ENSMUST00000185516.1', 'ENSMUST00000186574.6', 'ENSMUST00000070968.13', 'ENSMUST00000191435.6', 'ENSMUST00000186857.6', 'ENSMUST00000188681.6', 'ENSMUST00000189347.6', 'ENSMUST00000186186.1', 'ENSMUST00000185743.1', 'ENSMUST00000186057.6']","['ENSMUST00000188681.6', 'ENSMUST00000186574.6', 'ENSMUST00000191435.6', 'ENSMUST00000186857.6', 'ENSMUST00000185743.1', 'ENSMUST00000070968.13', 'ENSMUST00000186186.1', 'ENSMUST00000189347.6']",[],"['ENSMUST00000186057.6', 'ENSMUST00000185516.1']","['processed_transcript', 'protein_coding', 'retained_intron']","['ENSMUSG00000026104.14', 'ENSMUSG00000101628.1']","['Stat1', 'Gm28177']","['ENSMUST00000188681.6', 'ENSMUST00000186574.6', 'ENSMUST00000191435.6', 'ENSMUST00000186857.6', 'ENSMUST00000185743.1', 'ENSMUST00000070968.13', 'ENSMUST00000186186.1', 'ENSMUST00000189347.6']","['ENSMUST00000186057.6', 'ENSMUST00000186574.6', 'ENSMUST00000188681.6', 'ENSMUST00000185516.1', 'ENSMUST00000191435.6', 'ENSMUST00000186857.6', 'ENSMUST00000185743.1', 'ENSMUST00000070968.13', 'ENSMUST00000186186.1', 'ENSMUST00000189347.6']","['processed_transcript', 'protein_coding']"
chr1_52120072_52122590_+,6,434,chr1,52120072,52122590,+,GT-AG,GT,AG,annotated on 5',annotated on 3',0,1,"['ENSMUST00000186574.6', 'ENSMUST00000070968.13', 'ENSMUST00000186857.6', 'ENSMUST00000185743.1']","['ENSMUST00000185516.1', 'ENSMUST00000186574.6', 'ENSMUST00000070968.13', 'ENSMUST00000191435.6', 'ENSMUST00000186857.6', 'ENSMUST00000188681.6', 'ENSMUST00000189347.6', 'ENSMUST00000185743.1', 'ENSMUST00000186057.6']","['ENSMUST00000186057.6', 'ENSMUST00000186574.6', 'ENSMUST00000188681.6', 'ENSMUST00000185516.1', 'ENSMUST00000191435.6', 'ENSMUST00000186857.6', 'ENSMUST00000185743.1', 'ENSMUST00000070968.13', 'ENSMUST00000189347.6']",[],[],"['processed_transcript', 'protein_coding', 'retained_intron']","['ENSMUSG00000026104.14', 'ENSMUSG00000101628.1']","['Stat1', 'Gm28177']","['ENSMUST00000186057.6', 'ENSMUST00000186574.6', 'ENSMUST00000188681.6', 'ENSMUST00000185516.1', 'ENSMUST00000191435.6', 'ENSMUST00000186857.6', 'ENSMUST00000185743.1', 'ENSMUST00000070968.13', 'ENSMUST00000189347.6']","['ENSMUST00000186057.6', 'ENSMUST00000186574.6', 'ENSMUST00000188681.6', 'ENSMUST00000185516.1', 'ENSMUST00000191435.6', 'ENSMUST00000186857.6', 'ENSMUST00000185743.1', 'ENSMUST00000070968.13', 'ENSMUST00000189347.6']","['processed_transcript', 'protein_coding']"
chr1_52122721_52123113_+,7,495,chr1,52122721,52123113,+,GT-AG,GT,AG,annotated on 5',annotated on 3',0,1,"['ENSMUST00000185516.1', 'ENSMUST00000186574.6', 'ENSMUST00000070968.13', 'ENSMUST00000191435.6', 'ENSMUST00000186857.6', 'ENSMUST00000188681.6', 'ENSMUST00000189347.6', 'ENSMUST00000185743.1', 'ENSMUST00000186057.6']","['ENSMUST00000185516.1', 'ENSMUST00000186574.6', 'ENSMUST00000070968.13', 'ENSMUST00000191435.6', 'ENSMUST00000186857.6', 'ENSMUST00000188681.6', 'ENSMUST00000189347.6', 'ENSMUST00000185743.1', 'ENSMUST00000186057.6']","['ENSMUST00000186057.6', 'ENSMUST00000186574.6', 'ENSMUST00000188681.6', 'ENSMUST00000185516.1', 'ENSMUST00000191435.6', 'ENSMUST00000186857.6', 'ENSMUST00000185743.1', 'ENSMUST00000070968.13', 'ENSMUST00000189347.6']",[],[],"['processed_transcript', 'protein_coding', 'retained_intron']","['ENSMUSG00000026104.14', 'ENSMUSG00000101628.1']","['Stat1', 'Gm28177']","['ENSMUST00000186057.6', 'ENSMUST00000186574.6', 'ENSMUST00000188681.6', 'ENSMUST00000185516.1', 'ENSMUST00000191435.6', 'ENSMUST00000186857.6', 'ENSMUST00000185743.1', 'ENSMUST00000070968.13', 'ENSMUST00000189347.6']","['ENSMUST00000186057.6', 'ENSMUST00000186574.6', 'ENSMUST00000188681.6', 'ENSMUST00000185516.1', 'ENSMUST00000191435.6', 'ENSMUST00000186857.6', 'ENSMUST00000185743.1', 'ENSMUST00000070968.13', 'ENSMUST00000189347.6']","['processed_transcript', 'protein_coding']"
chr1_52123258_52126519_+,6,508,chr1,52123258,52126519,+,GT-AG,GT,AG,annotated on 5',annotated on 3',0,1,"['ENSMUST00000185516.1', 'ENSMUST00000186574.6', 'ENSMUST00000070968.13', 'ENSMUST00000191435.6', 'ENSMUST00000186857.6', 'ENSMUST00000188681.6', 'ENSMUST00000189347.6', 'ENSMUST00000185743.1', 'ENSMUST00000186057.6']","['ENSMUST00000185516.1', 'ENSMUST00000186574.6', 'ENSMUST00000070968.13', 'ENSMUST00000191435.6', 'ENSMUST00000186857.6', 'ENSMUST00000188681.6', 'ENSMUST00000189347.6', 'ENSMUST00000185743.1', 'ENSMUST00000186057.6']","['ENSMUST00000186057.6', 'ENSMUST00000186574.6', 'ENSMUST00000188681.6', 'ENSMUST00000185516.1', 'ENSMUST00000191435.6', 'ENSMUST00000186857.6', 'ENSMUST00000185743.1', 'ENSMUST00000070968.13', 'ENSMUST00000189347.6']",[],[],"['processed_transcript', 'protein_coding', 'retained_intron']","['ENSMUSG00000026104.14', 'ENSMUSG00000101628.1']","['Stat1', 'Gm28177']","['ENSMUST00000186057.6', 'ENSMUST00000186574.6', 'ENSMUST00000188681.6', 'ENSMUST00000185516.1', 'ENSMUST00000191435.6', 'ENSMUST00000186857.6', 'ENSMUST00000185743.1', 'ENSMUST00000070968.13', 'ENSMUST00000189347.6']","['ENSMUST00000186057.6', 'ENSMUST00000186574.6', 'ENSMUST00000188681.6', 'ENSMUST00000185516.1', 'ENSMUST00000191435.6', 'ENSMUST00000186857.6', 'ENSMUST00000185743.1', 'ENSMUST00000070968.13', 'ENSMUST00000189347.6']","['processed_transcript', 'protein_coding']"
chr1_52126618_52132543_+,7,477,chr1,52126618,52132543,+,GT-AG,GT,AG,annotated on 5',annotated on 3',0,1,"['ENSMUST00000185516.1', 'ENSMUST00000186574.6', 'ENSMUST00000070968.13', 'ENSMUST00000191435.6', 'ENSMUST00000186857.6', 'ENSMUST00000188681.6', 'ENSMUST00000189347.6', 'ENSMUST00000185743.1', 'ENSMUST00000186057.6']","['ENSMUST00000185516.1', 'ENSMUST00000186574.6', 'ENSMUST00000070968.13', 'ENSMUST00000191435.6', 'ENSMUST00000186857.6', 'ENSMUST00000188681.6', 'ENSMUST00000189347.6', 'ENSMUST00000185743.1', 'ENSMUST00000186057.6']","['ENSMUST00000186057.6', 'ENSMUST00000186574.6', 'ENSMUST00000188681.6', 'ENSMUST00000185516.1', 'ENSMUST00000191435.6', 'ENSMUST00000186857.6', 'ENSMUST00000185743.1', 'ENSMUST00000070968.13', 'ENSMUST00000189347.6']",[],[],"['processed_transcript', 'protein_coding', 'retained_intron']","['ENSMUSG00000026104.14', 'ENSMUSG00000101628.1']","['Stat1', 'Gm28177']","['ENSMUST00000186057.6', 'ENSMUST00000186574.6', 'ENSMUST00000188681.6', 'ENSMUST00000185516.1', 'ENSMUST00000191435.6', 'ENSMUST00000186857.6', 'ENSMUST00000185743.1', 'ENSMUST00000070968.13', 'ENSMUST00000189347.6']","['ENSMUST00000186057.6', 'ENSMUST00000186574.6', 'ENSMUST00000188681.6', 'ENSMUST00000185516.1', 'ENSMUST00000191435.6', 'ENSMUST00000186857.6', 'ENSMUST00000185743.1', 'ENSMUST00000070968.13', 'ENSMUST00000189347.6']","['processed_transcript', 'protein_coding']"
chr1_52132633_52135602_+,7,468,chr1,52132633,52135602,+,GT-AG,GT,AG,annotated on 5',annotated on 3',0,1,"['ENSMUST00000185516.1', 'ENSMUST00000186574.6', 'ENSMUST00000070968.13', 'ENSMUST00000191435.6', 'ENSMUST00000186857.6', 'ENSMUST00000188681.6', 'ENSMUST00000189347.6', 'ENSMUST00000185743.1', 'ENSMUST00000186057.6']","['ENSMUST00000185516.1', 'ENSMUST00000186574.6', 'ENSMUST00000070968.13', 'ENSMUST00000191435.6', 'ENSMUST00000186857.6', 'ENSMUST00000189347.6', 'ENSMUST00000186057.6']","['ENSMUST00000186057.6', 'ENSMUST00000186574.6', 'ENSMUST00000185516.1', 'ENSMUST00000191435.6', 'ENSMUST00000186857.6', 'ENSMUST00000070968.13', 'ENSMUST00000189347.6']","['ENSMUST00000185743.1', 'ENSMUST00000188681.6']",[],"['processed_transcript', 'protein_coding', 'retained_intron']","['ENSMUSG00000026104.14', 'ENSMUSG00000101628.1']","['Stat1', 'Gm28177']","['ENSMUST00000186057.6', 'ENSMUST00000186574.6', 'ENSMUST00000188681.6', 'ENSMUST00000185516.1', 'ENSMUST00000191435.6', 'ENSMUST00000186857.6', 'ENSMUST00000185743.1', 'ENSMUST00000070968.13', 'ENSMUST00000189347.6']","['ENSMUST00000186057.6', 'ENSMUST00000186574.6', 'ENSMUST00000185516.1', 'ENSMUST00000191435.6', 'ENSMUST00000186857.6', 'ENSMUST00000070968.13', 'ENSMUST00000189347.6']","['processed_transcript', 'protein_coding']"
chr1_52136970_52137278_+,7,204,chr1,52136970,52137278,+,GT-AG,GT,AG,annotated on 5',annotated on 3',0,1,"['ENSMUST00000185516.1', 'ENSMUST00000186574.6', 'ENSMUST00000070968.13', 'ENSMUST00000191435.6', 'ENSMUST00000186857.6', 'ENSMUST00000189347.6', 'ENSMUST00000185743.1', 'ENSMUST00000186057.6']","['ENSMUST00000185516.1', 'ENSMUST00000186574.6', 'ENSMUST00000070968.13', 'ENSMUST00000191435.6', 'ENSMUST00000186857.6', 'ENSMUST00000189347.6', 'ENSMUST00000185743.1', 'ENSMUST00000186057.6']","['ENSMUST00000186057.6', 'ENSMUST00000186574.6', 'ENSMUST00000185516.1', 'ENSMUST00000191435.6', 'ENSMUST00000186857.6', 'ENSMUST00000185743.1', 'ENSMUST00000070968.13', 'ENSMUST00000189347.6']",[],[],"['processed_transcript', 'protein_coding', 'retained_intron']","['ENSMUSG00000026104.14', 'ENSMUSG00000101628.1']","['Stat1', 'Gm28177']","['ENSMUST00000186057.6', 'ENSMUST00000186574.6', 'ENSMUST00000185516.1', 'ENSMUST00000191435.6', 'ENSMUST00000186857.6', 'ENSMUST00000185743.1', 'ENSMUST00000070968.13', 'ENSMUST00000189347.6']","['ENSMUST00000186057.6', 'ENSMUST00000186574.6', 'ENSMUST00000185516.1', 'ENSMUST00000191435.6', 'ENSMUST00000186857.6', 'ENSMUST00000185743.1', 'ENSMUST00000070968.13', 'ENSMUST00000189347.6']","['processed_transcript', 'protein_coding']"
chr1_52137430_52139193_+,7,215,chr1,52137430,52139193,+,GT-AG,GT,AG,annotated on 5',annotated on 3',0,1,"['ENSMUST00000185516.1', 'ENSMUST00000186574.6', 'ENSMUST00000070968.13', 'ENSMUST00000191435.6', 'ENSMUST00000186857.6', 'ENSMUST00000189347.6', 'ENSMUST00000186057.6']","['ENSMUST00000185516.1', 'ENSMUST00000186574.6', 'ENSMUST00000070968.13', 'ENSMUST00000191435.6', 'ENSMUST00000186857.6', 'ENSMUST00000189347.6', 'ENSMUST00000186057.6']","['ENSMUST00000186057.6', 'ENSMUST00000186574.6', 'ENSMUST00000185516.1', 'ENSMUST00000191435.6', 'ENSMUST00000186857.6', 'ENSMUST00000070968.13', 'ENSMUST00000189347.6']",[],[],"['processed_transcript', 'protein_coding']","['ENSMUSG00000026104.14', 'ENSMUSG00000101628.1']","['Stat1', 'Gm28177']","['ENSMUST00000186057.6', 'ENSMUST00000186574.6', 'ENSMUST00000185516.1', 'ENSMUST00000191435.6', 'ENSMUST00000186857.6', 'ENSMUST00000070968.13', 'ENSMUST00000189347.6']","['ENSMUST00000186057.6', 'ENSMUST00000186574.6', 'ENSMUST00000185516.1', 'ENSMUST00000191435.6', 'ENSMUST00000186857.6', 'ENSMUST00000070968.13', 'ENSMUST00000189347.6']","['processed_transcript', 'protein_coding']"
chr1_52139352_52140576_+,8,256,chr1,52139352,52140576,+,GT-AG,GT,AG,annotated on 5',annotated on 3',0,1,"['ENSMUST00000185516.1', 'ENSMUST00000186574.6', 'ENSMUST00000070968.13', 'ENSMUST00000191435.6', 'ENSMUST00000186857.6', 'ENSMUST00000189347.6', 'ENSMUST00000186057.6']","['ENSMUST00000186574.6', 'ENSMUST00000070968.13', 'ENSMUST00000191435.6', 'ENSMUST00000186857.6', 'ENSMUST00000189347.6', 'ENSMUST00000186057.6']","['ENSMUST00000186057.6', 'ENSMUST00000186574.6', 'ENSMUST00000191435.6', 'ENSMUST00000186857.6', 'ENSMUST00000070968.13', 'ENSMUST00000189347.6']",['ENSMUST00000185516.1'],[],"['processed_transcript', 'protein_coding']","['ENSMUSG00000026104.14', 'ENSMUSG00000101628.1']","['Stat1', 'Gm28177']","['ENSMUST00000186057.6', 'ENSMUST00000186574.6', 'ENSMUST00000185516.1', 'ENSMUST00000191435.6', 'ENSMUST00000186857.6', 'ENSMUST00000070968.13', 'ENSMUST00000189347.6']","['ENSMUST00000186057.6', 'ENSMUST00000186574.6', 'ENSMUST00000191435.6', 'ENSMUST00000186857.6', 'ENSMUST00000070968.13', 'ENSMUST00000189347.6']","['processed_transcript', 'protein_coding']"
chr1_52140669_52142900_+,8,215,chr1,52140669,52142900,+,GT-AG,GT,AG,annotated on 5',annotated on 3',0,1,"['ENSMUST00000186574.6', 'ENSMUST00000070968.13', 'ENSMUST00000191435.6', 'ENSMUST00000186857.6', 'ENSMUST00000189347.6', 'ENSMUST00000186057.6']","['ENSMUST00000185516.1', 'ENSMUST00000186574.6', 'ENSMUST00000070968.13', 'ENSMUST00000191435.6', 'ENSMUST00000186857.6', 'ENSMUST00000189347.6', 'ENSMUST00000186057.6']","['ENSMUST00000186057.6', 'ENSMUST00000186574.6', 'ENSMUST00000191435.6', 'ENSMUST00000186857.6', 'ENSMUST00000070968.13', 'ENSMUST00000189347.6']",[],['ENSMUST00000185516.1'],"['processed_transcript', 'protein_coding']","['ENSMUSG00000026104.14', 'ENSMUSG00000101628.1']","['Stat1', 'Gm28177']","['ENSMUST00000186057.6', 'ENSMUST00000186574.6', 'ENSMUST00000191435.6', 'ENSMUST00000186857.6', 'ENSMUST00000070968.13', 'ENSMUST00000189347.6']","['ENSMUST00000186057.6', 'ENSMUST00000186574.6', 'ENSMUST00000185516.1', 'ENSMUST00000191435.6', 'ENSMUST00000186857.6', 'ENSMUST00000070968.13', 'ENSMUST00000189347.6']","['processed_transcript', 'protein_coding']"
chr1_52142960_52144085_+,8,231,chr1,52142960,52144085,+,GT-AG,GT,AG,annotated on 5',annotated on 3',0,1,"['ENSMUST00000185516.1', 'ENSMUST00000186574.6', 'ENSMUST00000070968.13', 'ENSMUST00000191435.6', 'ENSMUST00000186857.6', 'ENSMUST00000189347.6', 'ENSMUST00000186057.6']","['ENSMUST00000185516.1', 'ENSMUST00000186574.6', 'ENSMUST00000070968.13', 'ENSMUST00000191435.6', 'ENSMUST00000186857.6', 'ENSMUST00000189347.6', 'ENSMUST00000186057.6']","['ENSMUST00000186057.6', 'ENSMUST00000186574.6', 'ENSMUST00000185516.1', 'ENSMUST00000191435.6', 'ENSMUST00000186857.6', 'ENSMUST00000070968.13', 'ENSMUST00000189347.6']",[],[],"['processed_transcript', 'protein_coding']","['ENSMUSG00000026104.14', 'ENSMUSG00000101628.1']","['Stat1', 'Gm28177']","['ENSMUST00000186057.6', 'ENSMUST00000186574.6', 'ENSMUST00000185516.1', 'ENSMUST00000191435.6', 'ENSMUST00000186857.6', 'ENSMUST00000070968.13', 'ENSMUST00000189347.6']","['ENSMUST00000186057.6', 'ENSMUST00000186574.6', 'ENSMUST00000185516.1', 'ENSMUST00000191435.6', 'ENSMUST00000186857.6', 'ENSMUST00000070968.13', 'ENSMUST00000189347.6']","['processed_transcript', 'protein_coding']"
chr1_52151332_52152232_+,9,202,chr1,52151332,52152232,+,GT-AG,GT,AG,annotated on 5',annotated on 3',0,1,"['ENSMUST00000185516.1', 'ENSMUST00000186574.6', 'ENSMUST00000070968.13', 'ENSMUST00000191435.6', 'ENSMUST00000186857.6', 'ENSMUST00000189347.6', 'ENSMUST00000186057.6', 'ENSMUST00000189075.1', 'ENSMUST00000189244.6']","['ENSMUST00000185516.1', 'ENSMUST00000186574.6', 'ENSMUST00000070968.13', 'ENSMUST00000191435.6', 'ENSMUST00000186857.6', 'ENSMUST00000189347.6', 'ENSMUST00000186057.6', 'ENSMUST00000189075.1', 'ENSMUST00000189244.6']","['ENSMUST00000189244.6', 'ENSMUST00000186057.6', 'ENSMUST00000186574.6', 'ENSMUST00000185516.1', 'ENSMUST00000191435.6', 'ENSMUST00000186857.6', 'ENSMUST00000070968.13', 'ENSMUST00000189347.6', 'ENSMUST00000189075.1']",[],['ENSMUST00000189336.1'],"['nonsense_mediated_decay', 'processed_transcript', 'protein_coding', 'retained_intron']","['ENSMUSG00000026104.14', 'ENSMUSG00000101628.1']","['Stat1', 'Gm28177']","['ENSMUST00000189244.6', 'ENSMUST00000186057.6', 'ENSMUST00000186574.6', 'ENSMUST00000185516.1', 'ENSMUST00000191435.6', 'ENSMUST00000186857.6', 'ENSMUST00000070968.13', 'ENSMUST00000189347.6', 'ENSMUST00000189075.1']","['ENSMUST00000189244.6', 'ENSMUST00000186057.6', 'ENSMUST00000186574.6', 'ENSMUST00000189336.1', 'ENSMUST00000185516.1', 'ENSMUST00000191435.6', 'ENSMUST00000186857.6', 'ENSMUST00000070968.13', 'ENSMUST00000189347.6', 'ENSMUST00000189075.1']","['processed_transcript', 'protein_coding']"
chr10_78405695_78408412_-,15,582,chr10,78405695,78408412,-,GT-AG,GT,AG,annotated on 5',annotated on 3',1,0,"['ENSMUST00000219374.1', 'ENSMUST00000062678.10', 'ENSMUST00000217835.1', 'ENSMUST00000219901.1', 'ENSMUST00000219141.1']","['ENSMUST00000219374.1', 'ENSMUST00000062678.10', 'ENSMUST00000217835.1', 'ENSMUST00000219901.1', 'ENSMUST00000219141.1']","['ENSMUST00000217835.1', 'ENSMUST00000062678.10', 'ENSMUST00000219141.1', 'ENSMUST00000219374.1', 'ENSMUST00000219901.1']",['ENSMUST00000183764.1'],['ENSMUST00000218962.1'],"['nonsense_mediated_decay', 'protein_coding', 'miRNA', 'processed_transcript', 'retained_intron']","['ENSMUSG00000098376.1', 'ENSMUSG00000061032.9']","['Mir6907', 'Rrp1']","['ENSMUST00000217835.1', 'ENSMUST00000062678.10', 'ENSMUST00000219141.1', 'ENSMUST00000219374.1', 'ENSMUST00000183764.1', 'ENSMUST00000219901.1']","['ENSMUST00000217835.1', 'ENSMUST00000062678.10', 'ENSMUST00000219141.1', 'ENSMUST00000218962.1', 'ENSMUST00000219374.1', 'ENSMUST00000219901.1']","['miRNA', 'protein_coding']"
chr10_78408474_78409133_-,14,504,chr10,78408474,78409133,-,GT-AG,GT,AG,annotated on 5',annotated on 3',1,0,"['ENSMUST00000219374.1', 'ENSMUST00000062678.10', 'ENSMUST00000217835.1', 'ENSMUST00000219901.1', 'ENSMUST00000219141.1']","['ENSMUST00000219374.1', 'ENSMUST00000062678.10', 'ENSMUST00000217835.1', 'ENSMUST00000219901.1', 'ENSMUST00000219141.1']","['ENSMUST00000217835.1', 'ENSMUST00000062678.10', 'ENSMUST00000219141.1', 'ENSMUST00000219374.1', 'ENSMUST00000219901.1']",[],['ENSMUST00000183764.1'],"['nonsense_mediated_decay', 'protein_coding', 'miRNA', 'processed_transcript', 'retained_intron']","['ENSMUSG00000098376.1', 'ENSMUSG00000061032.9']","['Mir6907', 'Rrp1']","['ENSMUST00000217835.1', 'ENSMUST00000062678.10', 'ENSMUST00000219141.1', 'ENSMUST00000219374.1', 'ENSMUST00000219901.1']","['ENSMUST00000217835.1', 'ENSMUST00000062678.10', 'ENSMUST00000219141.1', 'ENSMUST00000219374.1', 'ENSMUST00000183764.1', 'ENSMUST00000219901.1']","['miRNA', 'protein_coding']"
chr11_69687091_69687251_-,11,216,chr11,69687091,69687251,-,GT-AG,GT,AG,annotated on 5',annotated on 3',1,0,"['ENSMUST00000180587.7', 'ENSMUST00000174159.7', 'ENSMUST00000108649.2', 'ENSMUST00000181810.7']","['ENSMUST00000180587.7', 'ENSMUST00000174159.7', 'ENSMUST00000181810.7']","['ENSMUST00000181810.7', 'ENSMUST00000180587.7', 'ENSMUST00000174159.7']","['ENSMUST00000108649.2', 'ENSMUST00000181261.1']",[],['protein_coding'],"['ENSMUSG00000018752.19', 'ENSMUSG00000097328.7']","['Tnfsfm13', 'Tnfsf12']","['ENSMUST00000108649.2', 'ENSMUST00000180587.7', 'ENSMUST00000181261.1', 'ENSMUST00000174159.7', 'ENSMUST00000181810.7']","['ENSMUST00000181810.7', 'ENSMUST00000180587.7', 'ENSMUST00000174159.7']",['protein_coding']
chr11_69694825_69695393_-,10,231,chr11,69694825,69695393,-,GT-AG,GT,AG,annotated on 5',annotated on 3',1,0,"['ENSMUST00000180587.7', 'ENSMUST00000174159.7', 'ENSMUST00000108649.2', 'ENSMUST00000181810.7', 'ENSMUST00000181261.1']","['ENSMUST00000180587.7', 'ENSMUST00000174159.7', 'ENSMUST00000108649.2', 'ENSMUST00000181810.7', 'ENSMUST00000181261.1']","['ENSMUST00000108649.2', 'ENSMUST00000180587.7', 'ENSMUST00000181261.1', 'ENSMUST00000174159.7', 'ENSMUST00000181810.7']",[],[],['protein_coding'],"['ENSMUSG00000018752.19', 'ENSMUSG00000097328.7']","['Tnfsfm13', 'Tnfsf12']","['ENSMUST00000108649.2', 'ENSMUST00000180587.7', 'ENSMUST00000181261.1', 'ENSMUST00000174159.7', 'ENSMUST00000181810.7']","['ENSMUST00000108649.2', 'ENSMUST00000180587.7', 'ENSMUST00000181261.1', 'ENSMUST00000174159.7', 'ENSMUST00000181810.7']",['protein_coding']
chr11_101253807_101254030_+,11,403,chr11,101253807,101254030,+,GT-AG,GT,AG,annotated on 5',annotated on 3',0,1,"['ENSMUST00000128260.8', 'ENSMUST00000007533.14', 'ENSMUST00000042477.12', 'ENSMUST00000100414.11', 'ENSMUST00000144306.8', 'ENSMUST00000107280.10']","['ENSMUST00000128260.8', 'ENSMUST00000007533.14', 'ENSMUST00000042477.12', 'ENSMUST00000100414.11', 'ENSMUST00000144306.8', 'ENSMUST00000107280.10']","['ENSMUST00000144306.8', 'ENSMUST00000128260.8', 'ENSMUST00000100414.11', 'ENSMUST00000042477.12', 'ENSMUST00000107280.10', 'ENSMUST00000007533.14']",[],[],"['nonsense_mediated_decay', 'protein_coding']","['ENSMUSG00000001240.13', 'ENSMUSG00000078656.11']","['Ramp2', 'Vps25']","['ENSMUST00000144306.8', 'ENSMUST00000128260.8', 'ENSMUST00000100414.11', 'ENSMUST00000042477.12', 'ENSMUST00000107280.10', 'ENSMUST00000007533.14']","['ENSMUST00000144306.8', 'ENSMUST00000128260.8', 'ENSMUST00000100414.11', 'ENSMUST00000042477.12', 'ENSMUST00000107280.10', 'ENSMUST00000007533.14']",['protein_coding']
chr11_101254176_101254942_+,11,434,chr11,101254176,101254942,+,GT-AG,GT,AG,annotated on 5',annotated on 3',0,1,"['ENSMUST00000128260.8', 'ENSMUST00000007533.14', 'ENSMUST00000042477.12', 'ENSMUST00000100414.11', 'ENSMUST00000144306.8', 'ENSMUST00000107280.10', 'ENSMUST00000121331.1', 'ENSMUST00000123529.1']","['ENSMUST00000128260.8', 'ENSMUST00000007533.14', 'ENSMUST00000042477.12', 'ENSMUST00000100414.11', 'ENSMUST00000144306.8', 'ENSMUST00000121331.1', 'ENSMUST00000123529.1']","['ENSMUST00000144306.8', 'ENSMUST00000123529.1', 'ENSMUST00000128260.8', 'ENSMUST00000121331.1', 'ENSMUST00000100414.11', 'ENSMUST00000042477.12', 'ENSMUST00000107280.10', 'ENSMUST00000007533.14']",[],[],"['nonsense_mediated_decay', 'protein_coding', 'retained_intron']","['ENSMUSG00000001240.13', 'ENSMUSG00000078656.11']","['Ramp2', 'Vps25']","['ENSMUST00000144306.8', 'ENSMUST00000123529.1', 'ENSMUST00000128260.8', 'ENSMUST00000121331.1', 'ENSMUST00000100414.11', 'ENSMUST00000042477.12', 'ENSMUST00000107280.10', 'ENSMUST00000007533.14']","['ENSMUST00000144306.8', 'ENSMUST00000123529.1', 'ENSMUST00000128260.8', 'ENSMUST00000121331.1', 'ENSMUST00000100414.11', 'ENSMUST00000042477.12', 'ENSMUST00000107280.10', 'ENSMUST00000007533.14']",['protein_coding']
chr11_101254996_101256008_+,11,314,chr11,101254996,101256008,+,GT-AG,GT,AG,annotated on 5',annotated on 3',0,1,"['ENSMUST00000128260.8', 'ENSMUST00000007533.14', 'ENSMUST00000042477.12', 'ENSMUST00000100414.11', 'ENSMUST00000144306.8', 'ENSMUST00000107280.10', 'ENSMUST00000121331.1', 'ENSMUST00000123529.1']","['ENSMUST00000128260.8', 'ENSMUST00000007533.14', 'ENSMUST00000042477.12', 'ENSMUST00000100414.11', 'ENSMUST00000107280.10', 'ENSMUST00000121331.1']","['ENSMUST00000128260.8', 'ENSMUST00000121331.1', 'ENSMUST00000100414.11', 'ENSMUST00000107280.10', 'ENSMUST00000042477.12', 'ENSMUST00000007533.14']","['ENSMUST00000144306.8', 'ENSMUST00000123529.1']",[],"['nonsense_mediated_decay', 'protein_coding', 'retained_intron']","['ENSMUSG00000001240.13', 'ENSMUSG00000078656.11']","['Ramp2', 'Vps25']","['ENSMUST00000144306.8', 'ENSMUST00000123529.1', 'ENSMUST00000128260.8', 'ENSMUST00000121331.1', 'ENSMUST00000100414.11', 'ENSMUST00000042477.12', 'ENSMUST00000107280.10', 'ENSMUST00000007533.14']","['ENSMUST00000128260.8', 'ENSMUST00000121331.1', 'ENSMUST00000100414.11', 'ENSMUST00000107280.10', 'ENSMUST00000042477.12', 'ENSMUST00000007533.14']",['protein_coding']
chr11_101256097_101256877_+,11,509,chr11,101256097,101256877,+,GT-AG,GT,AG,annotated on 5',annotated on 3',0,1,"['ENSMUST00000128260.8', 'ENSMUST00000007533.14', 'ENSMUST00000042477.12', 'ENSMUST00000100414.11', 'ENSMUST00000107280.10', 'ENSMUST00000121331.1']","['ENSMUST00000128260.8', 'ENSMUST00000007533.14', 'ENSMUST00000042477.12', 'ENSMUST00000100414.11', 'ENSMUST00000144306.8', 'ENSMUST00000107280.10', 'ENSMUST00000121331.1', 'ENSMUST00000123529.1']","['ENSMUST00000128260.8', 'ENSMUST00000121331.1', 'ENSMUST00000100414.11', 'ENSMUST00000107280.10', 'ENSMUST00000042477.12', 'ENSMUST00000007533.14']",[],"['ENSMUST00000144306.8', 'ENSMUST00000123529.1']","['nonsense_mediated_decay', 'protein_coding', 'retained_intron']","['ENSMUSG00000001240.13', 'ENSMUSG00000078656.11']","['Ramp2', 'Vps25']","['ENSMUST00000128260.8', 'ENSMUST00000121331.1', 'ENSMUST00000100414.11', 'ENSMUST00000107280.10', 'ENSMUST00000042477.12', 'ENSMUST00000007533.14']","['ENSMUST00000144306.8', 'ENSMUST00000123529.1', 'ENSMUST00000128260.8', 'ENSMUST00000121331.1', 'ENSMUST00000100414.11', 'ENSMUST00000042477.12', 'ENSMUST00000107280.10', 'ENSMUST00000007533.14']",['protein_coding']
chr11_101256953_101258909_+,11,794,chr11,101256953,101258909,+,GT-AG,GT,AG,annotated on 5',annotated on 3',0,1,"['ENSMUST00000128260.8', 'ENSMUST00000007533.14', 'ENSMUST00000042477.12', 'ENSMUST00000100414.11', 'ENSMUST00000144306.8', 'ENSMUST00000107280.10', 'ENSMUST00000121331.1', 'ENSMUST00000123529.1']","['ENSMUST00000128260.8', 'ENSMUST00000042477.12', 'ENSMUST00000144306.8', 'ENSMUST00000107280.10', 'ENSMUST00000121331.1', 'ENSMUST00000123529.1']","['ENSMUST00000144306.8', 'ENSMUST00000123529.1', 'ENSMUST00000128260.8', 'ENSMUST00000121331.1', 'ENSMUST00000107280.10', 'ENSMUST00000042477.12']","['ENSMUST00000100414.11', 'ENSMUST00000007533.14']",[],"['nonsense_mediated_decay', 'protein_coding', 'retained_intron']","['ENSMUSG00000001240.13', 'ENSMUSG00000078656.11']","['Ramp2', 'Vps25']","['ENSMUST00000144306.8', 'ENSMUST00000123529.1', 'ENSMUST00000128260.8', 'ENSMUST00000121331.1', 'ENSMUST00000100414.11', 'ENSMUST00000042477.12', 'ENSMUST00000107280.10', 'ENSMUST00000007533.14']","['ENSMUST00000144306.8', 'ENSMUST00000123529.1', 'ENSMUST00000128260.8', 'ENSMUST00000121331.1', 'ENSMUST00000107280.10', 'ENSMUST00000042477.12']",['protein_coding']
chr11_102404919_102405011_-,20,2804,chr11,102404919,102405011,-,GT-AG,GT,AG,annotated on 5',annotated on 3',1,0,"['ENSMUST00000107098.7', 'ENSMUST00000018821.8', 'ENSMUST00000153395.7', 'ENSMUST00000141535.7', 'ENSMUST00000155104.7', 'ENSMUST00000123688.7', 'ENSMUST00000149777.7', 'ENSMUST00000130436.7', 'ENSMUST00000154001.7', 'ENSMUST00000124755.1']","['ENSMUST00000107098.7', 'ENSMUST00000018821.8', 'ENSMUST00000153395.7', 'ENSMUST00000134669.7', 'ENSMUST00000141535.7', 'ENSMUST00000155104.7', 'ENSMUST00000142097.7', 'ENSMUST00000123688.7', 'ENSMUST00000149777.7', 'ENSMUST00000130436.7', 'ENSMUST00000154001.7', 'ENSMUST00000124755.1']","['ENSMUST00000141535.7', 'ENSMUST00000018821.8', 'ENSMUST00000155104.7', 'ENSMUST00000130436.7', 'ENSMUST00000107098.7', 'ENSMUST00000183859.1', 'ENSMUST00000154001.7', 'ENSMUST00000153395.7', 'ENSMUST00000123688.7', 'ENSMUST00000124755.1', 'ENSMUST00000149777.7']",['ENSMUST00000147160.7'],"['ENSMUST00000142097.7', 'ENSMUST00000134669.7']","['nonsense_mediated_decay', 'protein_coding', 'miRNA', 'processed_transcript', 'retained_intron']","['ENSMUSG00000098774.1', 'ENSMUSG00000018677.9']","['Mir6930', 'Slc25a39']","['ENSMUST00000141535.7', 'ENSMUST00000018821.8', 'ENSMUST00000155104.7', 'ENSMUST00000147160.7', 'ENSMUST00000130436.7', 'ENSMUST00000107098.7', 'ENSMUST00000183859.1', 'ENSMUST00000154001.7', 'ENSMUST00000153395.7', 'ENSMUST00000123688.7', 'ENSMUST00000124755.1', 'ENSMUST00000149777.7']","['ENSMUST00000141535.7', 'ENSMUST00000018821.8', 'ENSMUST00000155104.7', 'ENSMUST00000130436.7', 'ENSMUST00000107098.7', 'ENSMUST00000142097.7', 'ENSMUST00000183859.1', 'ENSMUST00000134669.7', 'ENSMUST00000154001.7', 'ENSMUST00000153395.7', 'ENSMUST00000123688.7', 'ENSMUST00000124755.1', 'ENSMUST00000149777.7']","['miRNA', 'protein_coding']"
chr11_102405079_102405692_-,20,2491,chr11,102405079,102405692,-,GT-AG,GT,AG,annotated on 5',annotated on 3',1,0,"['ENSMUST00000107098.7', 'ENSMUST00000018821.8', 'ENSMUST00000153395.7', 'ENSMUST00000134669.7', 'ENSMUST00000141535.7', 'ENSMUST00000155104.7', 'ENSMUST00000142097.7', 'ENSMUST00000149777.7', 'ENSMUST00000130436.7', 'ENSMUST00000154001.7', 'ENSMUST00000124755.1', 'ENSMUST00000147160.7']","['ENSMUST00000107098.7', 'ENSMUST00000018821.8', 'ENSMUST00000153395.7', 'ENSMUST00000141535.7', 'ENSMUST00000155104.7', 'ENSMUST00000123688.7', 'ENSMUST00000149777.7', 'ENSMUST00000130436.7', 'ENSMUST00000154001.7', 'ENSMUST00000124755.1', 'ENSMUST00000147160.7']","['ENSMUST00000141535.7', 'ENSMUST00000018821.8', 'ENSMUST00000155104.7', 'ENSMUST00000147160.7', 'ENSMUST00000130436.7', 'ENSMUST00000107098.7', 'ENSMUST00000154001.7', 'ENSMUST00000153395.7', 'ENSMUST00000124755.1', 'ENSMUST00000149777.7']","['ENSMUST00000142097.7', 'ENSMUST00000147860.1', 'ENSMUST00000134669.7']","['ENSMUST00000123688.7', 'ENSMUST00000183859.1']","['nonsense_mediated_decay', 'protein_coding', 'miRNA', 'processed_transcript', 'retained_intron']","['ENSMUSG00000098774.1', 'ENSMUSG00000018677.9']","['Mir6930', 'Slc25a39']","['ENSMUST00000141535.7', 'ENSMUST00000018821.8', 'ENSMUST00000155104.7', 'ENSMUST00000147160.7', 'ENSMUST00000130436.7', 'ENSMUST00000107098.7', 'ENSMUST00000142097.7', 'ENSMUST00000147860.1', 'ENSMUST00000134669.7', 'ENSMUST00000154001.7', 'ENSMUST00000153395.7', 'ENSMUST00000124755.1', 'ENSMUST00000149777.7']","['ENSMUST00000141535.7', 'ENSMUST00000018821.8', 'ENSMUST00000155104.7', 'ENSMUST00000147160.7', 'ENSMUST00000130436.7', 'ENSMUST00000107098.7', 'ENSMUST00000183859.1', 'ENSMUST00000154001.7', 'ENSMUST00000153395.7', 'ENSMUST00000123688.7', 'ENSMUST00000124755.1', 'ENSMUST00000149777.7']","['miRNA', 'protein_coding']"
chr11_116677681_116678465_-,7,375,chr11,116677681,116678465,-,GT-AG,GT,AG,annotated on 5',annotated on 3',1,0,"['ENSMUST00000079545.5', 'ENSMUST00000135771.1', 'ENSMUST00000144398.1']","['ENSMUST00000079545.5', 'ENSMUST00000135771.1', 'ENSMUST00000144398.1']","['ENSMUST00000079545.5', 'ENSMUST00000144398.1', 'ENSMUST00000135771.1']",[],[],"['processed_transcript', 'protein_coding']","['ENSMUSG00000057286.6', 'ENSMUSG00000110170.1']","['St6galnac2', 'St6galnac2']","['ENSMUST00000079545.5', 'ENSMUST00000144398.1', 'ENSMUST00000135771.1']","['ENSMUST00000079545.5', 'ENSMUST00000144398.1', 'ENSMUST00000135771.1']",['protein_coding']
chr11_116678565_116679906_-,8,460,chr11,116678565,116679906,-,GT-AG,GT,AG,annotated on 5',annotated on 3',1,0,"['ENSMUST00000079545.5', 'ENSMUST00000144398.1']","['ENSMUST00000079545.5', 'ENSMUST00000144398.1']","['ENSMUST00000079545.5', 'ENSMUST00000144398.1']",[],[],['protein_coding'],"['ENSMUSG00000057286.6', 'ENSMUSG00000110170.1']","['St6galnac2', 'St6galnac2']","['ENSMUST00000079545.5', 'ENSMUST00000144398.1']","['ENSMUST00000079545.5', 'ENSMUST00000144398.1']",['protein_coding']
chr13_17989782_17991627_-,11,622,chr13,17989782,17991627,-,GT-AG,GT,AG,annotated on 5',annotated on 3',1,0,"['ENSMUST00000223489.1', 'ENSMUST00000099735.5', 'ENSMUST00000222796.1']","['ENSMUST00000223489.1', 'ENSMUST00000099735.5', 'ENSMUST00000222796.1']","['ENSMUST00000099735.5', 'ENSMUST00000222796.1', 'ENSMUST00000223489.1']",[],[],"['processed_transcript', 'protein_coding']","['ENSMUSG00000075054.5', 'ENSMUSG00000113030.1']","['Yae1d1', 'Gm48778']","['ENSMUST00000099735.5', 'ENSMUST00000222796.1', 'ENSMUST00000223489.1']","['ENSMUST00000099735.5', 'ENSMUST00000222796.1', 'ENSMUST00000223489.1']","['processed_transcript', 'protein_coding']"
chr13_17991749_17993180_-,10,243,chr13,17991749,17993180,-,GT-AG,GT,AG,annotated on 5',annotated on 3',1,0,"['ENSMUST00000099735.5', 'ENSMUST00000222308.1']","['ENSMUST00000223489.1', 'ENSMUST00000099735.5', 'ENSMUST00000222796.1', 'ENSMUST00000222308.1']","['ENSMUST00000099735.5', 'ENSMUST00000222308.1']",[],"['ENSMUST00000222796.1', 'ENSMUST00000223489.1']","['processed_transcript', 'protein_coding', 'retained_intron']","['ENSMUSG00000075054.5', 'ENSMUSG00000113030.1']","['Yae1d1', 'Gm48778']","['ENSMUST00000099735.5', 'ENSMUST00000222308.1']","['ENSMUST00000099735.5', 'ENSMUST00000222796.1', 'ENSMUST00000222308.1', 'ENSMUST00000223489.1']","['processed_transcript', 'protein_coding']"
chr13_59757003_59758889_-,14,620,chr13,59757003,59758889,-,GT-AG,GT,AG,annotated on 5',annotated on 3',1,0,"['ENSMUST00000057115.6', 'ENSMUST00000225877.1']","['ENSMUST00000057115.6', 'ENSMUST00000225850.1', 'ENSMUST00000225877.1']","['ENSMUST00000225877.1', 'ENSMUST00000057115.6']",['ENSMUST00000225581.1'],['ENSMUST00000225850.1'],"['nonsense_mediated_decay', 'processed_transcript', 'protein_coding']","['ENSMUSG00000114763.1', 'ENSMUSG00000044792.7']","['Gm49354', 'Isca1']","['ENSMUST00000225877.1', 'ENSMUST00000057115.6', 'ENSMUST00000225581.1']","['ENSMUST00000225850.1', 'ENSMUST00000057115.6', 'ENSMUST00000225877.1']",['protein_coding']
chr17_26935635_26935749_+,7,393,chr17,26935635,26935749,+,GT-AG,GT,AG,annotated on 5',annotated on 3',0,1,['ENSMUST00000073724.5'],['ENSMUST00000073724.5'],['ENSMUST00000073724.5'],['ENSMUST00000184739.1'],[],"['miRNA', 'protein_coding']","['ENSMUSG00000098510.1', 'ENSMUSG00000024193.7']","['Mir6968', 'Phf1']","['ENSMUST00000184739.1', 'ENSMUST00000073724.5']",['ENSMUST00000073724.5'],"['miRNA', 'protein_coding']"
chr17_34029706_34029845_-,18,1106,chr17,34029706,34029845,-,GT-AG,GT,AG,annotated on 5',annotated on 3',1,0,"['ENSMUST00000168978.1', 'ENSMUST00000169397.7', 'ENSMUST00000025186.14', 'ENSMUST00000170491.7', 'ENSMUST00000167145.1']","['ENSMUST00000168978.1', 'ENSMUST00000169397.7', 'ENSMUST00000025186.14', 'ENSMUST00000170491.7']","['ENSMUST00000170491.7', 'ENSMUST00000169397.7', 'ENSMUST00000168978.1', 'ENSMUST00000025186.14']",['ENSMUST00000167145.1'],[],"['protein_coding', 'retained_intron']","['ENSMUSG00000092595.1', 'ENSMUSG00000024327.15']","['Gm20427', 'Slc39a7']","['ENSMUST00000025186.14', 'ENSMUST00000168978.1', 'ENSMUST00000169397.7', 'ENSMUST00000170491.7', 'ENSMUST00000167145.1']","['ENSMUST00000170491.7', 'ENSMUST00000169397.7', 'ENSMUST00000168978.1', 'ENSMUST00000025186.14']","['processed_transcript', 'protein_coding']"
chr18_80207343_80210061_+,12,651,chr18,80207343,80210061,+,GT-AG,GT,AG,annotated on 5',annotated on 3',0,1,"['ENSMUST00000156400.7', 'ENSMUST00000145963.7', 'ENSMUST00000125127.7', 'ENSMUST00000145116.7', 'ENSMUST00000025464.7', 'ENSMUST00000025463.13', 'ENSMUST00000126360.1', 'ENSMUST00000127234.7', 'ENSMUST00000153363.1']","['ENSMUST00000156400.7', 'ENSMUST00000125127.7', 'ENSMUST00000145116.7', 'ENSMUST00000025463.13', 'ENSMUST00000127234.7', 'ENSMUST00000153363.1']","['ENSMUST00000153363.1', 'ENSMUST00000125127.7', 'ENSMUST00000156400.7', 'ENSMUST00000145116.7', 'ENSMUST00000127234.7', 'ENSMUST00000025463.13']","['ENSMUST00000145963.7', 'ENSMUST00000126360.1', 'ENSMUST00000025464.7']",[],"['processed_transcript', 'protein_coding', 'retained_intron']","['ENSMUSG00000024571.14', 'ENSMUSG00000057130.11']","['Gm16286', 'Txnl4a']","['ENSMUST00000153363.1', 'ENSMUST00000125127.7', 'ENSMUST00000145963.7', 'ENSMUST00000156400.7', 'ENSMUST00000145116.7', 'ENSMUST00000025464.7', 'ENSMUST00000127234.7', 'ENSMUST00000025463.13', 'ENSMUST00000126360.1']","['ENSMUST00000153363.1', 'ENSMUST00000125127.7', 'ENSMUST00000156400.7', 'ENSMUST00000145116.7', 'ENSMUST00000127234.7', 'ENSMUST00000025463.13']",['protein_coding']
chr19_4623563_4623825_-,7,432,chr19,4623563,4623825,-,GT-AG,GT,AG,annotated on 5',annotated on 3',1,0,"['ENSMUST00000224707.1', 'ENSMUST00000225476.1', 'ENSMUST00000025823.4', 'ENSMUST00000224675.1', 'ENSMUST00000225264.1', 'ENSMUST00000225375.1']","['ENSMUST00000224707.1', 'ENSMUST00000225476.1', 'ENSMUST00000025823.4', 'ENSMUST00000225264.1', 'ENSMUST00000225375.1']","['ENSMUST00000224675.1', 'ENSMUST00000224707.1', 'ENSMUST00000225264.1', 'ENSMUST00000225375.1', 'ENSMUST00000225476.1', 'ENSMUST00000025823.4']","['ENSMUST00000225285.1', 'ENSMUST00000184483.1']",[],"['nonsense_mediated_decay', 'miRNA', 'protein_coding', 'retained_intron']","['ENSMUSG00000024889.4', 'ENSMUSG00000098346.1']","['Rce1', 'Mir6986']","['ENSMUST00000225285.1', 'ENSMUST00000224675.1', 'ENSMUST00000184483.1', 'ENSMUST00000224707.1', 'ENSMUST00000225264.1', 'ENSMUST00000225375.1', 'ENSMUST00000225476.1', 'ENSMUST00000025823.4']","['ENSMUST00000224675.1', 'ENSMUST00000224707.1', 'ENSMUST00000225264.1', 'ENSMUST00000225375.1', 'ENSMUST00000225476.1', 'ENSMUST00000025823.4']","['miRNA', 'protein_coding']"
chr19_4623897_4624013_-,7,545,chr19,4623897,4624013,-,GT-AG,GT,AG,annotated on 5',annotated on 3',1,0,"['ENSMUST00000224707.1', 'ENSMUST00000225476.1', 'ENSMUST00000025823.4', 'ENSMUST00000224675.1', 'ENSMUST00000225264.1', 'ENSMUST00000225375.1', 'ENSMUST00000225285.1']","['ENSMUST00000224707.1', 'ENSMUST00000225476.1', 'ENSMUST00000025823.4', 'ENSMUST00000224675.1', 'ENSMUST00000225264.1', 'ENSMUST00000225375.1', 'ENSMUST00000225285.1']","['ENSMUST00000225285.1', 'ENSMUST00000224675.1', 'ENSMUST00000224707.1', 'ENSMUST00000225264.1', 'ENSMUST00000225375.1', 'ENSMUST00000225476.1', 'ENSMUST00000025823.4']",[],['ENSMUST00000184483.1'],"['nonsense_mediated_decay', 'miRNA', 'protein_coding', 'retained_intron']","['ENSMUSG00000024889.4', 'ENSMUSG00000098346.1']","['Rce1', 'Mir6986']","['ENSMUST00000225285.1', 'ENSMUST00000224675.1', 'ENSMUST00000224707.1', 'ENSMUST00000225264.1', 'ENSMUST00000225375.1', 'ENSMUST00000225476.1', 'ENSMUST00000025823.4']","['ENSMUST00000225285.1', 'ENSMUST00000224675.1', 'ENSMUST00000184483.1', 'ENSMUST00000224707.1', 'ENSMUST00000225264.1', 'ENSMUST00000225375.1', 'ENSMUST00000225476.1', 'ENSMUST00000025823.4']","['miRNA', 'protein_coding']"
chr19_8735905_8735986_+,10,283,chr19,8735905,8735986,+,GT-AG,GT,AG,annotated on 5',annotated on 3',0,1,"['ENSMUST00000210512.1', 'ENSMUST00000049424.10', 'ENSMUST00000210592.1']","['ENSMUST00000210512.1', 'ENSMUST00000049424.10', 'ENSMUST00000210592.1']","['ENSMUST00000049424.10', 'ENSMUST00000210512.1', 'ENSMUST00000210592.1']",[],[],['protein_coding'],"['ENSMUSG00000110423.1', 'ENSMUSG00000042729.10']","['Gm45736', 'Wdr74']","['ENSMUST00000049424.10', 'ENSMUST00000210512.1', 'ENSMUST00000210592.1']","['ENSMUST00000049424.10', 'ENSMUST00000210512.1', 'ENSMUST00000210592.1']",['protein_coding']
chr19_8736093_8736175_+,10,230,chr19,8736093,8736175,+,GT-AG,GT,AG,annotated on 5',annotated on 3',0,1,"['ENSMUST00000210512.1', 'ENSMUST00000049424.10', 'ENSMUST00000210592.1']","['ENSMUST00000210512.1', 'ENSMUST00000049424.10', 'ENSMUST00000210592.1']","['ENSMUST00000049424.10', 'ENSMUST00000210512.1', 'ENSMUST00000210592.1']",[],[],['protein_coding'],"['ENSMUSG00000110423.1', 'ENSMUSG00000042729.10']","['Gm45736', 'Wdr74']","['ENSMUST00000049424.10', 'ENSMUST00000210512.1', 'ENSMUST00000210592.1']","['ENSMUST00000049424.10', 'ENSMUST00000210512.1', 'ENSMUST00000210592.1']",['protein_coding']
chr19_8736297_8737653_+,9,298,chr19,8736297,8737653,+,GT-AG,GT,AG,annotated on 5',annotated on 3',0,1,"['ENSMUST00000210512.1', 'ENSMUST00000049424.10', 'ENSMUST00000210592.1']","['ENSMUST00000210512.1', 'ENSMUST00000049424.10', 'ENSMUST00000210592.1']","['ENSMUST00000049424.10', 'ENSMUST00000210512.1', 'ENSMUST00000210592.1']",[],[],['protein_coding'],"['ENSMUSG00000110423.1', 'ENSMUSG00000042729.10']","['Gm45736', 'Wdr74']","['ENSMUST00000049424.10', 'ENSMUST00000210512.1', 'ENSMUST00000210592.1']","['ENSMUST00000049424.10', 'ENSMUST00000210512.1', 'ENSMUST00000210592.1']",['protein_coding']
chr19_8737729_8737847_+,10,298,chr19,8737729,8737847,+,GT-AG,GT,AG,annotated on 5',annotated on 3',0,1,"['ENSMUST00000210512.1', 'ENSMUST00000049424.10', 'ENSMUST00000210592.1']","['ENSMUST00000210512.1', 'ENSMUST00000049424.10', 'ENSMUST00000210592.1']","['ENSMUST00000049424.10', 'ENSMUST00000210512.1', 'ENSMUST00000210592.1']",[],[],['protein_coding'],"['ENSMUSG00000110423.1', 'ENSMUSG00000042729.10']","['Gm45736', 'Wdr74']","['ENSMUST00000049424.10', 'ENSMUST00000210512.1', 'ENSMUST00000210592.1']","['ENSMUST00000049424.10', 'ENSMUST00000210512.1', 'ENSMUST00000210592.1']",['protein_coding']
chr19_8737994_8738152_+,10,279,chr19,8737994,8738152,+,GT-AG,GT,AG,annotated on 5',annotated on 3',0,1,"['ENSMUST00000049424.10', 'ENSMUST00000210592.1']","['ENSMUST00000210512.1', 'ENSMUST00000049424.10', 'ENSMUST00000210592.1']","['ENSMUST00000049424.10', 'ENSMUST00000210592.1']",[],['ENSMUST00000210512.1'],['protein_coding'],"['ENSMUSG00000110423.1', 'ENSMUSG00000042729.10']","['Gm45736', 'Wdr74']","['ENSMUST00000049424.10', 'ENSMUST00000210592.1']","['ENSMUST00000049424.10', 'ENSMUST00000210512.1', 'ENSMUST00000210592.1']",['protein_coding']
chr19_8738254_8739265_+,9,401,chr19,8738254,8739265,+,GT-AG,GT,AG,annotated on 5',annotated on 3',0,1,"['ENSMUST00000210512.1', 'ENSMUST00000049424.10', 'ENSMUST00000210592.1']","['ENSMUST00000210512.1', 'ENSMUST00000049424.10', 'ENSMUST00000210592.1']","['ENSMUST00000049424.10', 'ENSMUST00000210512.1', 'ENSMUST00000210592.1']",[],[],['protein_coding'],"['ENSMUSG00000110423.1', 'ENSMUSG00000042729.10']","['Gm45736', 'Wdr74']","['ENSMUST00000049424.10', 'ENSMUST00000210512.1', 'ENSMUST00000210592.1']","['ENSMUST00000049424.10', 'ENSMUST00000210512.1', 'ENSMUST00000210592.1']",['protein_coding']
chr19_8739366_8739446_+,9,323,chr19,8739366,8739446,+,GT-AG,GT,AG,annotated on 5',annotated on 3',0,1,"['ENSMUST00000210512.1', 'ENSMUST00000049424.10', 'ENSMUST00000210592.1']","['ENSMUST00000210512.1', 'ENSMUST00000049424.10', 'ENSMUST00000210592.1']","['ENSMUST00000049424.10', 'ENSMUST00000210512.1', 'ENSMUST00000210592.1']",[],[],['protein_coding'],"['ENSMUSG00000110423.1', 'ENSMUSG00000042729.10']","['Gm45736', 'Wdr74']","['ENSMUST00000049424.10', 'ENSMUST00000210512.1', 'ENSMUST00000210592.1']","['ENSMUST00000049424.10', 'ENSMUST00000210512.1', 'ENSMUST00000210592.1']",['protein_coding']
chr19_8739502_8739818_+,10,334,chr19,8739502,8739818,+,GT-AG,GT,AG,annotated on 5',annotated on 3',0,1,"['ENSMUST00000210512.1', 'ENSMUST00000049424.10', 'ENSMUST00000210592.1']","['ENSMUST00000210512.1', 'ENSMUST00000049424.10', 'ENSMUST00000210592.1']","['ENSMUST00000049424.10', 'ENSMUST00000210512.1', 'ENSMUST00000210592.1']",[],[],['protein_coding'],"['ENSMUSG00000110423.1', 'ENSMUSG00000042729.10']","['Gm45736', 'Wdr74']","['ENSMUST00000049424.10', 'ENSMUST00000210512.1', 'ENSMUST00000210592.1']","['ENSMUST00000049424.10', 'ENSMUST00000210512.1', 'ENSMUST00000210592.1']",['protein_coding']
chr19_8743135_8743352_+,12,424,chr19,8743135,8743352,+,GT-AG,GT,AG,annotated on 5',annotated on 3',0,1,"['ENSMUST00000177322.7', 'ENSMUST00000176381.7', 'ENSMUST00000177373.7', 'ENSMUST00000175872.7', 'ENSMUST00000010254.15', 'ENSMUST00000073430.13', 'ENSMUST00000175901.7', 'ENSMUST00000176013.7', 'ENSMUST00000176009.1']","['ENSMUST00000177322.7', 'ENSMUST00000176381.7', 'ENSMUST00000177373.7', 'ENSMUST00000175872.7', 'ENSMUST00000010254.15', 'ENSMUST00000073430.13', 'ENSMUST00000175901.7', 'ENSMUST00000176013.7', 'ENSMUST00000176009.1']","['ENSMUST00000177373.7', 'ENSMUST00000176009.1', 'ENSMUST00000177322.7', 'ENSMUST00000176013.7', 'ENSMUST00000010254.15', 'ENSMUST00000175872.7', 'ENSMUST00000176381.7', 'ENSMUST00000073430.13', 'ENSMUST00000175901.7']",['ENSMUST00000183342.1'],[],"['nonsense_mediated_decay', 'miRNA', 'protein_coding', 'retained_intron']","['ENSMUSG00000098844.1', 'ENSMUSG00000010110.17']","['Mir6992', 'Stx5a']","['ENSMUST00000177373.7', 'ENSMUST00000183342.1', 'ENSMUST00000176009.1', 'ENSMUST00000177322.7', 'ENSMUST00000176013.7', 'ENSMUST00000010254.15', 'ENSMUST00000175872.7', 'ENSMUST00000176381.7', 'ENSMUST00000073430.13', 'ENSMUST00000175901.7']","['ENSMUST00000177373.7', 'ENSMUST00000176009.1', 'ENSMUST00000177322.7', 'ENSMUST00000176013.7', 'ENSMUST00000010254.15', 'ENSMUST00000175872.7', 'ENSMUST00000176381.7', 'ENSMUST00000073430.13', 'ENSMUST00000175901.7']","['miRNA', 'protein_coding']"
chr19_8888964_8889123_+,10,344,chr19,8888964,8889123,+,GT-AG,GT,AG,annotated on 5',annotated on 3',0,1,"['ENSMUST00000096251.9', 'ENSMUST00000185488.6', 'ENSMUST00000191089.1', 'ENSMUST00000187037.6']","['ENSMUST00000187504.6', 'ENSMUST00000096251.9', 'ENSMUST00000185488.6', 'ENSMUST00000191089.1', 'ENSMUST00000187037.6']","['ENSMUST00000096251.9', 'ENSMUST00000185488.6', 'ENSMUST00000191089.1', 'ENSMUST00000187037.6']",[],['ENSMUST00000187504.6'],"['nonsense_mediated_decay', 'protein_coding', 'retained_intron']","['ENSMUSG00000116347.1', 'ENSMUSG00000071653.9', 'ENSMUSG00000096740.8']","['Gm49416', '1810009A15Rik', 'Lbhd1']","['ENSMUST00000096251.9', 'ENSMUST00000185488.6', 'ENSMUST00000191089.1', 'ENSMUST00000187037.6']","['ENSMUST00000187037.6', 'ENSMUST00000096251.9', 'ENSMUST00000187504.6', 'ENSMUST00000191089.1', 'ENSMUST00000185488.6']",['protein_coding']
chr19_8889248_8890002_+,10,352,chr19,8889248,8890002,+,GT-AG,GT,AG,annotated on 5',annotated on 3',0,1,"['ENSMUST00000187504.6', 'ENSMUST00000096251.9', 'ENSMUST00000186647.6', 'ENSMUST00000185488.6', 'ENSMUST00000191089.1', 'ENSMUST00000190843.1']","['ENSMUST00000187504.6', 'ENSMUST00000096251.9', 'ENSMUST00000186647.6', 'ENSMUST00000185488.6', 'ENSMUST00000191089.1', 'ENSMUST00000187037.6', 'ENSMUST00000190843.1', 'ENSMUST00000190530.1']","['ENSMUST00000096251.9', 'ENSMUST00000187504.6', 'ENSMUST00000191089.1', 'ENSMUST00000190530.1', 'ENSMUST00000190843.1', 'ENSMUST00000185488.6', 'ENSMUST00000186647.6']",[],['ENSMUST00000187037.6'],"['nonsense_mediated_decay', 'processed_transcript', 'protein_coding', 'retained_intron']","['ENSMUSG00000116347.1', 'ENSMUSG00000071653.9', 'ENSMUSG00000096740.8']","['Gm49416', '1810009A15Rik', 'Lbhd1']","['ENSMUST00000096251.9', 'ENSMUST00000187504.6', 'ENSMUST00000191089.1', 'ENSMUST00000190530.1', 'ENSMUST00000190843.1', 'ENSMUST00000185488.6', 'ENSMUST00000186647.6']","['ENSMUST00000187037.6', 'ENSMUST00000096251.9', 'ENSMUST00000187504.6', 'ENSMUST00000191089.1', 'ENSMUST00000190530.1', 'ENSMUST00000190843.1', 'ENSMUST00000185488.6', 'ENSMUST00000186647.6']",['protein_coding']
chr19_8890100_8890410_+,10,325,chr19,8890100,8890410,+,GT-AG,GT,AG,annotated on 5',annotated on 3',0,1,"['ENSMUST00000187504.6', 'ENSMUST00000096251.9', 'ENSMUST00000186647.6', 'ENSMUST00000185488.6', 'ENSMUST00000191089.1', 'ENSMUST00000187037.6', 'ENSMUST00000190843.1', 'ENSMUST00000190530.1']","['ENSMUST00000187504.6', 'ENSMUST00000096251.9', 'ENSMUST00000186647.6', 'ENSMUST00000185488.6', 'ENSMUST00000187037.6', 'ENSMUST00000190843.1', 'ENSMUST00000190530.1']","['ENSMUST00000187037.6', 'ENSMUST00000096251.9', 'ENSMUST00000187504.6', 'ENSMUST00000190530.1', 'ENSMUST00000190843.1', 'ENSMUST00000185488.6', 'ENSMUST00000186647.6']",['ENSMUST00000191089.1'],[],"['nonsense_mediated_decay', 'processed_transcript', 'protein_coding', 'retained_intron']","['ENSMUSG00000116347.1', 'ENSMUSG00000071653.9', 'ENSMUSG00000096740.8']","['Gm49416', '1810009A15Rik', 'Lbhd1']","['ENSMUST00000187037.6', 'ENSMUST00000096251.9', 'ENSMUST00000187504.6', 'ENSMUST00000191089.1', 'ENSMUST00000190530.1', 'ENSMUST00000190843.1', 'ENSMUST00000185488.6', 'ENSMUST00000186647.6']","['ENSMUST00000187037.6', 'ENSMUST00000096251.9', 'ENSMUST00000187504.6', 'ENSMUST00000190530.1', 'ENSMUST00000190843.1', 'ENSMUST00000185488.6', 'ENSMUST00000186647.6']",['protein_coding']
chr2_84675858_84676096_-,8,357,chr2,84675858,84676096,-,GT-AG,GT,AG,annotated on 5',annotated on 3',1,0,"['ENSMUST00000189772.1', 'ENSMUST00000111664.7', 'ENSMUST00000111665.7', 'ENSMUST00000053664.8', 'ENSMUST00000123772.7', 'ENSMUST00000138529.1']","['ENSMUST00000111665.7', 'ENSMUST00000053664.8']","['ENSMUST00000111665.7', 'ENSMUST00000053664.8']","['ENSMUST00000123772.7', 'ENSMUST00000138529.1', 'ENSMUST00000152149.1', 'ENSMUST00000111664.7', 'ENSMUST00000189772.1']",[],"['processed_transcript', 'protein_coding']","['ENSMUSG00000101645.1', 'ENSMUSG00000050043.16']","['Gm28635', 'Tmx2']","['ENSMUST00000111665.7', 'ENSMUST00000123772.7', 'ENSMUST00000138529.1', 'ENSMUST00000053664.8', 'ENSMUST00000152149.1', 'ENSMUST00000111664.7', 'ENSMUST00000189772.1']","['ENSMUST00000111665.7', 'ENSMUST00000053664.8']",['protein_coding']
chr2_84676157_84677850_-,6,297,chr2,84676157,84677850,-,GT-AG,GT,AG,annotated on 5',annotated on 3',1,0,"['ENSMUST00000189772.1', 'ENSMUST00000111664.7', 'ENSMUST00000111665.7', 'ENSMUST00000053664.8', 'ENSMUST00000123772.7', 'ENSMUST00000138529.1', 'ENSMUST00000152149.1']","['ENSMUST00000189772.1', 'ENSMUST00000111664.7', 'ENSMUST00000111665.7', 'ENSMUST00000053664.8', 'ENSMUST00000123772.7', 'ENSMUST00000138529.1', 'ENSMUST00000152149.1']","['ENSMUST00000111665.7', 'ENSMUST00000123772.7', 'ENSMUST00000138529.1', 'ENSMUST00000053664.8', 'ENSMUST00000152149.1', 'ENSMUST00000111664.7', 'ENSMUST00000189772.1']",[],[],"['processed_transcript', 'protein_coding']","['ENSMUSG00000101645.1', 'ENSMUSG00000050043.16']","['Gm28635', 'Tmx2']","['ENSMUST00000111665.7', 'ENSMUST00000123772.7', 'ENSMUST00000138529.1', 'ENSMUST00000053664.8', 'ENSMUST00000152149.1', 'ENSMUST00000111664.7', 'ENSMUST00000189772.1']","['ENSMUST00000111665.7', 'ENSMUST00000123772.7', 'ENSMUST00000138529.1', 'ENSMUST00000053664.8', 'ENSMUST00000152149.1', 'ENSMUST00000111664.7', 'ENSMUST00000189772.1']",['protein_coding']
chr2_164461120_164461292_+,15,526,chr2,164461120,164461292,+,GT-AG,GT,AG,annotated on 5',annotated on 3',0,1,"['ENSMUST00000109352.7', 'ENSMUST00000155250.1', 'ENSMUST00000164863.1', 'ENSMUST00000072452.10', 'ENSMUST00000138268.7', 'ENSMUST00000142892.7']","['ENSMUST00000109352.7', 'ENSMUST00000155250.1', 'ENSMUST00000164863.1', 'ENSMUST00000072452.10', 'ENSMUST00000138268.7', 'ENSMUST00000142892.7']","['ENSMUST00000109352.7', 'ENSMUST00000164863.1', 'ENSMUST00000142892.7', 'ENSMUST00000138268.7', 'ENSMUST00000072452.10', 'ENSMUST00000155250.1']",[],['ENSMUST00000125086.1'],"['nonsense_mediated_decay', 'processed_transcript', 'protein_coding']","['ENSMUSG00000090996.1', 'ENSMUSG00000045503.16']","['Gm20458', 'Sys1']","['ENSMUST00000109352.7', 'ENSMUST00000164863.1', 'ENSMUST00000142892.7', 'ENSMUST00000138268.7', 'ENSMUST00000072452.10', 'ENSMUST00000155250.1']","['ENSMUST00000109352.7', 'ENSMUST00000164863.1', 'ENSMUST00000125086.1', 'ENSMUST00000142892.7', 'ENSMUST00000138268.7', 'ENSMUST00000072452.10', 'ENSMUST00000155250.1']",['protein_coding']
chr2_164461529_164463300_+,16,825,chr2,164461529,164463300,+,GT-AG,GT,AG,annotated on 5',annotated on 3',0,1,"['ENSMUST00000109352.7', 'ENSMUST00000164863.1', 'ENSMUST00000072452.10', 'ENSMUST00000138268.7', 'ENSMUST00000142892.7', 'ENSMUST00000125086.1']","['ENSMUST00000109352.7', 'ENSMUST00000164863.1', 'ENSMUST00000072452.10', 'ENSMUST00000138268.7', 'ENSMUST00000142892.7', 'ENSMUST00000125086.1']","['ENSMUST00000109352.7', 'ENSMUST00000164863.1', 'ENSMUST00000125086.1', 'ENSMUST00000142892.7', 'ENSMUST00000138268.7', 'ENSMUST00000072452.10']",[],[],"['nonsense_mediated_decay', 'protein_coding']","['ENSMUSG00000090996.1', 'ENSMUSG00000045503.16']","['Gm20458', 'Sys1']","['ENSMUST00000109352.7', 'ENSMUST00000164863.1', 'ENSMUST00000125086.1', 'ENSMUST00000142892.7', 'ENSMUST00000138268.7', 'ENSMUST00000072452.10']","['ENSMUST00000109352.7', 'ENSMUST00000164863.1', 'ENSMUST00000125086.1', 'ENSMUST00000142892.7', 'ENSMUST00000138268.7', 'ENSMUST00000072452.10']",['protein_coding']
chr2_164463368_164464357_+,14,788,chr2,164463368,164464357,+,GT-AG,GT,AG,annotated on 5',annotated on 3',0,1,"['ENSMUST00000109352.7', 'ENSMUST00000164863.1', 'ENSMUST00000072452.10', 'ENSMUST00000138268.7', 'ENSMUST00000142892.7', 'ENSMUST00000125086.1']","['ENSMUST00000109352.7', 'ENSMUST00000072452.10', 'ENSMUST00000125086.1']","['ENSMUST00000109352.7', 'ENSMUST00000072452.10', 'ENSMUST00000125086.1']","['ENSMUST00000142892.7', 'ENSMUST00000164863.1', 'ENSMUST00000138268.7']",[],"['nonsense_mediated_decay', 'protein_coding']","['ENSMUSG00000090996.1', 'ENSMUSG00000045503.16']","['Gm20458', 'Sys1']","['ENSMUST00000109352.7', 'ENSMUST00000164863.1', 'ENSMUST00000125086.1', 'ENSMUST00000142892.7', 'ENSMUST00000138268.7', 'ENSMUST00000072452.10']","['ENSMUST00000109352.7', 'ENSMUST00000072452.10', 'ENSMUST00000125086.1']",['protein_coding']
chr4_57857037_57892868_+,7,220,chr4,57857037,57892868,+,GT-AG,GT,AG,annotated on 5',annotated on 3',0,1,"['ENSMUST00000098066.8', 'ENSMUST00000150412.3', 'ENSMUST00000107600.7', 'ENSMUST00000102903.7', 'ENSMUST00000107598.8', 'ENSMUST00000043456.11', 'ENSMUST00000098064.8', 'ENSMUST00000102902.3']","['ENSMUST00000098066.8', 'ENSMUST00000150412.3', 'ENSMUST00000107600.7', 'ENSMUST00000102903.7', 'ENSMUST00000107598.8', 'ENSMUST00000043456.11', 'ENSMUST00000098064.8', 'ENSMUST00000102902.3']","['ENSMUST00000102902.3', 'ENSMUST00000102903.7', 'ENSMUST00000107598.8', 'ENSMUST00000098064.8', 'ENSMUST00000107600.7', 'ENSMUST00000043456.11', 'ENSMUST00000098066.8', 'ENSMUST00000150412.3']",[],[],"['nonsense_mediated_decay', 'protein_coding']","['ENSMUSG00000038729.23', 'ENSMUSG00000089945.13']","['Akap2', 'Pakap']","['ENSMUST00000102902.3', 'ENSMUST00000102903.7', 'ENSMUST00000107598.8', 'ENSMUST00000098064.8', 'ENSMUST00000107600.7', 'ENSMUST00000043456.11', 'ENSMUST00000098066.8', 'ENSMUST00000150412.3']","['ENSMUST00000102902.3', 'ENSMUST00000102903.7', 'ENSMUST00000107598.8', 'ENSMUST00000098064.8', 'ENSMUST00000107600.7', 'ENSMUST00000043456.11', 'ENSMUST00000098066.8', 'ENSMUST00000150412.3']",['protein_coding']
chr4_138316131_138317304_-,9,393,chr4,138316131,138317304,-,GT-AG,GT,AG,annotated on 5',annotated on 3',1,0,"['ENSMUST00000030536.12', 'ENSMUST00000105817.3']","['ENSMUST00000030536.12', 'ENSMUST00000105817.3']","['ENSMUST00000105817.3', 'ENSMUST00000030536.12']",[],['ENSMUST00000183998.1'],"['miRNA', 'protein_coding']","['ENSMUSG00000099200.1', 'ENSMUSG00000028756.12']","['Mir7019', 'Pink1']","['ENSMUST00000105817.3', 'ENSMUST00000030536.12']","['ENSMUST00000105817.3', 'ENSMUST00000030536.12', 'ENSMUST00000183998.1']","['miRNA', 'protein_coding']"
chr5_32738920_32739136_-,11,620,chr5,32738920,32739136,-,GT-AG,GT,AG,annotated on 5',annotated on 3',1,0,"['ENSMUST00000142779.7', 'ENSMUST00000061895.15', 'ENSMUST00000142957.5', 'ENSMUST00000071829.11', 'ENSMUST00000120591.7', 'ENSMUST00000144673.2']","['ENSMUST00000142779.7', 'ENSMUST00000061895.15', 'ENSMUST00000202283.4', 'ENSMUST00000142957.5', 'ENSMUST00000071829.11', 'ENSMUST00000120591.7', 'ENSMUST00000144673.2', 'ENSMUST00000197787.4', 'ENSMUST00000200390.4']","['ENSMUST00000071829.11', 'ENSMUST00000200390.4', 'ENSMUST00000061895.15', 'ENSMUST00000142957.5', 'ENSMUST00000144673.2', 'ENSMUST00000120591.7', 'ENSMUST00000197787.4', 'ENSMUST00000202283.4', 'ENSMUST00000142779.7']","['ENSMUST00000135248.1', 'ENSMUST00000196545.1']",[],"['nonsense_mediated_decay', 'processed_transcript', 'protein_coding']","['ENSMUSG00000023452.19', 'ENSMUSG00000093574.1', 'ENSMUSG00000105647.1']","['Pisd', 'Gm20671', 'Gm43695']","['ENSMUST00000071829.11', 'ENSMUST00000200390.4', 'ENSMUST00000061895.15', 'ENSMUST00000142957.5', 'ENSMUST00000144673.2', 'ENSMUST00000120591.7', 'ENSMUST00000197787.4', 'ENSMUST00000202283.4', 'ENSMUST00000196545.1', 'ENSMUST00000135248.1', 'ENSMUST00000142779.7']","['ENSMUST00000071829.11', 'ENSMUST00000200390.4', 'ENSMUST00000061895.15', 'ENSMUST00000142957.5', 'ENSMUST00000144673.2', 'ENSMUST00000120591.7', 'ENSMUST00000197787.4', 'ENSMUST00000202283.4', 'ENSMUST00000142779.7']","['processed_transcript', 'protein_coding']"
chr5_32739373_32764772_-,10,289,chr5,32739373,32764772,-,GT-AG,GT,AG,annotated on 5',annotated on 3',1,0,"['ENSMUST00000142779.7', 'ENSMUST00000061895.15', 'ENSMUST00000142957.5', 'ENSMUST00000144673.2', 'ENSMUST00000138360.7']","['ENSMUST00000142779.7', 'ENSMUST00000061895.15', 'ENSMUST00000202283.4', 'ENSMUST00000201980.4', 'ENSMUST00000142957.5', 'ENSMUST00000071829.11', 'ENSMUST00000120591.7', 'ENSMUST00000144673.2', 'ENSMUST00000197787.4', 'ENSMUST00000200390.4', 'ENSMUST00000138360.7', 'ENSMUST00000202641.1', 'ENSMUST00000135248.1']","['ENSMUST00000138360.7', 'ENSMUST00000061895.15', 'ENSMUST00000144673.2', 'ENSMUST00000142957.5', 'ENSMUST00000142779.7']",[],"['ENSMUST00000071829.11', 'ENSMUST00000200390.4', 'ENSMUST00000201980.4', 'ENSMUST00000120591.7', 'ENSMUST00000197787.4', 'ENSMUST00000202283.4', 'ENSMUST00000196545.1', 'ENSMUST00000202641.1', 'ENSMUST00000135248.1']","['nonsense_mediated_decay', 'processed_transcript', 'protein_coding', 'retained_intron']","['ENSMUSG00000023452.19', 'ENSMUSG00000093574.1', 'ENSMUSG00000105647.1']","['Pisd', 'Gm20671', 'Gm43695']","['ENSMUST00000138360.7', 'ENSMUST00000061895.15', 'ENSMUST00000144673.2', 'ENSMUST00000142957.5', 'ENSMUST00000142779.7']","['ENSMUST00000138360.7', 'ENSMUST00000071829.11', 'ENSMUST00000200390.4', 'ENSMUST00000061895.15', 'ENSMUST00000142957.5', 'ENSMUST00000201980.4', 'ENSMUST00000144673.2', 'ENSMUST00000120591.7', 'ENSMUST00000197787.4', 'ENSMUST00000202283.4', 'ENSMUST00000196545.1', 'ENSMUST00000202641.1', 'ENSMUST00000135248.1', 'ENSMUST00000142779.7']","['processed_transcript', 'protein_coding']"
chr5_32764948_32774395_-,9,329,chr5,32764948,32774395,-,GT-AG,GT,AG,annotated on 5',annotated on 3',1,0,"['ENSMUST00000142779.7', 'ENSMUST00000061895.15', 'ENSMUST00000144673.2', 'ENSMUST00000138360.7', 'ENSMUST00000145759.1']","['ENSMUST00000142779.7', 'ENSMUST00000061895.15', 'ENSMUST00000142957.5', 'ENSMUST00000144673.2', 'ENSMUST00000138360.7', 'ENSMUST00000145759.1']","['ENSMUST00000138360.7', 'ENSMUST00000061895.15', 'ENSMUST00000144673.2', 'ENSMUST00000145759.1', 'ENSMUST00000142779.7']",[],['ENSMUST00000142957.5'],"['nonsense_mediated_decay', 'protein_coding', 'retained_intron']","['ENSMUSG00000023452.19', 'ENSMUSG00000093574.1']","['Pisd', 'Gm20671']","['ENSMUST00000138360.7', 'ENSMUST00000061895.15', 'ENSMUST00000144673.2', 'ENSMUST00000145759.1', 'ENSMUST00000142779.7']","['ENSMUST00000138360.7', 'ENSMUST00000061895.15', 'ENSMUST00000144673.2', 'ENSMUST00000142957.5', 'ENSMUST00000145759.1', 'ENSMUST00000142779.7']",['protein_coding']
chr5_32774466_32785548_-,8,251,chr5,32774466,32785548,-,GT-AG,GT,AG,annotated on 5',annotated on 3',1,0,"['ENSMUST00000142779.7', 'ENSMUST00000061895.15', 'ENSMUST00000142957.5', 'ENSMUST00000138360.7', 'ENSMUST00000145759.1']","['ENSMUST00000142779.7', 'ENSMUST00000061895.15', 'ENSMUST00000144673.2', 'ENSMUST00000138360.7', 'ENSMUST00000145759.1']","['ENSMUST00000142779.7', 'ENSMUST00000138360.7', 'ENSMUST00000061895.15', 'ENSMUST00000145759.1']",['ENSMUST00000142957.5'],['ENSMUST00000144673.2'],"['nonsense_mediated_decay', 'protein_coding', 'retained_intron']","['ENSMUSG00000023452.19', 'ENSMUSG00000093574.1']","['Pisd', 'Gm20671']","['ENSMUST00000138360.7', 'ENSMUST00000061895.15', 'ENSMUST00000142957.5', 'ENSMUST00000145759.1', 'ENSMUST00000142779.7']","['ENSMUST00000138360.7', 'ENSMUST00000061895.15', 'ENSMUST00000144673.2', 'ENSMUST00000145759.1', 'ENSMUST00000142779.7']",['protein_coding']
chr5_86804591_86815628_+,14,333,chr5,86804591,86815628,+,GT-AG,GT,AG,annotated on 5',annotated on 3',0,1,"['ENSMUST00000119339.7', 'ENSMUST00000120498.7', 'ENSMUST00000156363.7', 'ENSMUST00000038384.7']","['ENSMUST00000198859.1', 'ENSMUST00000119339.7', 'ENSMUST00000120498.7', 'ENSMUST00000156363.7', 'ENSMUST00000038384.7']","['ENSMUST00000156363.7', 'ENSMUST00000120498.7', 'ENSMUST00000038384.7', 'ENSMUST00000119339.7']",[],"['ENSMUST00000198859.1', 'ENSMUST00000151489.7']","['nonsense_mediated_decay', 'protein_coding', 'lincRNA', 'retained_intron']","['ENSMUSG00000105704.1', 'ENSMUSG00000035851.14']","['Gm43055', 'Ythdc1']","['ENSMUST00000156363.7', 'ENSMUST00000120498.7', 'ENSMUST00000038384.7', 'ENSMUST00000119339.7']","['ENSMUST00000151489.7', 'ENSMUST00000038384.7', 'ENSMUST00000198859.1', 'ENSMUST00000156363.7', 'ENSMUST00000120498.7', 'ENSMUST00000119339.7']","['protein_coding', 'lincRNA']"
chr7_105640622_105640761_+,22,1426,chr7,105640622,105640761,+,GT-AG,GT,AG,annotated on 5',annotated on 3',0,1,"['ENSMUST00000106783.7', 'ENSMUST00000058333.9', 'ENSMUST00000210350.1', 'ENSMUST00000106785.7', 'ENSMUST00000142363.7', 'ENSMUST00000142874.8', 'ENSMUST00000151193.1', 'ENSMUST00000149819.7', 'ENSMUST00000106786.7', 'ENSMUST00000209588.1', 'ENSMUST00000106780.1', 'ENSMUST00000211054.1', 'ENSMUST00000140577.1', 'ENSMUST00000106784.1']","['ENSMUST00000106783.7', 'ENSMUST00000058333.9', 'ENSMUST00000210350.1', 'ENSMUST00000106785.7', 'ENSMUST00000142363.7', 'ENSMUST00000142874.8', 'ENSMUST00000151193.1', 'ENSMUST00000150479.1', 'ENSMUST00000106786.7', 'ENSMUST00000106780.1', 'ENSMUST00000211054.1', 'ENSMUST00000140577.1']","['ENSMUST00000210350.1', 'ENSMUST00000058333.9', 'ENSMUST00000106783.7', 'ENSMUST00000106780.1', 'ENSMUST00000106784.1', 'ENSMUST00000106786.7', 'ENSMUST00000211054.1', 'ENSMUST00000142363.7', 'ENSMUST00000150479.1', 'ENSMUST00000140577.1', 'ENSMUST00000151193.1', 'ENSMUST00000106785.7', 'ENSMUST00000142874.8']","['ENSMUST00000209588.1', 'ENSMUST00000149819.7']",['ENSMUST00000140385.1'],"['nonsense_mediated_decay', 'protein_coding', 'retained_intron']","['ENSMUSG00000089847.8', 'ENSMUSG00000110234.2']","['Timm10b', 'Gm45799']","['ENSMUST00000210350.1', 'ENSMUST00000058333.9', 'ENSMUST00000209588.1', 'ENSMUST00000106783.7', 'ENSMUST00000106780.1', 'ENSMUST00000106784.1', 'ENSMUST00000149819.7', 'ENSMUST00000106786.7', 'ENSMUST00000211054.1', 'ENSMUST00000142363.7', 'ENSMUST00000150479.1', 'ENSMUST00000140577.1', 'ENSMUST00000151193.1', 'ENSMUST00000106785.7', 'ENSMUST00000142874.8']","['ENSMUST00000210350.1', 'ENSMUST00000140385.1', 'ENSMUST00000058333.9', 'ENSMUST00000106783.7', 'ENSMUST00000106780.1', 'ENSMUST00000106784.1', 'ENSMUST00000106786.7', 'ENSMUST00000211054.1', 'ENSMUST00000142363.7', 'ENSMUST00000150479.1', 'ENSMUST00000140577.1', 'ENSMUST00000151193.1', 'ENSMUST00000106785.7', 'ENSMUST00000142874.8']",['protein_coding']
chr7_105640857_105641027_+,20,1092,chr7,105640857,105641027,+,GT-AG,GT,AG,annotated on 5',annotated on 3',0,1,"['ENSMUST00000106783.7', 'ENSMUST00000058333.9', 'ENSMUST00000210350.1', 'ENSMUST00000106785.7', 'ENSMUST00000142363.7', 'ENSMUST00000142874.8', 'ENSMUST00000150479.1', 'ENSMUST00000106786.7', 'ENSMUST00000106780.1', 'ENSMUST00000211054.1', 'ENSMUST00000140385.1']","['ENSMUST00000106783.7', 'ENSMUST00000058333.9', 'ENSMUST00000210350.1', 'ENSMUST00000106785.7', 'ENSMUST00000142363.7', 'ENSMUST00000142874.8', 'ENSMUST00000149819.7', 'ENSMUST00000150479.1', 'ENSMUST00000106786.7', 'ENSMUST00000209588.1', 'ENSMUST00000106780.1', 'ENSMUST00000211054.1', 'ENSMUST00000106784.1', 'ENSMUST00000140385.1']","['ENSMUST00000210350.1', 'ENSMUST00000140385.1', 'ENSMUST00000058333.9', 'ENSMUST00000106783.7', 'ENSMUST00000106780.1', 'ENSMUST00000106784.1', 'ENSMUST00000106786.7', 'ENSMUST00000211054.1', 'ENSMUST00000142363.7', 'ENSMUST00000150479.1', 'ENSMUST00000106785.7', 'ENSMUST00000142874.8']",[],"['ENSMUST00000209445.1', 'ENSMUST00000209588.1', 'ENSMUST00000210893.1', 'ENSMUST00000149819.7']","['nonsense_mediated_decay', 'protein_coding', 'retained_intron']","['ENSMUSG00000089847.8', 'ENSMUSG00000110234.2']","['Timm10b', 'Gm45799']","['ENSMUST00000210350.1', 'ENSMUST00000140385.1', 'ENSMUST00000058333.9', 'ENSMUST00000106783.7', 'ENSMUST00000106780.1', 'ENSMUST00000106784.1', 'ENSMUST00000106786.7', 'ENSMUST00000211054.1', 'ENSMUST00000142363.7', 'ENSMUST00000150479.1', 'ENSMUST00000106785.7', 'ENSMUST00000142874.8']","['ENSMUST00000210350.1', 'ENSMUST00000140385.1', 'ENSMUST00000210893.1', 'ENSMUST00000058333.9', 'ENSMUST00000209588.1', 'ENSMUST00000106783.7', 'ENSMUST00000106780.1', 'ENSMUST00000106784.1', 'ENSMUST00000149819.7', 'ENSMUST00000106786.7', 'ENSMUST00000211054.1', 'ENSMUST00000209445.1', 'ENSMUST00000142363.7', 'ENSMUST00000150479.1', 'ENSMUST00000106785.7', 'ENSMUST00000142874.8']",['protein_coding']
chr8_70139772_70141863_+,8,746,chr8,70139772,70141863,+,GT-AG,GT,AG,annotated on 5',annotated on 3',0,1,"['ENSMUST00000002418.14', 'ENSMUST00000123976.1', 'ENSMUST00000163756.1', 'ENSMUST00000123760.7', 'ENSMUST00000129668.7']","['ENSMUST00000002418.14', 'ENSMUST00000123976.1', 'ENSMUST00000123760.7', 'ENSMUST00000129668.7', 'ENSMUST00000110139.1']","['ENSMUST00000123976.1', 'ENSMUST00000129668.7', 'ENSMUST00000123760.7', 'ENSMUST00000002418.14']",['ENSMUST00000163756.1'],['ENSMUST00000110139.1'],"['nonsense_mediated_decay', 'protein_coding', 'retained_intron']","['ENSMUSG00000002345.18', 'ENSMUSG00000079033.10']","['Borcs8', 'Mef2b']","['ENSMUST00000163756.1', 'ENSMUST00000123760.7', 'ENSMUST00000123976.1', 'ENSMUST00000129668.7', 'ENSMUST00000002418.14']","['ENSMUST00000123760.7', 'ENSMUST00000123976.1', 'ENSMUST00000129668.7', 'ENSMUST00000110139.1', 'ENSMUST00000002418.14']",['protein_coding']
chr9_72730973_72731221_+,13,447,chr9,72730973,72731221,+,GT-AG,GT,AG,annotated on 5',annotated on 3',0,1,['ENSMUST00000034740.14'],['ENSMUST00000034740.14'],['ENSMUST00000034740.14'],['ENSMUST00000194508.1'],[],"['protein_coding', 'TEC']","['ENSMUSG00000102411.1', 'ENSMUSG00000032216.14']","['Gm36936', 'Nedd4']","['ENSMUST00000034740.14', 'ENSMUST00000194508.1']",['ENSMUST00000034740.14'],"['protein_coding', 'TEC']"
chr9_103190421_103191068_-,11,338,chr9,103190421,103191068,-,GT-AG,GT,AG,annotated on 5',annotated on 3',1,0,"['ENSMUST00000035157.9', 'ENSMUST00000163567.7', 'ENSMUST00000166836.1', 'ENSMUST00000190760.1']","['ENSMUST00000035157.9', 'ENSMUST00000163567.7', 'ENSMUST00000166836.1']","['ENSMUST00000190760.1', 'ENSMUST00000035157.9', 'ENSMUST00000163567.7', 'ENSMUST00000166836.1']",[],[],"['protein_coding', 'retained_intron']","['ENSMUSG00000032553.14', 'ENSMUSG00000090639.1']","['Srprb', 'Gm20425']","['ENSMUST00000190760.1', 'ENSMUST00000035157.9', 'ENSMUST00000163567.7', 'ENSMUST00000166836.1']","['ENSMUST00000190760.1', 'ENSMUST00000035157.9', 'ENSMUST00000163567.7', 'ENSMUST00000166836.1']",['protein_coding']
chr9_103197620_103198788_-,11,308,chr9,103197620,103198788,-,GT-AG,GT,AG,annotated on 5',annotated on 3',1,0,"['ENSMUST00000035157.9', 'ENSMUST00000166836.1']","['ENSMUST00000035157.9', 'ENSMUST00000166836.1']","['ENSMUST00000035157.9', 'ENSMUST00000166836.1']",[],[],['protein_coding'],"['ENSMUSG00000032553.14', 'ENSMUSG00000090639.1']","['Srprb', 'Gm20425']","['ENSMUST00000035157.9', 'ENSMUST00000166836.1']","['ENSMUST00000035157.9', 'ENSMUST00000166836.1']",['protein_coding']
chr1_30945030_30946037_-,14,423,chr1,30945030,30946037,-,GT-AG,GT,AG,annotated on 5',annotated on 3',1,0,"['ENSMUST00000232841.1', 'ENSMUST00000233506.1', 'ENSMUST00000027232.14', 'ENSMUST00000076587.5']","['ENSMUST00000232841.1', 'ENSMUST00000233506.1', 'ENSMUST00000027232.14', 'ENSMUST00000076587.5']","['ENSMUST00000076587.5', 'ENSMUST00000233506.1', 'ENSMUST00000232841.1', 'ENSMUST00000027232.14']",[],[],['protein_coding'],"['ENSMUSG00000026064.16', 'ENSMUSG00000117310.1']","['Ptp4a1', 'Ptp4a1']","['ENSMUST00000076587.5', 'ENSMUST00000233506.1', 'ENSMUST00000232841.1', 'ENSMUST00000027232.14']","['ENSMUST00000076587.5', 'ENSMUST00000233506.1', 'ENSMUST00000232841.1', 'ENSMUST00000027232.14']",['protein_coding']
chr10_80602949_80608802_+,13,284,chr10,80602949,80608802,+,GT-AG,GT,AG,annotated on 5',annotated on 3',0,1,"['ENSMUST00000220669.1', 'ENSMUST00000038411.4', 'ENSMUST00000079883.11', 'ENSMUST00000223256.1', 'ENSMUST00000221960.1', 'ENSMUST00000221387.1', 'ENSMUST00000221032.1']","['ENSMUST00000220669.1', 'ENSMUST00000079883.11', 'ENSMUST00000223256.1', 'ENSMUST00000221387.1', 'ENSMUST00000221032.1', 'ENSMUST00000180350.2', 'ENSMUST00000219462.1']","['ENSMUST00000221387.1', 'ENSMUST00000079883.11', 'ENSMUST00000223256.1', 'ENSMUST00000221032.1', 'ENSMUST00000220669.1']","['ENSMUST00000221960.1', 'ENSMUST00000038411.4']","['ENSMUST00000180350.2', 'ENSMUST00000219462.1']","['nonsense_mediated_decay', 'processed_transcript', 'protein_coding']","['ENSMUSG00000113640.1', 'ENSMUSG00000113949.1', 'ENSMUSG00000035370.9']","['Adat3', 'Scamp4', 'Gm49322']","['ENSMUST00000221387.1', 'ENSMUST00000079883.11', 'ENSMUST00000223256.1', 'ENSMUST00000221032.1', 'ENSMUST00000220669.1', 'ENSMUST00000221960.1', 'ENSMUST00000038411.4']","['ENSMUST00000221387.1', 'ENSMUST00000079883.11', 'ENSMUST00000223256.1', 'ENSMUST00000180350.2', 'ENSMUST00000219462.1', 'ENSMUST00000221032.1', 'ENSMUST00000220669.1']",['protein_coding']
chr10_80608850_80609329_+,12,204,chr10,80608850,80609329,+,GT-AG,GT,AG,annotated on 5',annotated on 3',0,1,"['ENSMUST00000220669.1', 'ENSMUST00000079883.11', 'ENSMUST00000223256.1', 'ENSMUST00000221387.1', 'ENSMUST00000221032.1', 'ENSMUST00000180350.2', 'ENSMUST00000178231.1', 'ENSMUST00000218067.1', 'ENSMUST00000219462.1']","['ENSMUST00000220669.1', 'ENSMUST00000079883.11', 'ENSMUST00000223256.1', 'ENSMUST00000221032.1', 'ENSMUST00000180350.2', 'ENSMUST00000178231.1', 'ENSMUST00000218067.1', 'ENSMUST00000219462.1']","['ENSMUST00000079883.11', 'ENSMUST00000223256.1', 'ENSMUST00000180350.2', 'ENSMUST00000178231.1', 'ENSMUST00000219462.1', 'ENSMUST00000221032.1', 'ENSMUST00000220669.1', 'ENSMUST00000218067.1']",['ENSMUST00000221387.1'],['ENSMUST00000184456.1'],"['miRNA', 'nonsense_mediated_decay', 'processed_transcript', 'protein_coding']","['ENSMUSG00000113949.1', 'ENSMUSG00000035370.9', 'ENSMUSG00000099283.1']","['Scamp4', 'Gm49322', 'Mir6912']","['ENSMUST00000221387.1', 'ENSMUST00000079883.11', 'ENSMUST00000223256.1', 'ENSMUST00000180350.2', 'ENSMUST00000178231.1', 'ENSMUST00000219462.1', 'ENSMUST00000221032.1', 'ENSMUST00000220669.1', 'ENSMUST00000218067.1']","['ENSMUST00000079883.11', 'ENSMUST00000184456.1', 'ENSMUST00000223256.1', 'ENSMUST00000180350.2', 'ENSMUST00000178231.1', 'ENSMUST00000219462.1', 'ENSMUST00000221032.1', 'ENSMUST00000220669.1', 'ENSMUST00000218067.1']","['miRNA', 'protein_coding']"
chr10_80609458_80609640_+,12,374,chr10,80609458,80609640,+,GT-AG,GT,AG,annotated on 5',annotated on 3',0,1,"['ENSMUST00000220669.1', 'ENSMUST00000079883.11', 'ENSMUST00000221387.1', 'ENSMUST00000221032.1', 'ENSMUST00000180350.2', 'ENSMUST00000178231.1', 'ENSMUST00000218067.1', 'ENSMUST00000219462.1']","['ENSMUST00000079883.11', 'ENSMUST00000223256.1', 'ENSMUST00000221387.1', 'ENSMUST00000180350.2', 'ENSMUST00000178231.1', 'ENSMUST00000218067.1', 'ENSMUST00000219462.1']","['ENSMUST00000221387.1', 'ENSMUST00000079883.11', 'ENSMUST00000223256.1', 'ENSMUST00000180350.2', 'ENSMUST00000178231.1', 'ENSMUST00000219462.1', 'ENSMUST00000218067.1']","['ENSMUST00000220669.1', 'ENSMUST00000221032.1']",[],"['nonsense_mediated_decay', 'processed_transcript', 'protein_coding']","['ENSMUSG00000113949.1', 'ENSMUSG00000035370.9']","['Scamp4', 'Gm49322']","['ENSMUST00000221387.1', 'ENSMUST00000079883.11', 'ENSMUST00000223256.1', 'ENSMUST00000180350.2', 'ENSMUST00000178231.1', 'ENSMUST00000219462.1', 'ENSMUST00000221032.1', 'ENSMUST00000220669.1', 'ENSMUST00000218067.1']","['ENSMUST00000221387.1', 'ENSMUST00000079883.11', 'ENSMUST00000223256.1', 'ENSMUST00000180350.2', 'ENSMUST00000178231.1', 'ENSMUST00000219462.1', 'ENSMUST00000218067.1']",['protein_coding']
chr10_80609797_80611027_+,12,279,chr10,80609797,80611027,+,GT-AG,GT,AG,annotated on 5',annotated on 3',0,1,"['ENSMUST00000079883.11', 'ENSMUST00000223256.1', 'ENSMUST00000180350.2', 'ENSMUST00000178231.1', 'ENSMUST00000218067.1', 'ENSMUST00000219462.1']","['ENSMUST00000220669.1', 'ENSMUST00000079883.11', 'ENSMUST00000223256.1', 'ENSMUST00000180350.2', 'ENSMUST00000178231.1', 'ENSMUST00000218067.1', 'ENSMUST00000219462.1']","['ENSMUST00000079883.11', 'ENSMUST00000178231.1', 'ENSMUST00000223256.1', 'ENSMUST00000180350.2', 'ENSMUST00000219462.1', 'ENSMUST00000218067.1']",['ENSMUST00000221387.1'],['ENSMUST00000220669.1'],"['nonsense_mediated_decay', 'processed_transcript', 'protein_coding']","['ENSMUSG00000113949.1', 'ENSMUSG00000035370.9']","['Scamp4', 'Gm49322']","['ENSMUST00000221387.1', 'ENSMUST00000079883.11', 'ENSMUST00000223256.1', 'ENSMUST00000180350.2', 'ENSMUST00000178231.1', 'ENSMUST00000219462.1', 'ENSMUST00000218067.1']","['ENSMUST00000079883.11', 'ENSMUST00000178231.1', 'ENSMUST00000223256.1', 'ENSMUST00000180350.2', 'ENSMUST00000219462.1', 'ENSMUST00000220669.1', 'ENSMUST00000218067.1']",['protein_coding']
chr10_80611129_80612341_+,13,273,chr10,80611129,80612341,+,GT-AG,GT,AG,annotated on 5',annotated on 3',0,1,"['ENSMUST00000220669.1', 'ENSMUST00000079883.11', 'ENSMUST00000180350.2', 'ENSMUST00000178231.1', 'ENSMUST00000218067.1', 'ENSMUST00000219462.1']","['ENSMUST00000220669.1', 'ENSMUST00000079883.11', 'ENSMUST00000180350.2', 'ENSMUST00000178231.1', 'ENSMUST00000218067.1', 'ENSMUST00000219462.1']","['ENSMUST00000079883.11', 'ENSMUST00000178231.1', 'ENSMUST00000180350.2', 'ENSMUST00000219462.1', 'ENSMUST00000220669.1', 'ENSMUST00000218067.1']",['ENSMUST00000223256.1'],[],"['nonsense_mediated_decay', 'processed_transcript', 'protein_coding']","['ENSMUSG00000113949.1', 'ENSMUSG00000035370.9']","['Scamp4', 'Gm49322']","['ENSMUST00000079883.11', 'ENSMUST00000178231.1', 'ENSMUST00000223256.1', 'ENSMUST00000180350.2', 'ENSMUST00000219462.1', 'ENSMUST00000220669.1', 'ENSMUST00000218067.1']","['ENSMUST00000079883.11', 'ENSMUST00000178231.1', 'ENSMUST00000180350.2', 'ENSMUST00000219462.1', 'ENSMUST00000220669.1', 'ENSMUST00000218067.1']",['protein_coding']
chr10_80612459_80614603_+,14,511,chr10,80612459,80614603,+,GT-AG,GT,AG,annotated on 5',annotated on 3',0,1,"['ENSMUST00000220669.1', 'ENSMUST00000079883.11', 'ENSMUST00000180350.2', 'ENSMUST00000178231.1', 'ENSMUST00000218067.1', 'ENSMUST00000221236.1']","['ENSMUST00000220669.1', 'ENSMUST00000079883.11', 'ENSMUST00000180350.2', 'ENSMUST00000178231.1', 'ENSMUST00000218067.1', 'ENSMUST00000221236.1']","['ENSMUST00000079883.11', 'ENSMUST00000178231.1', 'ENSMUST00000180350.2', 'ENSMUST00000221236.1', 'ENSMUST00000220669.1', 'ENSMUST00000218067.1']",['ENSMUST00000219462.1'],[],"['nonsense_mediated_decay', 'processed_transcript', 'protein_coding', 'retained_intron']","['ENSMUSG00000113949.1', 'ENSMUSG00000035370.9']","['Scamp4', 'Gm49322']","['ENSMUST00000079883.11', 'ENSMUST00000178231.1', 'ENSMUST00000180350.2', 'ENSMUST00000219462.1', 'ENSMUST00000221236.1', 'ENSMUST00000220669.1', 'ENSMUST00000218067.1']","['ENSMUST00000079883.11', 'ENSMUST00000178231.1', 'ENSMUST00000180350.2', 'ENSMUST00000221236.1', 'ENSMUST00000220669.1', 'ENSMUST00000218067.1']",['protein_coding']
chr11_69683344_69683853_-,6,296,chr11,69683344,69683853,-,GT-AG,GT,AG,annotated on 5',annotated on 3',1,0,"['ENSMUST00000180587.7', 'ENSMUST00000018896.13', 'ENSMUST00000108648.2', 'ENSMUST00000174159.7', 'ENSMUST00000108649.2']","['ENSMUST00000180587.7', 'ENSMUST00000018896.13', 'ENSMUST00000108648.2', 'ENSMUST00000174159.7', 'ENSMUST00000108649.2']","['ENSMUST00000108649.2', 'ENSMUST00000180587.7', 'ENSMUST00000174159.7', 'ENSMUST00000108648.2', 'ENSMUST00000018896.13']",[],[],['protein_coding'],"['ENSMUSG00000018752.19', 'ENSMUSG00000089669.7']","['Tnfsfm13', 'Tnfsf13']","['ENSMUST00000108649.2', 'ENSMUST00000180587.7', 'ENSMUST00000174159.7', 'ENSMUST00000108648.2', 'ENSMUST00000018896.13']","['ENSMUST00000108649.2', 'ENSMUST00000180587.7', 'ENSMUST00000174159.7', 'ENSMUST00000108648.2', 'ENSMUST00000018896.13']",['protein_coding']
chr11_69683992_69684217_-,6,405,chr11,69683992,69684217,-,GT-AG,GT,AG,annotated on 5',annotated on 3',1,0,"['ENSMUST00000180587.7', 'ENSMUST00000018896.13', 'ENSMUST00000108648.2', 'ENSMUST00000174159.7', 'ENSMUST00000108649.2']","['ENSMUST00000180587.7', 'ENSMUST00000018896.13', 'ENSMUST00000108648.2', 'ENSMUST00000174159.7', 'ENSMUST00000108649.2']","['ENSMUST00000108649.2', 'ENSMUST00000180587.7', 'ENSMUST00000174159.7', 'ENSMUST00000108648.2', 'ENSMUST00000018896.13']",[],[],['protein_coding'],"['ENSMUSG00000018752.19', 'ENSMUSG00000089669.7']","['Tnfsfm13', 'Tnfsf13']","['ENSMUST00000108649.2', 'ENSMUST00000180587.7', 'ENSMUST00000174159.7', 'ENSMUST00000108648.2', 'ENSMUST00000018896.13']","['ENSMUST00000108649.2', 'ENSMUST00000180587.7', 'ENSMUST00000174159.7', 'ENSMUST00000108648.2', 'ENSMUST00000018896.13']",['protein_coding']
chr11_69684333_69684484_-,6,300,chr11,69684333,69684484,-,GT-AG,GT,AG,annotated on 5',annotated on 3',1,0,"['ENSMUST00000180587.7', 'ENSMUST00000018896.13', 'ENSMUST00000174159.7', 'ENSMUST00000108649.2']","['ENSMUST00000018896.13', 'ENSMUST00000108648.2', 'ENSMUST00000174159.7', 'ENSMUST00000108649.2']","['ENSMUST00000108649.2', 'ENSMUST00000018896.13', 'ENSMUST00000180587.7', 'ENSMUST00000174159.7']",[],['ENSMUST00000108648.2'],['protein_coding'],"['ENSMUSG00000018752.19', 'ENSMUSG00000089669.7']","['Tnfsfm13', 'Tnfsf13']","['ENSMUST00000108649.2', 'ENSMUST00000018896.13', 'ENSMUST00000180587.7', 'ENSMUST00000174159.7']","['ENSMUST00000108649.2', 'ENSMUST00000180587.7', 'ENSMUST00000174159.7', 'ENSMUST00000108648.2', 'ENSMUST00000018896.13']",['protein_coding']
chr11_69684532_69684659_-,6,412,chr11,69684532,69684659,-,GT-AG,GT,AG,annotated on 5',annotated on 3',1,0,"['ENSMUST00000180587.7', 'ENSMUST00000018896.13', 'ENSMUST00000108648.2', 'ENSMUST00000174159.7', 'ENSMUST00000108649.2']","['ENSMUST00000180587.7', 'ENSMUST00000018896.13', 'ENSMUST00000174159.7', 'ENSMUST00000108649.2']","['ENSMUST00000108649.2', 'ENSMUST00000018896.13', 'ENSMUST00000180587.7', 'ENSMUST00000174159.7']",['ENSMUST00000108648.2'],[],['protein_coding'],"['ENSMUSG00000018752.19', 'ENSMUSG00000089669.7']","['Tnfsfm13', 'Tnfsf13']","['ENSMUST00000108649.2', 'ENSMUST00000180587.7', 'ENSMUST00000174159.7', 'ENSMUST00000108648.2', 'ENSMUST00000018896.13']","['ENSMUST00000108649.2', 'ENSMUST00000018896.13', 'ENSMUST00000180587.7', 'ENSMUST00000174159.7']",['protein_coding']
chr11_69684738_69685028_-,6,382,chr11,69684738,69685028,-,GT-AG,GT,AG,annotated on 5',annotated on 3',1,0,"['ENSMUST00000180587.7', 'ENSMUST00000018896.13', 'ENSMUST00000108648.2', 'ENSMUST00000174159.7']","['ENSMUST00000180587.7', 'ENSMUST00000018896.13', 'ENSMUST00000108648.2', 'ENSMUST00000174159.7', 'ENSMUST00000108649.2']","['ENSMUST00000108648.2', 'ENSMUST00000018896.13', 'ENSMUST00000180587.7', 'ENSMUST00000174159.7']",[],['ENSMUST00000108649.2'],['protein_coding'],"['ENSMUSG00000018752.19', 'ENSMUSG00000089669.7']","['Tnfsfm13', 'Tnfsf13']","['ENSMUST00000108648.2', 'ENSMUST00000018896.13', 'ENSMUST00000180587.7', 'ENSMUST00000174159.7']","['ENSMUST00000108649.2', 'ENSMUST00000180587.7', 'ENSMUST00000174159.7', 'ENSMUST00000108648.2', 'ENSMUST00000018896.13']",['protein_coding']
chr11_70235464_70235695_-,5,281,chr11,70235464,70235695,-,GT-AG,GT,AG,annotated on 5',annotated on 3',1,0,"['ENSMUST00000134700.7', 'ENSMUST00000108578.8', 'ENSMUST00000102569.9', 'ENSMUST00000176116.7', 'ENSMUST00000176268.1', 'ENSMUST00000108576.9']","['ENSMUST00000134700.7', 'ENSMUST00000108578.8', 'ENSMUST00000102569.9', 'ENSMUST00000108577.7']","['ENSMUST00000108576.9', 'ENSMUST00000102569.9', 'ENSMUST00000108578.8', 'ENSMUST00000176116.7', 'ENSMUST00000134700.7', 'ENSMUST00000176268.1']",['ENSMUST00000021180.7'],"['ENSMUST00000148878.8', 'ENSMUST00000108579.7', 'ENSMUST00000138658.8', 'ENSMUST00000100950.9', 'ENSMUST00000108575.8', 'ENSMUST00000021181.12', 'ENSMUST00000108577.7']","['nonsense_mediated_decay', 'processed_transcript', 'protein_coding']","['ENSMUSG00000040904.10', 'ENSMUSG00000020831.18']","['Gm21988', '0610010K14Rik']","['ENSMUST00000108576.9', 'ENSMUST00000021180.7', 'ENSMUST00000102569.9', 'ENSMUST00000108578.8', 'ENSMUST00000176116.7', 'ENSMUST00000134700.7', 'ENSMUST00000176268.1']","['ENSMUST00000108576.9', 'ENSMUST00000176268.1', 'ENSMUST00000148878.8', 'ENSMUST00000108579.7', 'ENSMUST00000102569.9', 'ENSMUST00000138658.8', 'ENSMUST00000108575.8', 'ENSMUST00000100950.9', 'ENSMUST00000021181.12', 'ENSMUST00000108578.8', 'ENSMUST00000176116.7', 'ENSMUST00000134700.7', 'ENSMUST00000108577.7']",['protein_coding']
chr11_76121596_76134408_-,7,207,chr11,76121596,76134408,-,GT-AG,GT,AG,annotated on 5',annotated on 3',1,0,"['ENSMUST00000056601.10', 'ENSMUST00000108419.8', 'ENSMUST00000094015.10', 'ENSMUST00000166752.7', 'ENSMUST00000169734.7', 'ENSMUST00000163878.1', 'ENSMUST00000166436.7', 'ENSMUST00000170143.7', 'ENSMUST00000166084.7', 'ENSMUST00000141773.7']","['ENSMUST00000056601.10', 'ENSMUST00000108419.8', 'ENSMUST00000094015.10', 'ENSMUST00000166752.7', 'ENSMUST00000169734.7', 'ENSMUST00000163878.1', 'ENSMUST00000166436.7', 'ENSMUST00000169532.7', 'ENSMUST00000170143.7', 'ENSMUST00000166084.7', 'ENSMUST00000141773.7']","['ENSMUST00000056601.10', 'ENSMUST00000108419.8', 'ENSMUST00000094015.10', 'ENSMUST00000163878.1', 'ENSMUST00000166084.7', 'ENSMUST00000141773.7', 'ENSMUST00000170143.7', 'ENSMUST00000166752.7', 'ENSMUST00000169734.7', 'ENSMUST00000166436.7']",['ENSMUST00000143459.1'],['ENSMUST00000169532.7'],"['nonsense_mediated_decay', 'processed_transcript', 'protein_coding', 'retained_intron']","['ENSMUSG00000017288.15', 'ENSMUSG00000017286.15']","['Vps53', 'Glod4']","['ENSMUST00000056601.10', 'ENSMUST00000108419.8', 'ENSMUST00000094015.10', 'ENSMUST00000163878.1', 'ENSMUST00000166084.7', 'ENSMUST00000141773.7', 'ENSMUST00000170143.7', 'ENSMUST00000166752.7', 'ENSMUST00000169734.7', 'ENSMUST00000166436.7', 'ENSMUST00000143459.1']","['ENSMUST00000056601.10', 'ENSMUST00000108419.8', 'ENSMUST00000094015.10', 'ENSMUST00000163878.1', 'ENSMUST00000166084.7', 'ENSMUST00000141773.7', 'ENSMUST00000170143.7', 'ENSMUST00000166752.7', 'ENSMUST00000169734.7', 'ENSMUST00000166436.7', 'ENSMUST00000169532.7']",['protein_coding']
chr11_101417234_101417349_-,5,236,chr11,101417234,101417349,-,GT-AG,GT,AG,annotated on 5',annotated on 3',1,0,"['ENSMUST00000070395.8', 'ENSMUST00000140123.1', 'ENSMUST00000125472.1']","['ENSMUST00000107257.7', 'ENSMUST00000070395.8', 'ENSMUST00000107259.3', 'ENSMUST00000133240.7', 'ENSMUST00000140123.1', 'ENSMUST00000125472.1']","['ENSMUST00000140123.1', 'ENSMUST00000133240.7', 'ENSMUST00000070395.8', 'ENSMUST00000125472.1']",[],"['ENSMUST00000107259.3', 'ENSMUST00000107257.7']","['processed_transcript', 'protein_coding', 'retained_intron']","['ENSMUSG00000097239.7', 'ENSMUSG00000075528.13']","['Gm27029', 'Aarsd1']","['ENSMUST00000140123.1', 'ENSMUST00000133240.7', 'ENSMUST00000070395.8', 'ENSMUST00000125472.1']","['ENSMUST00000125472.1', 'ENSMUST00000140123.1', 'ENSMUST00000107259.3', 'ENSMUST00000107257.7', 'ENSMUST00000133240.7', 'ENSMUST00000070395.8']",['protein_coding']
chr12_73936296_73937652_+,10,233,chr12,73936296,73937652,+,GT-AG,GT,AG,annotated on 5',annotated on 3',0,1,"['ENSMUST00000110461.7', 'ENSMUST00000021530.7']","['ENSMUST00000110461.7', 'ENSMUST00000021530.7', 'ENSMUST00000221833.1']","['ENSMUST00000110461.7', 'ENSMUST00000021530.7']",[],"['ENSMUST00000157041.1', 'ENSMUST00000221833.1']","['processed_transcript', 'protein_coding']","['ENSMUSG00000021109.13', 'ENSMUSG00000114046.1']","['Hif1a', 'Gm49321']","['ENSMUST00000110461.7', 'ENSMUST00000021530.7']","['ENSMUST00000157041.1', 'ENSMUST00000110461.7', 'ENSMUST00000021530.7', 'ENSMUST00000221833.1']",['protein_coding']
chr12_73937800_73939528_+,11,210,chr12,73937800,73939528,+,GT-AG,GT,AG,annotated on 5',annotated on 3',0,1,"['ENSMUST00000110461.7', 'ENSMUST00000021530.7', 'ENSMUST00000221833.1', 'ENSMUST00000157041.1']","['ENSMUST00000110461.7', 'ENSMUST00000021530.7', 'ENSMUST00000157041.1']","['ENSMUST00000110461.7', 'ENSMUST00000021530.7', 'ENSMUST00000157041.1']",['ENSMUST00000221833.1'],[],"['processed_transcript', 'protein_coding']","['ENSMUSG00000021109.13', 'ENSMUSG00000114046.1']","['Hif1a', 'Gm49321']","['ENSMUST00000157041.1', 'ENSMUST00000110461.7', 'ENSMUST00000021530.7', 'ENSMUST00000221833.1']","['ENSMUST00000110461.7', 'ENSMUST00000021530.7', 'ENSMUST00000157041.1']",['protein_coding']
chr12_76765638_76773257_+,16,975,chr12,76765638,76773257,+,GT-AG,GT,AG,annotated on 5',annotated on 3',0,1,"['ENSMUST00000041262.13', 'ENSMUST00000126408.1', 'ENSMUST00000110399.2', 'ENSMUST00000125842.7', 'ENSMUST00000137826.7']","['ENSMUST00000041262.13', 'ENSMUST00000110399.2', 'ENSMUST00000125842.7', 'ENSMUST00000137826.7']","['ENSMUST00000125842.7', 'ENSMUST00000041262.13', 'ENSMUST00000110399.2', 'ENSMUST00000137826.7']",['ENSMUST00000126408.1'],[],"['nonsense_mediated_decay', 'protein_coding']","['ENSMUSG00000090258.7', 'ENSMUSG00000033373.16']","['Churc1', 'Fntb']","['ENSMUST00000110399.2', 'ENSMUST00000125842.7', 'ENSMUST00000137826.7', 'ENSMUST00000041262.13', 'ENSMUST00000126408.1']","['ENSMUST00000125842.7', 'ENSMUST00000041262.13', 'ENSMUST00000110399.2', 'ENSMUST00000137826.7']",['protein_coding']
chr12_76773393_76775593_+,16,707,chr12,76773393,76775593,+,GT-AG,GT,AG,annotated on 5',annotated on 3',0,1,"['ENSMUST00000041262.13', 'ENSMUST00000110399.2', 'ENSMUST00000125842.7', 'ENSMUST00000137826.7', 'ENSMUST00000152917.1']","['ENSMUST00000041262.13', 'ENSMUST00000126408.1', 'ENSMUST00000137826.7', 'ENSMUST00000152917.1']","['ENSMUST00000041262.13', 'ENSMUST00000152917.1', 'ENSMUST00000137826.7']","['ENSMUST00000125842.7', 'ENSMUST00000110399.2']",['ENSMUST00000126408.1'],"['nonsense_mediated_decay', 'protein_coding', 'retained_intron']","['ENSMUSG00000090258.7', 'ENSMUSG00000033373.16']","['Churc1', 'Fntb']","['ENSMUST00000152917.1', 'ENSMUST00000110399.2', 'ENSMUST00000125842.7', 'ENSMUST00000137826.7', 'ENSMUST00000041262.13']","['ENSMUST00000041262.13', 'ENSMUST00000152917.1', 'ENSMUST00000126408.1', 'ENSMUST00000137826.7']",['protein_coding']
chr12_76775664_76782812_+,16,816,chr12,76775664,76782812,+,GT-AG,GT,AG,annotated on 5',annotated on 3',0,1,"['ENSMUST00000041262.13', 'ENSMUST00000126408.1', 'ENSMUST00000137826.7']","['ENSMUST00000041262.13', 'ENSMUST00000126408.1', 'ENSMUST00000110399.2']","['ENSMUST00000041262.13', 'ENSMUST00000126408.1']",['ENSMUST00000137826.7'],['ENSMUST00000110399.2'],['protein_coding'],"['ENSMUSG00000090258.7', 'ENSMUSG00000033373.16']","['Churc1', 'Fntb']","['ENSMUST00000041262.13', 'ENSMUST00000126408.1', 'ENSMUST00000137826.7']","['ENSMUST00000041262.13', 'ENSMUST00000110399.2', 'ENSMUST00000126408.1']",['protein_coding']
chr12_81474649_81480930_-,11,419,chr12,81474649,81480930,-,GT-AG,GT,AG,annotated on 5',annotated on 3',1,0,"['ENSMUST00000164386.7', 'ENSMUST00000110340.8', 'ENSMUST00000166723.7', 'ENSMUST00000166664.1', 'ENSMUST00000002757.10', 'ENSMUST00000171237.7', 'ENSMUST00000168463.7', 'ENSMUST00000163282.7', 'ENSMUST00000167819.1', 'ENSMUST00000169124.1', 'ENSMUST00000171459.7', 'ENSMUST00000170958.7', 'ENSMUST00000168961.7']","['ENSMUST00000164386.7', 'ENSMUST00000110340.8', 'ENSMUST00000166723.7', 'ENSMUST00000166664.1', 'ENSMUST00000002757.10', 'ENSMUST00000171237.7', 'ENSMUST00000168463.7', 'ENSMUST00000163282.7', 'ENSMUST00000167819.1', 'ENSMUST00000169124.1', 'ENSMUST00000171459.7', 'ENSMUST00000170958.7', 'ENSMUST00000168961.7']","['ENSMUST00000170958.7', 'ENSMUST00000168961.7', 'ENSMUST00000171237.7', 'ENSMUST00000164386.7', 'ENSMUST00000110340.8', 'ENSMUST00000166723.7', 'ENSMUST00000168463.7', 'ENSMUST00000171459.7', 'ENSMUST00000169124.1', 'ENSMUST00000002757.10', 'ENSMUST00000166664.1', 'ENSMUST00000167819.1', 'ENSMUST00000163282.7']",['ENSMUST00000110339.4'],[],"['nonsense_mediated_decay', 'processed_transcript', 'protein_coding']","['ENSMUSG00000021139.17', 'ENSMUSG00000091803.7']","['Gm20498', 'Cox16']","['ENSMUST00000170958.7', 'ENSMUST00000168961.7', 'ENSMUST00000171237.7', 'ENSMUST00000164386.7', 'ENSMUST00000110339.4', 'ENSMUST00000110340.8', 'ENSMUST00000166723.7', 'ENSMUST00000168463.7', 'ENSMUST00000171459.7', 'ENSMUST00000169124.1', 'ENSMUST00000002757.10', 'ENSMUST00000166664.1', 'ENSMUST00000167819.1', 'ENSMUST00000163282.7']","['ENSMUST00000170958.7', 'ENSMUST00000168961.7', 'ENSMUST00000171237.7', 'ENSMUST00000164386.7', 'ENSMUST00000110340.8', 'ENSMUST00000166723.7', 'ENSMUST00000168463.7', 'ENSMUST00000171459.7', 'ENSMUST00000169124.1', 'ENSMUST00000002757.10', 'ENSMUST00000166664.1', 'ENSMUST00000167819.1', 'ENSMUST00000163282.7']",['protein_coding']
chr13_59758995_59762741_-,12,419,chr13,59758995,59762741,-,GT-AG,GT,AG,annotated on 5',annotated on 3',1,0,"['ENSMUST00000057115.6', 'ENSMUST00000225877.1', 'ENSMUST00000225581.1']","['ENSMUST00000057115.6', 'ENSMUST00000225877.1', 'ENSMUST00000225581.1']","['ENSMUST00000225877.1', 'ENSMUST00000057115.6', 'ENSMUST00000225581.1']",[],[],"['processed_transcript', 'protein_coding']","['ENSMUSG00000114763.1', 'ENSMUSG00000044792.7']","['Gm49354', 'Isca1']","['ENSMUST00000225877.1', 'ENSMUST00000057115.6', 'ENSMUST00000225581.1']","['ENSMUST00000225877.1', 'ENSMUST00000057115.6', 'ENSMUST00000225581.1']",['protein_coding']
chr13_100654283_100655033_+,14,575,chr13,100654283,100655033,+,GT-AG,GT,AG,annotated on 5',annotated on 3',0,1,"['ENSMUST00000022135.14', 'ENSMUST00000084721.7', 'ENSMUST00000190729.1', 'ENSMUST00000190165.6', 'ENSMUST00000185767.6', 'ENSMUST00000167256.7', 'ENSMUST00000187792.1']","['ENSMUST00000084721.7', 'ENSMUST00000190729.1', 'ENSMUST00000190165.6', 'ENSMUST00000185767.6', 'ENSMUST00000167256.7', 'ENSMUST00000187792.1']","['ENSMUST00000084721.7', 'ENSMUST00000190165.6', 'ENSMUST00000187792.1', 'ENSMUST00000185767.6', 'ENSMUST00000190729.1', 'ENSMUST00000167256.7']",['ENSMUST00000022135.14'],[],['protein_coding'],"['ENSMUSG00000052293.14', 'ENSMUSG00000078941.9']","['Taf9', 'Ak6']","['ENSMUST00000022135.14', 'ENSMUST00000084721.7', 'ENSMUST00000190165.6', 'ENSMUST00000187792.1', 'ENSMUST00000185767.6', 'ENSMUST00000190729.1', 'ENSMUST00000167256.7']","['ENSMUST00000084721.7', 'ENSMUST00000190165.6', 'ENSMUST00000187792.1', 'ENSMUST00000185767.6', 'ENSMUST00000190729.1', 'ENSMUST00000167256.7']",['protein_coding']
chr18_36665455_36665590_+,5,301,chr18,36665455,36665590,+,GT-AG,GT,AG,annotated on 5',annotated on 3',0,1,"['ENSMUST00000142977.7', 'ENSMUST00000140061.7', 'ENSMUST00000036765.7']","['ENSMUST00000142977.7', 'ENSMUST00000140061.7', 'ENSMUST00000036765.7']","['ENSMUST00000142977.7', 'ENSMUST00000036765.7', 'ENSMUST00000140061.7']",[],[],"['nonsense_mediated_decay', 'protein_coding']","['ENSMUSG00000024483.18', 'ENSMUSG00000090264.1']","['Ankhd1', 'Eif4ebp3']","['ENSMUST00000142977.7', 'ENSMUST00000036765.7', 'ENSMUST00000140061.7']","['ENSMUST00000142977.7', 'ENSMUST00000036765.7', 'ENSMUST00000140061.7']",['protein_coding']
chr19_6081214_6081846_-,10,411,chr19,6081214,6081846,-,GT-AG,GT,AG,annotated on 5',annotated on 3',1,0,"['ENSMUST00000162374.2', 'ENSMUST00000025707.8', 'ENSMUST00000160977.7']","['ENSMUST00000025707.8', 'ENSMUST00000160131.1', 'ENSMUST00000160977.7']","['ENSMUST00000160977.7', 'ENSMUST00000160131.1', 'ENSMUST00000025707.8']","['ENSMUST00000161548.7', 'ENSMUST00000162374.2']",[],"['protein_coding', 'retained_intron']","['ENSMUSG00000100621.1', 'ENSMUSG00000024792.8']","['Gm28374', 'Zfpl1']","['ENSMUST00000160977.7', 'ENSMUST00000025707.8', 'ENSMUST00000162374.2', 'ENSMUST00000161548.7', 'ENSMUST00000160131.1']","['ENSMUST00000160977.7', 'ENSMUST00000160131.1', 'ENSMUST00000025707.8']",['protein_coding']
chr19_6081964_6082180_-,10,673,chr19,6081964,6082180,-,GT-AG,GT,AG,annotated on 5',annotated on 3',1,0,"['ENSMUST00000162374.2', 'ENSMUST00000025707.8', 'ENSMUST00000160131.1', 'ENSMUST00000160977.7', 'ENSMUST00000161548.7']","['ENSMUST00000162374.2', 'ENSMUST00000025707.8', 'ENSMUST00000160131.1', 'ENSMUST00000160977.7', 'ENSMUST00000161548.7']","['ENSMUST00000160977.7', 'ENSMUST00000025707.8', 'ENSMUST00000162374.2', 'ENSMUST00000161548.7', 'ENSMUST00000160131.1']","['ENSMUST00000160712.7', 'ENSMUST00000160448.7', 'ENSMUST00000160357.1', 'ENSMUST00000160444.7']",[],"['nonsense_mediated_decay', 'protein_coding', 'retained_intron']","['ENSMUSG00000100621.1', 'ENSMUSG00000024792.8']","['Gm28374', 'Zfpl1']","['ENSMUST00000160712.7', 'ENSMUST00000160977.7', 'ENSMUST00000160444.7', 'ENSMUST00000025707.8', 'ENSMUST00000162374.2', 'ENSMUST00000160448.7', 'ENSMUST00000161548.7', 'ENSMUST00000160131.1', 'ENSMUST00000160357.1']","['ENSMUST00000160977.7', 'ENSMUST00000025707.8', 'ENSMUST00000162374.2', 'ENSMUST00000161548.7', 'ENSMUST00000160131.1']",['protein_coding']
chr19_6082327_6082398_-,10,520,chr19,6082327,6082398,-,GT-AG,GT,AG,annotated on 5',annotated on 3',1,0,"['ENSMUST00000025707.8', 'ENSMUST00000160977.7', 'ENSMUST00000161548.7', 'ENSMUST00000160448.7', 'ENSMUST00000160357.1', 'ENSMUST00000160712.7']","['ENSMUST00000025707.8', 'ENSMUST00000160977.7', 'ENSMUST00000161548.7', 'ENSMUST00000160448.7', 'ENSMUST00000160357.1', 'ENSMUST00000160712.7']","['ENSMUST00000160712.7', 'ENSMUST00000160977.7', 'ENSMUST00000025707.8', 'ENSMUST00000160448.7', 'ENSMUST00000161548.7', 'ENSMUST00000160357.1']",[],['ENSMUST00000162374.2'],"['nonsense_mediated_decay', 'protein_coding', 'retained_intron']","['ENSMUSG00000100621.1', 'ENSMUSG00000024792.8']","['Gm28374', 'Zfpl1']","['ENSMUST00000160712.7', 'ENSMUST00000160977.7', 'ENSMUST00000025707.8', 'ENSMUST00000160448.7', 'ENSMUST00000161548.7', 'ENSMUST00000160357.1']","['ENSMUST00000160712.7', 'ENSMUST00000160977.7', 'ENSMUST00000025707.8', 'ENSMUST00000162374.2', 'ENSMUST00000160448.7', 'ENSMUST00000161548.7', 'ENSMUST00000160357.1']",['protein_coding']
chr2_122028724_122028807_+,17,357,chr2,122028724,122028807,+,GT-AG,GT,AG,annotated on 5',annotated on 3',0,1,"['ENSMUST00000028668.7', 'ENSMUST00000142747.1']","['ENSMUST00000028668.7', 'ENSMUST00000142747.1']","['ENSMUST00000028668.7', 'ENSMUST00000142747.1']",['ENSMUST00000197244.1'],[],"['miRNA', 'protein_coding', 'processed_transcript']","['ENSMUSG00000104603.1', 'ENSMUSG00000027236.8']","['Gm47314', 'Eif3j1']","['ENSMUST00000028668.7', 'ENSMUST00000197244.1', 'ENSMUST00000142747.1']","['ENSMUST00000028668.7', 'ENSMUST00000142747.1']","['miRNA', 'protein_coding']"
chr2_136885700_136891042_-,7,236,chr2,136885700,136891042,-,GT-AG,GT,AG,annotated on 5',annotated on 3',1,0,"['ENSMUST00000110089.8', 'ENSMUST00000144275.1', 'ENSMUST00000227806.1']","['ENSMUST00000028730.12', 'ENSMUST00000110089.8', 'ENSMUST00000144275.1', 'ENSMUST00000227806.1']","['ENSMUST00000227806.1', 'ENSMUST00000144275.1', 'ENSMUST00000110089.8']",[],"['ENSMUST00000231720.1', 'ENSMUST00000028730.12']","['processed_transcript', 'protein_coding']","['ENSMUSG00000116563.1', 'ENSMUSG00000115423.2', 'ENSMUSG00000027274.16']","['AL731706.2', 'AL731706.1', 'Mkks']","['ENSMUST00000227806.1', 'ENSMUST00000144275.1', 'ENSMUST00000110089.8']","['ENSMUST00000144275.1', 'ENSMUST00000227806.1', 'ENSMUST00000110089.8', 'ENSMUST00000231720.1', 'ENSMUST00000028730.12']",['protein_coding']
chr2_156125370_156126318_-,7,203,chr2,156125370,156126318,-,GT-AG,GT,AG,annotated on 5',annotated on 3',1,0,"['ENSMUST00000162612.7', 'ENSMUST00000160165.7', 'ENSMUST00000159952.7', 'ENSMUST00000029147.15']","['ENSMUST00000162612.7', 'ENSMUST00000160165.7', 'ENSMUST00000159952.7', 'ENSMUST00000029147.15']","['ENSMUST00000159952.7', 'ENSMUST00000160165.7', 'ENSMUST00000029147.15', 'ENSMUST00000162612.7']",[],[],"['nonsense_mediated_decay', 'protein_coding']","['ENSMUSG00000027618.17', 'ENSMUSG00000098950.7']","['Nfs1', 'Gm28036']","['ENSMUST00000159952.7', 'ENSMUST00000160165.7', 'ENSMUST00000029147.15', 'ENSMUST00000162612.7']","['ENSMUST00000159952.7', 'ENSMUST00000160165.7', 'ENSMUST00000029147.15', 'ENSMUST00000162612.7']",['protein_coding']
chr5_31141850_31144699_-,10,505,chr5,31141850,31144699,-,GT-AG,GT,AG,annotated on 5',annotated on 3',1,0,"['ENSMUST00000154241.7', 'ENSMUST00000200744.3', 'ENSMUST00000202241.3', 'ENSMUST00000201353.3', 'ENSMUST00000200864.3', 'ENSMUST00000201171.3', 'ENSMUST00000202836.3']","['ENSMUST00000154241.7', 'ENSMUST00000200744.3', 'ENSMUST00000200833.3', 'ENSMUST00000202241.3', 'ENSMUST00000201353.3', 'ENSMUST00000200864.3', 'ENSMUST00000201171.3', 'ENSMUST00000202836.3']","['ENSMUST00000201353.3', 'ENSMUST00000202836.3', 'ENSMUST00000200744.3', 'ENSMUST00000201171.3', 'ENSMUST00000200864.3', 'ENSMUST00000202241.3', 'ENSMUST00000154241.7']",['ENSMUST00000136581.2'],['ENSMUST00000200833.3'],"['processed_transcript', 'protein_coding', 'retained_intron']","['ENSMUSG00000107283.3', 'ENSMUSG00000101678.3']","['Mpv17', 'Gm29609']","['ENSMUST00000136581.2', 'ENSMUST00000201353.3', 'ENSMUST00000202836.3', 'ENSMUST00000200744.3', 'ENSMUST00000201171.3', 'ENSMUST00000200864.3', 'ENSMUST00000202241.3', 'ENSMUST00000154241.7']","['ENSMUST00000201353.3', 'ENSMUST00000200833.3', 'ENSMUST00000202836.3', 'ENSMUST00000200744.3', 'ENSMUST00000201171.3', 'ENSMUST00000200864.3', 'ENSMUST00000202241.3', 'ENSMUST00000154241.7']",['protein_coding']
chr5_31144752_31145245_-,10,464,chr5,31144752,31145245,-,GT-AG,GT,AG,annotated on 5',annotated on 3',1,0,"['ENSMUST00000154241.7', 'ENSMUST00000200833.3', 'ENSMUST00000201353.3', 'ENSMUST00000200864.3', 'ENSMUST00000201171.3', 'ENSMUST00000202836.3', 'ENSMUST00000201491.1', 'ENSMUST00000136581.2']","['ENSMUST00000154241.7', 'ENSMUST00000200744.3', 'ENSMUST00000202241.3', 'ENSMUST00000201353.3', 'ENSMUST00000200864.3', 'ENSMUST00000201171.3', 'ENSMUST00000202836.3', 'ENSMUST00000202375.3', 'ENSMUST00000201491.1', 'ENSMUST00000136581.2']","['ENSMUST00000201491.1', 'ENSMUST00000136581.2', 'ENSMUST00000201353.3', 'ENSMUST00000202836.3', 'ENSMUST00000201171.3', 'ENSMUST00000200864.3', 'ENSMUST00000202241.3', 'ENSMUST00000154241.7']","['ENSMUST00000202203.1', 'ENSMUST00000200833.3']","['ENSMUST00000202375.3', 'ENSMUST00000200744.3']","['processed_transcript', 'protein_coding', 'retained_intron']","['ENSMUSG00000107283.3', 'ENSMUSG00000101678.3']","['Mpv17', 'Gm29609']","['ENSMUST00000201491.1', 'ENSMUST00000136581.2', 'ENSMUST00000201353.3', 'ENSMUST00000200833.3', 'ENSMUST00000202836.3', 'ENSMUST00000202203.1', 'ENSMUST00000201171.3', 'ENSMUST00000200864.3', 'ENSMUST00000202241.3', 'ENSMUST00000154241.7']","['ENSMUST00000201491.1', 'ENSMUST00000136581.2', 'ENSMUST00000201353.3', 'ENSMUST00000202836.3', 'ENSMUST00000202375.3', 'ENSMUST00000200744.3', 'ENSMUST00000201171.3', 'ENSMUST00000200864.3', 'ENSMUST00000202241.3', 'ENSMUST00000154241.7']",['protein_coding']
chr5_31145278_31145494_-,10,348,chr5,31145278,31145494,-,GT-AG,GT,AG,annotated on 5',annotated on 3',1,0,"['ENSMUST00000154241.7', 'ENSMUST00000200744.3', 'ENSMUST00000200833.3', 'ENSMUST00000202241.3', 'ENSMUST00000201353.3', 'ENSMUST00000200864.3', 'ENSMUST00000202836.3', 'ENSMUST00000202375.3', 'ENSMUST00000201491.1', 'ENSMUST00000136581.2', 'ENSMUST00000202614.3']","['ENSMUST00000154241.7', 'ENSMUST00000200833.3', 'ENSMUST00000202241.3', 'ENSMUST00000201353.3', 'ENSMUST00000200864.3', 'ENSMUST00000201171.3', 'ENSMUST00000202836.3', 'ENSMUST00000202375.3', 'ENSMUST00000201491.1', 'ENSMUST00000136581.2', 'ENSMUST00000202614.3']","['ENSMUST00000201491.1', 'ENSMUST00000136581.2', 'ENSMUST00000201353.3', 'ENSMUST00000200833.3', 'ENSMUST00000202836.3', 'ENSMUST00000202375.3', 'ENSMUST00000202614.3', 'ENSMUST00000200864.3', 'ENSMUST00000202241.3', 'ENSMUST00000154241.7']",['ENSMUST00000200744.3'],['ENSMUST00000201171.3'],"['processed_transcript', 'protein_coding', 'retained_intron']","['ENSMUSG00000107283.3', 'ENSMUSG00000101678.3']","['Mpv17', 'Gm29609']","['ENSMUST00000201491.1', 'ENSMUST00000136581.2', 'ENSMUST00000201353.3', 'ENSMUST00000200833.3', 'ENSMUST00000202836.3', 'ENSMUST00000200744.3', 'ENSMUST00000202375.3', 'ENSMUST00000202614.3', 'ENSMUST00000200864.3', 'ENSMUST00000202241.3', 'ENSMUST00000154241.7']","['ENSMUST00000201491.1', 'ENSMUST00000136581.2', 'ENSMUST00000201353.3', 'ENSMUST00000200833.3', 'ENSMUST00000202836.3', 'ENSMUST00000202375.3', 'ENSMUST00000201171.3', 'ENSMUST00000202614.3', 'ENSMUST00000200864.3', 'ENSMUST00000202241.3', 'ENSMUST00000154241.7']",['protein_coding']
chr5_31145590_31145683_-,10,405,chr5,31145590,31145683,-,GT-AG,GT,AG,annotated on 5',annotated on 3',1,0,"['ENSMUST00000154241.7', 'ENSMUST00000200744.3', 'ENSMUST00000200833.3', 'ENSMUST00000202241.3', 'ENSMUST00000201353.3', 'ENSMUST00000200864.3', 'ENSMUST00000201171.3', 'ENSMUST00000202836.3', 'ENSMUST00000202375.3', 'ENSMUST00000201491.1', 'ENSMUST00000136581.2', 'ENSMUST00000202614.3', 'ENSMUST00000202203.1']","['ENSMUST00000154241.7', 'ENSMUST00000200744.3', 'ENSMUST00000200833.3', 'ENSMUST00000202241.3', 'ENSMUST00000201353.3', 'ENSMUST00000200864.3', 'ENSMUST00000202836.3', 'ENSMUST00000202375.3', 'ENSMUST00000201491.1', 'ENSMUST00000202614.3', 'ENSMUST00000202203.1']","['ENSMUST00000201491.1', 'ENSMUST00000136581.2', 'ENSMUST00000201353.3', 'ENSMUST00000200833.3', 'ENSMUST00000202836.3', 'ENSMUST00000200744.3', 'ENSMUST00000202375.3', 'ENSMUST00000202203.1', 'ENSMUST00000202614.3', 'ENSMUST00000200864.3', 'ENSMUST00000202241.3', 'ENSMUST00000154241.7']",['ENSMUST00000201171.3'],[],"['processed_transcript', 'protein_coding', 'retained_intron']","['ENSMUSG00000107283.3', 'ENSMUSG00000101678.3']","['Mpv17', 'Gm29609']","['ENSMUST00000201491.1', 'ENSMUST00000136581.2', 'ENSMUST00000201353.3', 'ENSMUST00000200833.3', 'ENSMUST00000202836.3', 'ENSMUST00000200744.3', 'ENSMUST00000202375.3', 'ENSMUST00000202203.1', 'ENSMUST00000201171.3', 'ENSMUST00000202614.3', 'ENSMUST00000200864.3', 'ENSMUST00000202241.3', 'ENSMUST00000154241.7']","['ENSMUST00000201491.1', 'ENSMUST00000136581.2', 'ENSMUST00000201353.3', 'ENSMUST00000200833.3', 'ENSMUST00000202836.3', 'ENSMUST00000200744.3', 'ENSMUST00000202375.3', 'ENSMUST00000202203.1', 'ENSMUST00000202614.3', 'ENSMUST00000200864.3', 'ENSMUST00000202241.3', 'ENSMUST00000154241.7']",['protein_coding']
chr5_31145776_31145972_-,10,398,chr5,31145776,31145972,-,GT-AG,GT,AG,annotated on 5',annotated on 3',1,0,"['ENSMUST00000154241.7', 'ENSMUST00000200744.3', 'ENSMUST00000200833.3', 'ENSMUST00000202241.3', 'ENSMUST00000201353.3', 'ENSMUST00000200864.3', 'ENSMUST00000201171.3', 'ENSMUST00000202375.3', 'ENSMUST00000201491.1', 'ENSMUST00000136581.2', 'ENSMUST00000202614.3', 'ENSMUST00000202203.1']","['ENSMUST00000154241.7', 'ENSMUST00000200744.3', 'ENSMUST00000200833.3', 'ENSMUST00000202241.3', 'ENSMUST00000201353.3', 'ENSMUST00000200864.3', 'ENSMUST00000201171.3', 'ENSMUST00000202375.3', 'ENSMUST00000201491.1', 'ENSMUST00000136581.2', 'ENSMUST00000202614.3', 'ENSMUST00000202203.1']","['ENSMUST00000201491.1', 'ENSMUST00000136581.2', 'ENSMUST00000201353.3', 'ENSMUST00000200833.3', 'ENSMUST00000202375.3', 'ENSMUST00000200744.3', 'ENSMUST00000202203.1', 'ENSMUST00000201171.3', 'ENSMUST00000202614.3', 'ENSMUST00000200864.3', 'ENSMUST00000202241.3', 'ENSMUST00000154241.7']",[],[],"['processed_transcript', 'protein_coding', 'retained_intron']","['ENSMUSG00000107283.3', 'ENSMUSG00000101678.3']","['Mpv17', 'Gm29609']","['ENSMUST00000201491.1', 'ENSMUST00000136581.2', 'ENSMUST00000201353.3', 'ENSMUST00000200833.3', 'ENSMUST00000202375.3', 'ENSMUST00000200744.3', 'ENSMUST00000202203.1', 'ENSMUST00000201171.3', 'ENSMUST00000202614.3', 'ENSMUST00000200864.3', 'ENSMUST00000202241.3', 'ENSMUST00000154241.7']","['ENSMUST00000201491.1', 'ENSMUST00000136581.2', 'ENSMUST00000201353.3', 'ENSMUST00000200833.3', 'ENSMUST00000202375.3', 'ENSMUST00000200744.3', 'ENSMUST00000202203.1', 'ENSMUST00000201171.3', 'ENSMUST00000202614.3', 'ENSMUST00000200864.3', 'ENSMUST00000202241.3', 'ENSMUST00000154241.7']",['protein_coding']
chr5_31146088_31153667_-,9,286,chr5,31146088,31153667,-,GT-AG,GT,AG,annotated on 5',annotated on 3',1,0,"['ENSMUST00000154241.7', 'ENSMUST00000200744.3', 'ENSMUST00000200833.3', 'ENSMUST00000202241.3', 'ENSMUST00000201353.3', 'ENSMUST00000200864.3', 'ENSMUST00000202375.3', 'ENSMUST00000201491.1', 'ENSMUST00000136581.2', 'ENSMUST00000202614.3', 'ENSMUST00000202203.1', 'ENSMUST00000101411.5']","['ENSMUST00000154241.7', 'ENSMUST00000200744.3', 'ENSMUST00000200833.3', 'ENSMUST00000202241.3', 'ENSMUST00000201353.3', 'ENSMUST00000200864.3', 'ENSMUST00000202375.3', 'ENSMUST00000201491.1', 'ENSMUST00000136581.2', 'ENSMUST00000202614.3', 'ENSMUST00000202203.1']","['ENSMUST00000201491.1', 'ENSMUST00000136581.2', 'ENSMUST00000201353.3', 'ENSMUST00000200833.3', 'ENSMUST00000202375.3', 'ENSMUST00000200744.3', 'ENSMUST00000202203.1', 'ENSMUST00000202614.3', 'ENSMUST00000200864.3', 'ENSMUST00000202241.3', 'ENSMUST00000154241.7']",['ENSMUST00000101411.5'],"['ENSMUST00000201171.3', 'ENSMUST00000202836.3']","['processed_transcript', 'protein_coding', 'retained_intron']","['ENSMUSG00000107283.3', 'ENSMUSG00000101678.3']","['Mpv17', 'Gm29609']","['ENSMUST00000201491.1', 'ENSMUST00000136581.2', 'ENSMUST00000201353.3', 'ENSMUST00000200833.3', 'ENSMUST00000202375.3', 'ENSMUST00000200744.3', 'ENSMUST00000101411.5', 'ENSMUST00000202203.1', 'ENSMUST00000202614.3', 'ENSMUST00000200864.3', 'ENSMUST00000202241.3', 'ENSMUST00000154241.7']","['ENSMUST00000201491.1', 'ENSMUST00000136581.2', 'ENSMUST00000201353.3', 'ENSMUST00000200833.3', 'ENSMUST00000202836.3', 'ENSMUST00000200744.3', 'ENSMUST00000202375.3', 'ENSMUST00000202203.1', 'ENSMUST00000201171.3', 'ENSMUST00000202614.3', 'ENSMUST00000200864.3', 'ENSMUST00000202241.3', 'ENSMUST00000154241.7']",['protein_coding']
chr5_31153742_31154190_-,9,249,chr5,31153742,31154190,-,GT-AG,GT,AG,annotated on 5',annotated on 3',1,0,"['ENSMUST00000154241.7', 'ENSMUST00000200744.3', 'ENSMUST00000200833.3', 'ENSMUST00000202241.3', 'ENSMUST00000202375.3', 'ENSMUST00000201491.1', 'ENSMUST00000136581.2', 'ENSMUST00000202614.3', 'ENSMUST00000101411.5']","['ENSMUST00000154241.7', 'ENSMUST00000200744.3', 'ENSMUST00000200833.3', 'ENSMUST00000202241.3', 'ENSMUST00000201353.3', 'ENSMUST00000200864.3', 'ENSMUST00000202375.3', 'ENSMUST00000201491.1', 'ENSMUST00000136581.2', 'ENSMUST00000202614.3', 'ENSMUST00000202203.1', 'ENSMUST00000101411.5']","['ENSMUST00000201491.1', 'ENSMUST00000136581.2', 'ENSMUST00000201353.3', 'ENSMUST00000200833.3', 'ENSMUST00000202375.3', 'ENSMUST00000200744.3', 'ENSMUST00000101411.5', 'ENSMUST00000202614.3', 'ENSMUST00000200864.3', 'ENSMUST00000202241.3', 'ENSMUST00000154241.7']",[],['ENSMUST00000202203.1'],"['processed_transcript', 'protein_coding', 'retained_intron']","['ENSMUSG00000107283.3', 'ENSMUSG00000101678.3']","['Mpv17', 'Gm29609']","['ENSMUST00000201491.1', 'ENSMUST00000136581.2', 'ENSMUST00000201353.3', 'ENSMUST00000200833.3', 'ENSMUST00000202375.3', 'ENSMUST00000200744.3', 'ENSMUST00000101411.5', 'ENSMUST00000202614.3', 'ENSMUST00000200864.3', 'ENSMUST00000202241.3', 'ENSMUST00000154241.7']","['ENSMUST00000201491.1', 'ENSMUST00000136581.2', 'ENSMUST00000201353.3', 'ENSMUST00000200833.3', 'ENSMUST00000202375.3', 'ENSMUST00000200744.3', 'ENSMUST00000101411.5', 'ENSMUST00000202203.1', 'ENSMUST00000202614.3', 'ENSMUST00000200864.3', 'ENSMUST00000202241.3', 'ENSMUST00000154241.7']",['protein_coding']
chr5_86815730_86816463_+,8,232,chr5,86815730,86816463,+,GT-AG,GT,AG,annotated on 5',annotated on 3',0,1,"['ENSMUST00000198859.1', 'ENSMUST00000119339.7', 'ENSMUST00000120498.7', 'ENSMUST00000156363.7', 'ENSMUST00000038384.7', 'ENSMUST00000151489.7']","['ENSMUST00000198859.1', 'ENSMUST00000119339.7', 'ENSMUST00000120498.7', 'ENSMUST00000156363.7', 'ENSMUST00000038384.7', 'ENSMUST00000151489.7']","['ENSMUST00000151489.7', 'ENSMUST00000038384.7', 'ENSMUST00000198859.1', 'ENSMUST00000156363.7', 'ENSMUST00000120498.7', 'ENSMUST00000119339.7']",[],[],"['nonsense_mediated_decay', 'protein_coding', 'lincRNA', 'retained_intron']","['ENSMUSG00000105704.1', 'ENSMUSG00000035851.14']","['Gm43055', 'Ythdc1']","['ENSMUST00000151489.7', 'ENSMUST00000038384.7', 'ENSMUST00000198859.1', 'ENSMUST00000156363.7', 'ENSMUST00000120498.7', 'ENSMUST00000119339.7']","['ENSMUST00000151489.7', 'ENSMUST00000038384.7', 'ENSMUST00000198859.1', 'ENSMUST00000156363.7', 'ENSMUST00000120498.7', 'ENSMUST00000119339.7']","['protein_coding', 'lincRNA']"
chr5_140427145_140427409_+,13,333,chr5,140427145,140427409,+,GT-AG,GT,AG,annotated on 5',annotated on 3',0,1,"['ENSMUST00000100507.7', 'ENSMUST00000197632.1']",['ENSMUST00000100507.7'],['ENSMUST00000100507.7'],['ENSMUST00000197632.1'],['ENSMUST00000184833.1'],"['miRNA', 'protein_coding', 'retained_intron']","['ENSMUSG00000056076.13', 'ENSMUSG00000098319.1']","['Eif3b', 'Mir7038']","['ENSMUST00000100507.7', 'ENSMUST00000197632.1']","['ENSMUST00000100507.7', 'ENSMUST00000184833.1']","['miRNA', 'protein_coding']"
chr6_125047070_125047210_+,6,269,chr6,125047070,125047210,+,GT-AG,GT,AG,annotated on 5',annotated on 3',0,1,"['ENSMUST00000140131.7', 'ENSMUST00000203287.2', 'ENSMUST00000032480.13', 'ENSMUST00000140883.6', 'ENSMUST00000151125.7', 'ENSMUST00000112417.8', 'ENSMUST00000156091.1']","['ENSMUST00000140131.7', 'ENSMUST00000203287.2', 'ENSMUST00000032480.13', 'ENSMUST00000140883.6', 'ENSMUST00000151125.7', 'ENSMUST00000112417.8', 'ENSMUST00000156091.1']","['ENSMUST00000203287.2', 'ENSMUST00000140131.7', 'ENSMUST00000032480.13', 'ENSMUST00000112417.8', 'ENSMUST00000151125.7', 'ENSMUST00000140883.6', 'ENSMUST00000156091.1']",[],[],"['nonsense_mediated_decay', 'protein_coding', 'retained_intron']","['ENSMUSG00000030330.15', 'ENSMUSG00000108037.2']","['Ing4', 'Gm44597']","['ENSMUST00000203287.2', 'ENSMUST00000140131.7', 'ENSMUST00000032480.13', 'ENSMUST00000112417.8', 'ENSMUST00000151125.7', 'ENSMUST00000140883.6', 'ENSMUST00000156091.1']","['ENSMUST00000203287.2', 'ENSMUST00000140131.7', 'ENSMUST00000032480.13', 'ENSMUST00000112417.8', 'ENSMUST00000151125.7', 'ENSMUST00000140883.6', 'ENSMUST00000156091.1']","['processed_transcript', 'protein_coding']"
chr6_125047940_125048175_+,6,231,chr6,125047940,125048175,+,GT-AG,GT,AG,annotated on 5',annotated on 3',0,1,"['ENSMUST00000140131.7', 'ENSMUST00000203287.2', 'ENSMUST00000032480.13', 'ENSMUST00000140883.6', 'ENSMUST00000112417.8']","['ENSMUST00000140131.7', 'ENSMUST00000203287.2', 'ENSMUST00000032480.13', 'ENSMUST00000140883.6', 'ENSMUST00000112417.8']","['ENSMUST00000203287.2', 'ENSMUST00000140131.7', 'ENSMUST00000032480.13', 'ENSMUST00000112417.8', 'ENSMUST00000140883.6']",['ENSMUST00000156091.1'],[],"['nonsense_mediated_decay', 'protein_coding', 'retained_intron']","['ENSMUSG00000030330.15', 'ENSMUSG00000108037.2']","['Ing4', 'Gm44597']","['ENSMUST00000203287.2', 'ENSMUST00000140131.7', 'ENSMUST00000032480.13', 'ENSMUST00000112417.8', 'ENSMUST00000140883.6', 'ENSMUST00000156091.1']","['ENSMUST00000203287.2', 'ENSMUST00000140131.7', 'ENSMUST00000032480.13', 'ENSMUST00000112417.8', 'ENSMUST00000140883.6']","['processed_transcript', 'protein_coding']"
chr7_5015560_5017436_+,7,282,chr7,5015560,5017436,+,GT-AG,GT,AG,annotated on 5',annotated on 3',0,1,"['ENSMUST00000086349.4', 'ENSMUST00000207050.1']","['ENSMUST00000207901.1', 'ENSMUST00000086349.4', 'ENSMUST00000207050.1', 'ENSMUST00000209030.1']","['ENSMUST00000086349.4', 'ENSMUST00000207050.1']",[],"['ENSMUST00000209030.1', 'ENSMUST00000207901.1']",['protein_coding'],"['ENSMUSG00000109129.1', 'ENSMUSG00000051184.7']","['Gm44973', 'Zfp524']","['ENSMUST00000086349.4', 'ENSMUST00000207050.1']","['ENSMUST00000209030.1', 'ENSMUST00000207901.1', 'ENSMUST00000086349.4', 'ENSMUST00000207050.1']",['protein_coding']
chr7_27168804_27172636_-,13,361,chr7,27168804,27172636,-,GT-AG,GT,AG,annotated on 5',annotated on 3',1,0,"['ENSMUST00000093040.12', 'ENSMUST00000153511.7', 'ENSMUST00000134462.7', 'ENSMUST00000154724.1', 'ENSMUST00000152753.7']","['ENSMUST00000093040.12', 'ENSMUST00000153511.7', 'ENSMUST00000134462.7', 'ENSMUST00000154724.1', 'ENSMUST00000152753.7']","['ENSMUST00000152753.7', 'ENSMUST00000153511.7', 'ENSMUST00000093040.12', 'ENSMUST00000134462.7', 'ENSMUST00000154724.1']",['ENSMUST00000131420.1'],[],"['nonsense_mediated_decay', 'processed_transcript', 'protein_coding', 'retained_intron']","['ENSMUSG00000095538.1', 'ENSMUSG00000053291.15']","['Gm21983', 'Rab4b']","['ENSMUST00000152753.7', 'ENSMUST00000153511.7', 'ENSMUST00000093040.12', 'ENSMUST00000134462.7', 'ENSMUST00000131420.1', 'ENSMUST00000154724.1']","['ENSMUST00000152753.7', 'ENSMUST00000153511.7', 'ENSMUST00000093040.12', 'ENSMUST00000134462.7', 'ENSMUST00000154724.1']",['protein_coding']
chr7_27172767_27172863_-,12,444,chr7,27172767,27172863,-,GT-AG,GT,AG,annotated on 5',annotated on 3',1,0,"['ENSMUST00000093040.12', 'ENSMUST00000153511.7', 'ENSMUST00000134462.7', 'ENSMUST00000154724.1', 'ENSMUST00000152753.7', 'ENSMUST00000131278.1', 'ENSMUST00000131420.1']","['ENSMUST00000093040.12', 'ENSMUST00000153511.7', 'ENSMUST00000134462.7', 'ENSMUST00000154724.1', 'ENSMUST00000152753.7', 'ENSMUST00000131278.1', 'ENSMUST00000131420.1']","['ENSMUST00000152753.7', 'ENSMUST00000153511.7', 'ENSMUST00000093040.12', 'ENSMUST00000134462.7', 'ENSMUST00000131420.1', 'ENSMUST00000131278.1', 'ENSMUST00000154724.1']",[],[],"['nonsense_mediated_decay', 'processed_transcript', 'protein_coding', 'retained_intron']","['ENSMUSG00000095538.1', 'ENSMUSG00000053291.15']","['Gm21983', 'Rab4b']","['ENSMUST00000152753.7', 'ENSMUST00000153511.7', 'ENSMUST00000093040.12', 'ENSMUST00000134462.7', 'ENSMUST00000131420.1', 'ENSMUST00000131278.1', 'ENSMUST00000154724.1']","['ENSMUST00000152753.7', 'ENSMUST00000153511.7', 'ENSMUST00000093040.12', 'ENSMUST00000134462.7', 'ENSMUST00000131420.1', 'ENSMUST00000131278.1', 'ENSMUST00000154724.1']",['protein_coding']
chr7_27174576_27174715_-,11,450,chr7,27174576,27174715,-,GT-AG,GT,AG,annotated on 5',annotated on 3',1,0,"['ENSMUST00000093040.12', 'ENSMUST00000153511.7', 'ENSMUST00000134462.7', 'ENSMUST00000154724.1', 'ENSMUST00000152753.7']","['ENSMUST00000093040.12', 'ENSMUST00000134462.7', 'ENSMUST00000154724.1', 'ENSMUST00000152753.7']","['ENSMUST00000152753.7', 'ENSMUST00000093040.12', 'ENSMUST00000134462.7', 'ENSMUST00000154724.1']",['ENSMUST00000153511.7'],['ENSMUST00000131278.1'],"['nonsense_mediated_decay', 'processed_transcript', 'protein_coding', 'retained_intron']","['ENSMUSG00000095538.1', 'ENSMUSG00000053291.15']","['Gm21983', 'Rab4b']","['ENSMUST00000152753.7', 'ENSMUST00000153511.7', 'ENSMUST00000093040.12', 'ENSMUST00000134462.7', 'ENSMUST00000154724.1']","['ENSMUST00000152753.7', 'ENSMUST00000093040.12', 'ENSMUST00000134462.7', 'ENSMUST00000131278.1', 'ENSMUST00000154724.1']",['protein_coding']
chr7_27174778_27175778_-,11,230,chr7,27174778,27175778,-,GT-AG,GT,AG,annotated on 5',annotated on 3',1,0,"['ENSMUST00000093040.12', 'ENSMUST00000153511.7', 'ENSMUST00000134462.7', 'ENSMUST00000154724.1', 'ENSMUST00000152753.7']","['ENSMUST00000093040.12', 'ENSMUST00000153511.7', 'ENSMUST00000134462.7', 'ENSMUST00000154724.1']","['ENSMUST00000152753.7', 'ENSMUST00000153511.7', 'ENSMUST00000093040.12', 'ENSMUST00000134462.7', 'ENSMUST00000154724.1']","['ENSMUST00000141906.1', 'ENSMUST00000128409.1']",[],"['nonsense_mediated_decay', 'processed_transcript', 'protein_coding', 'retained_intron']","['ENSMUSG00000095538.1', 'ENSMUSG00000053291.15']","['Gm21983', 'Rab4b']","['ENSMUST00000128409.1', 'ENSMUST00000152753.7', 'ENSMUST00000153511.7', 'ENSMUST00000141906.1', 'ENSMUST00000093040.12', 'ENSMUST00000134462.7', 'ENSMUST00000154724.1']","['ENSMUST00000152753.7', 'ENSMUST00000153511.7', 'ENSMUST00000093040.12', 'ENSMUST00000134462.7', 'ENSMUST00000154724.1']",['protein_coding']
chr7_101511220_101511455_+,5,301,chr7,101511220,101511455,+,GT-AG,GT,AG,annotated on 5',annotated on 3',0,1,"['ENSMUST00000084894.14', 'ENSMUST00000163751.9', 'ENSMUST00000211368.1', 'ENSMUST00000166652.1', 'ENSMUST00000210364.1', 'ENSMUST00000209537.1']","['ENSMUST00000084894.14', 'ENSMUST00000163751.9', 'ENSMUST00000211368.1', 'ENSMUST00000166652.1', 'ENSMUST00000210364.1', 'ENSMUST00000209537.1']","['ENSMUST00000210364.1', 'ENSMUST00000163751.9', 'ENSMUST00000084894.14', 'ENSMUST00000166652.1', 'ENSMUST00000209537.1', 'ENSMUST00000211368.1']",[],[],"['nonsense_mediated_decay', 'protein_coding']","['ENSMUSG00000030653.17', 'ENSMUSG00000110195.1']","['Gm45837', 'Pde2a']","['ENSMUST00000210364.1', 'ENSMUST00000163751.9', 'ENSMUST00000084894.14', 'ENSMUST00000166652.1', 'ENSMUST00000209537.1', 'ENSMUST00000211368.1']","['ENSMUST00000210364.1', 'ENSMUST00000163751.9', 'ENSMUST00000084894.14', 'ENSMUST00000166652.1', 'ENSMUST00000209537.1', 'ENSMUST00000211368.1']",['protein_coding']
chr8_70509631_70510337_-,13,425,chr8,70509631,70510337,-,GT-AG,GT,AG,annotated on 5',annotated on 3',1,0,"['ENSMUST00000125184.7', 'ENSMUST00000127793.1', 'ENSMUST00000081940.10']","['ENSMUST00000140679.7', 'ENSMUST00000081940.10']","['ENSMUST00000125184.7', 'ENSMUST00000081940.10', 'ENSMUST00000127793.1']",[],"['ENSMUST00000138260.7', 'ENSMUST00000129909.7', 'ENSMUST00000135446.7', 'ENSMUST00000121623.7', 'ENSMUST00000140679.7', 'ENSMUST00000165126.8']","['protein_coding', 'retained_intron']","['ENSMUSG00000055553.16', 'ENSMUSG00000090137.8']","['Kxd1', 'Uba52']","['ENSMUST00000125184.7', 'ENSMUST00000081940.10', 'ENSMUST00000127793.1']","['ENSMUST00000081940.10', 'ENSMUST00000138260.7', 'ENSMUST00000129909.7', 'ENSMUST00000127793.1', 'ENSMUST00000135446.7', 'ENSMUST00000121623.7', 'ENSMUST00000125184.7', 'ENSMUST00000140679.7', 'ENSMUST00000165126.8']",['protein_coding']
chr8_117452276_117453079_+,8,290,chr8,117452276,117453079,+,GT-AG,GT,AG,annotated on 5',annotated on 3',0,1,"['ENSMUST00000166750.8', 'ENSMUST00000095172.5', 'ENSMUST00000212884.1']","['ENSMUST00000166750.8', 'ENSMUST00000095172.5', 'ENSMUST00000212884.1']","['ENSMUST00000166750.8', 'ENSMUST00000095172.5', 'ENSMUST00000212884.1']",[],['ENSMUST00000183991.1'],"['miRNA', 'protein_coding', 'retained_intron']","['ENSMUSG00000099062.1', 'ENSMUSG00000034390.16']","['Mir7077', 'Cmip']","['ENSMUST00000166750.8', 'ENSMUST00000095172.5', 'ENSMUST00000212884.1']","['ENSMUST00000166750.8', 'ENSMUST00000095172.5', 'ENSMUST00000183991.1', 'ENSMUST00000212884.1']","['miRNA', 'protein_coding']"
chr8_117456957_117459328_+,12,311,chr8,117456957,117459328,+,GT-AG,GT,AG,annotated on 5',annotated on 3',0,1,"['ENSMUST00000166750.8', 'ENSMUST00000095172.5', 'ENSMUST00000212884.1']","['ENSMUST00000166750.8', 'ENSMUST00000095172.5', 'ENSMUST00000212884.1']","['ENSMUST00000166750.8', 'ENSMUST00000095172.5', 'ENSMUST00000212884.1']",[],['ENSMUST00000183794.1'],"['miRNA', 'protein_coding', 'retained_intron']","['ENSMUSG00000034390.16', 'ENSMUSG00000098483.1']","['Cmip', 'Mir7078']","['ENSMUST00000166750.8', 'ENSMUST00000095172.5', 'ENSMUST00000212884.1']","['ENSMUST00000166750.8', 'ENSMUST00000095172.5', 'ENSMUST00000183794.1', 'ENSMUST00000212884.1']","['miRNA', 'protein_coding']"
chr8_120660860_120667756_-,12,571,chr8,120660860,120667756,-,GT-AG,GT,AG,annotated on 5',annotated on 3',1,0,"['ENSMUST00000181333.1', 'ENSMUST00000034277.13', 'ENSMUST00000181402.1', 'ENSMUST00000181950.1', 'ENSMUST00000180417.7', 'ENSMUST00000181111.7', 'ENSMUST00000181836.1', 'ENSMUST00000181334.1', 'ENSMUST00000180909.1']","['ENSMUST00000034277.13', 'ENSMUST00000181402.1', 'ENSMUST00000180417.7', 'ENSMUST00000181111.7', 'ENSMUST00000181836.1', 'ENSMUST00000181334.1', 'ENSMUST00000180909.1']","['ENSMUST00000181334.1', 'ENSMUST00000180909.1', 'ENSMUST00000181402.1', 'ENSMUST00000181111.7', 'ENSMUST00000181836.1', 'ENSMUST00000034277.13', 'ENSMUST00000180417.7']","['ENSMUST00000181333.1', 'ENSMUST00000181950.1']",[],"['nonsense_mediated_decay', 'protein_coding', 'retained_intron']","['ENSMUSG00000031819.13', 'ENSMUSG00000097919.1']","['Emc8', 'Gm27021']","['ENSMUST00000181333.1', 'ENSMUST00000181334.1', 'ENSMUST00000180909.1', 'ENSMUST00000181402.1', 'ENSMUST00000181111.7', 'ENSMUST00000181836.1', 'ENSMUST00000034277.13', 'ENSMUST00000181950.1', 'ENSMUST00000180417.7']","['ENSMUST00000181334.1', 'ENSMUST00000180909.1', 'ENSMUST00000181402.1', 'ENSMUST00000181111.7', 'ENSMUST00000181836.1', 'ENSMUST00000034277.13', 'ENSMUST00000180417.7']",['protein_coding']
chr9_103191123_103192212_-,10,359,chr9,103191123,103192212,-,GT-AG,GT,AG,annotated on 5',annotated on 3',1,0,"['ENSMUST00000035157.9', 'ENSMUST00000163567.7', 'ENSMUST00000166836.1', 'ENSMUST00000190760.1']","['ENSMUST00000035157.9', 'ENSMUST00000163567.7', 'ENSMUST00000166836.1', 'ENSMUST00000190760.1']","['ENSMUST00000190760.1', 'ENSMUST00000035157.9', 'ENSMUST00000163567.7', 'ENSMUST00000166836.1']",[],[],"['protein_coding', 'retained_intron']","['ENSMUSG00000032553.14', 'ENSMUSG00000090639.1']","['Srprb', 'Gm20425']","['ENSMUST00000190760.1', 'ENSMUST00000035157.9', 'ENSMUST00000163567.7', 'ENSMUST00000166836.1']","['ENSMUST00000190760.1', 'ENSMUST00000035157.9', 'ENSMUST00000163567.7', 'ENSMUST00000166836.1']",['protein_coding']
chr9_103192349_103197537_-,10,288,chr9,103192349,103197537,-,GT-AG,GT,AG,annotated on 5',annotated on 3',1,0,"['ENSMUST00000035157.9', 'ENSMUST00000163567.7', 'ENSMUST00000166836.1']","['ENSMUST00000035157.9', 'ENSMUST00000163567.7', 'ENSMUST00000166836.1']","['ENSMUST00000035157.9', 'ENSMUST00000163567.7', 'ENSMUST00000166836.1']",[],['ENSMUST00000190760.1'],"['protein_coding', 'retained_intron']","['ENSMUSG00000032553.14', 'ENSMUSG00000090639.1']","['Srprb', 'Gm20425']","['ENSMUST00000035157.9', 'ENSMUST00000163567.7', 'ENSMUST00000166836.1']","['ENSMUST00000190760.1', 'ENSMUST00000035157.9', 'ENSMUST00000163567.7', 'ENSMUST00000166836.1']",['protein_coding']
chr9_103198866_103201286_-,10,227,chr9,103198866,103201286,-,GT-AG,GT,AG,annotated on 5',annotated on 3',1,0,"['ENSMUST00000035157.9', 'ENSMUST00000163567.7', 'ENSMUST00000166836.1']","['ENSMUST00000035157.9', 'ENSMUST00000163567.7', 'ENSMUST00000166836.1']","['ENSMUST00000035157.9', 'ENSMUST00000163567.7', 'ENSMUST00000166836.1']",[],[],"['protein_coding', 'retained_intron']","['ENSMUSG00000032553.14', 'ENSMUSG00000090639.1']","['Srprb', 'Gm20425']","['ENSMUST00000035157.9', 'ENSMUST00000163567.7', 'ENSMUST00000166836.1']","['ENSMUST00000035157.9', 'ENSMUST00000163567.7', 'ENSMUST00000166836.1']",['protein_coding']
chr9_114401269_114416960_+,7,250,chr9,114401269,114416960,+,GT-AG,GT,AG,annotated on 5',annotated on 3',0,1,"['ENSMUST00000063042.10', 'ENSMUST00000111820.3', 'ENSMUST00000217583.1']",['ENSMUST00000063042.10'],['ENSMUST00000063042.10'],"['ENSMUST00000217583.1', 'ENSMUST00000111820.3']",[],"['nonsense_mediated_decay', 'protein_coding']","['ENSMUSG00000079260.3', 'ENSMUSG00000045594.10']","['Tmppe', 'Glb1']","['ENSMUST00000217583.1', 'ENSMUST00000063042.10', 'ENSMUST00000111820.3']",['ENSMUST00000063042.10'],['protein_coding']
chrX_7595403_7595485_-,5,213,chrX,7595403,7595485,-,GT-AG,GT,AG,annotated on 5',annotated on 3',1,0,"['ENSMUST00000126170.3', 'ENSMUST00000033483.4', 'ENSMUST00000144674.1']","['ENSMUST00000126170.3', 'ENSMUST00000033483.4', 'ENSMUST00000144674.1']","['ENSMUST00000033483.4', 'ENSMUST00000144674.1', 'ENSMUST00000126170.3']",[],[],"['protein_coding', 'retained_intron']","['ENSMUSG00000103436.1', 'ENSMUSG00000031143.4']","['Gm36995', 'Ccdc22']","['ENSMUST00000033483.4', 'ENSMUST00000144674.1', 'ENSMUST00000126170.3']","['ENSMUST00000033483.4', 'ENSMUST00000144674.1', 'ENSMUST00000126170.3']","['processed_transcript', 'protein_coding']"
chrX_74315572_74317429_+,6,230,chrX,74315572,74317429,+,GT-AG,GT,AG,annotated on 5',annotated on 3',0,1,"['ENSMUST00000114160.1', 'ENSMUST00000138242.1']","['ENSMUST00000114160.1', 'ENSMUST00000138242.1']","['ENSMUST00000114160.1', 'ENSMUST00000138242.1']",[],"['ENSMUST00000199697.1', 'ENSMUST00000149312.1']","['miRNA', 'protein_coding', 'retained_intron']","['ENSMUSG00000001962.8', 'ENSMUSG00000106409.1']","['Fam50a', 'Mir7092']","['ENSMUST00000114160.1', 'ENSMUST00000138242.1']","['ENSMUST00000199697.1', 'ENSMUST00000149312.1', 'ENSMUST00000114160.1', 'ENSMUST00000138242.1']","['miRNA', 'protein_coding']"
chr15_102486040_102487087_+,7,258,chr15,102486040,102487087,+,GT-AG,GT,AG,annotated on 5',annotated on 3',0,1,"['ENSMUST00000230129.1', 'ENSMUST00000077037.12', 'ENSMUST00000229102.1', 'ENSMUST00000229854.1', 'ENSMUST00000078404.14', 'ENSMUST00000229958.1', 'ENSMUST00000230728.1', 'ENSMUST00000230114.1', 'ENSMUST00000230539.1', 'ENSMUST00000229219.1', 'ENSMUST00000230577.1', 'ENSMUST00000231085.1', 'ENSMUST00000229061.1', 'ENSMUST00000230282.1']","['ENSMUST00000230129.1', 'ENSMUST00000077037.12', 'ENSMUST00000229618.1', 'ENSMUST00000231089.1', 'ENSMUST00000229802.1', 'ENSMUST00000229854.1', 'ENSMUST00000108838.4', 'ENSMUST00000229918.1', 'ENSMUST00000078404.14', 'ENSMUST00000229958.1', 'ENSMUST00000230728.1', 'ENSMUST00000230114.1', 'ENSMUST00000229746.1', 'ENSMUST00000230211.1', 'ENSMUST00000230577.1', 'ENSMUST00000230918.1', 'ENSMUST00000229533.1', 'ENSMUST00000231085.1', 'ENSMUST00000229432.1', 'ENSMUST00000229061.1', 'ENSMUST00000229822.1', 'ENSMUST00000230282.1', 'ENSMUST00000230997.1']","['ENSMUST00000229822.1', 'ENSMUST00000230282.1', 'ENSMUST00000230577.1', 'ENSMUST00000077037.12', 'ENSMUST00000230728.1', 'ENSMUST00000231085.1', 'ENSMUST00000078404.14', 'ENSMUST00000229958.1', 'ENSMUST00000230129.1', 'ENSMUST00000229061.1', 'ENSMUST00000230114.1', 'ENSMUST00000229854.1']","['ENSMUST00000184881.1', 'ENSMUST00000229102.1', 'ENSMUST00000230539.1', 'ENSMUST00000229219.1']","['ENSMUST00000230918.1', 'ENSMUST00000229533.1', 'ENSMUST00000229746.1', 'ENSMUST00000229918.1', 'ENSMUST00000231089.1', 'ENSMUST00000229618.1', 'ENSMUST00000229802.1', 'ENSMUST00000229432.1', 'ENSMUST00000230997.1', 'ENSMUST00000230211.1', 'ENSMUST00000108838.4']","['misc_RNA', 'processed_transcript', 'protein_coding', 'retained_intron']","['ENSMUSG00000099112.1', 'ENSMUSG00000056851.14']","['Gm27406', 'Pcbp2']","['ENSMUST00000229219.1', 'ENSMUST00000230539.1', 'ENSMUST00000229822.1', 'ENSMUST00000230282.1', 'ENSMUST00000230577.1', 'ENSMUST00000077037.12', 'ENSMUST00000229102.1', 'ENSMUST00000230728.1', 'ENSMUST00000231085.1', 'ENSMUST00000078404.14', 'ENSMUST00000229958.1', 'ENSMUST00000184881.1', 'ENSMUST00000230129.1', 'ENSMUST00000229061.1', 'ENSMUST00000230114.1', 'ENSMUST00000229854.1']","['ENSMUST00000229822.1', 'ENSMUST00000229746.1', 'ENSMUST00000229618.1', 'ENSMUST00000230997.1', 'ENSMUST00000230211.1', 'ENSMUST00000229854.1', 'ENSMUST00000230918.1', 'ENSMUST00000230282.1', 'ENSMUST00000077037.12', 'ENSMUST00000231085.1', 'ENSMUST00000078404.14', 'ENSMUST00000231089.1', 'ENSMUST00000229958.1', 'ENSMUST00000229533.1', 'ENSMUST00000229918.1', 'ENSMUST00000230129.1', 'ENSMUST00000229061.1', 'ENSMUST00000108838.4', 'ENSMUST00000230577.1', 'ENSMUST00000230728.1', 'ENSMUST00000229802.1', 'ENSMUST00000229432.1', 'ENSMUST00000230114.1']","['misc_RNA', 'protein_coding']"
chr18_35562292_35571842_+,7,203,chr18,35562292,35571842,+,GT-AG,GT,AG,annotated on 5',annotated on 3',0,1,"['ENSMUST00000166793.7', 'ENSMUST00000190121.6', 'ENSMUST00000188767.6', 'ENSMUST00000186796.6']","['ENSMUST00000187513.6', 'ENSMUST00000190570.6', 'ENSMUST00000190458.6', 'ENSMUST00000186295.1', 'ENSMUST00000188359.1', 'ENSMUST00000166793.7', 'ENSMUST00000187543.1', 'ENSMUST00000187389.6', 'ENSMUST00000190029.6', 'ENSMUST00000186292.1', 'ENSMUST00000186614.1']","['ENSMUST00000187543.1', 'ENSMUST00000188359.1', 'ENSMUST00000166793.7']","['ENSMUST00000190121.6', 'ENSMUST00000190653.6', 'ENSMUST00000188767.6', 'ENSMUST00000186796.6']","['ENSMUST00000186295.1', 'ENSMUST00000187513.6', 'ENSMUST00000190570.6', 'ENSMUST00000187389.6', 'ENSMUST00000190458.6', 'ENSMUST00000186292.1', 'ENSMUST00000190029.6', 'ENSMUST00000187980.1', 'ENSMUST00000186614.1']","['nonsense_mediated_decay', 'processed_transcript', 'protein_coding', 'retained_intron']","['ENSMUSG00000099703.6', 'ENSMUSG00000037236.14']","['Gm28285', 'Matr3']","['ENSMUST00000187543.1', 'ENSMUST00000190653.6', 'ENSMUST00000188359.1', 'ENSMUST00000186796.6', 'ENSMUST00000190121.6', 'ENSMUST00000188767.6', 'ENSMUST00000166793.7']","['ENSMUST00000187543.1', 'ENSMUST00000188359.1', 'ENSMUST00000186295.1', 'ENSMUST00000187513.6', 'ENSMUST00000190570.6', 'ENSMUST00000190458.6', 'ENSMUST00000187389.6', 'ENSMUST00000166793.7', 'ENSMUST00000186292.1', 'ENSMUST00000190029.6', 'ENSMUST00000187980.1', 'ENSMUST00000186614.1']",['protein_coding']
chr18_35572935_35577557_+,9,302,chr18,35572935,35577557,+,GT-AG,GT,AG,annotated on 5',annotated on 3',0,1,"['ENSMUST00000166793.7', 'ENSMUST00000187389.6', 'ENSMUST00000190029.6', 'ENSMUST00000189039.6', 'ENSMUST00000186614.1']","['ENSMUST00000189163.6', 'ENSMUST00000187793.6', 'ENSMUST00000166793.7', 'ENSMUST00000190653.6', 'ENSMUST00000188767.6', 'ENSMUST00000186796.6', 'ENSMUST00000188275.6', 'ENSMUST00000187389.6', 'ENSMUST00000190029.6', 'ENSMUST00000189039.6', 'ENSMUST00000186614.1']","['ENSMUST00000187389.6', 'ENSMUST00000166793.7', 'ENSMUST00000189039.6', 'ENSMUST00000190029.6', 'ENSMUST00000186614.1']",[],"['ENSMUST00000189163.6', 'ENSMUST00000190653.6', 'ENSMUST00000186796.6', 'ENSMUST00000188767.6', 'ENSMUST00000188275.6', 'ENSMUST00000187793.6']","['nonsense_mediated_decay', 'protein_coding']","['ENSMUSG00000099703.6', 'ENSMUSG00000037236.14']","['Gm28285', 'Matr3']","['ENSMUST00000187389.6', 'ENSMUST00000166793.7', 'ENSMUST00000189039.6', 'ENSMUST00000190029.6', 'ENSMUST00000186614.1']","['ENSMUST00000189163.6', 'ENSMUST00000190653.6', 'ENSMUST00000186796.6', 'ENSMUST00000188767.6', 'ENSMUST00000188275.6', 'ENSMUST00000187389.6', 'ENSMUST00000166793.7', 'ENSMUST00000189039.6', 'ENSMUST00000190029.6', 'ENSMUST00000187793.6', 'ENSMUST00000186614.1']",['protein_coding']
chr18_35577619_35578415_+,10,347,chr18,35577619,35578415,+,GT-AG,GT,AG,annotated on 5',annotated on 3',0,1,"['ENSMUST00000189163.6', 'ENSMUST00000187793.6', 'ENSMUST00000166793.7', 'ENSMUST00000190653.6', 'ENSMUST00000188767.6', 'ENSMUST00000186796.6', 'ENSMUST00000188275.6', 'ENSMUST00000187389.6', 'ENSMUST00000190029.6', 'ENSMUST00000189039.6', 'ENSMUST00000186614.1']","['ENSMUST00000189163.6', 'ENSMUST00000187793.6', 'ENSMUST00000166793.7', 'ENSMUST00000190653.6', 'ENSMUST00000190121.6', 'ENSMUST00000188767.6', 'ENSMUST00000186796.6', 'ENSMUST00000188275.6', 'ENSMUST00000187389.6', 'ENSMUST00000190029.6', 'ENSMUST00000189039.6', 'ENSMUST00000186614.1']","['ENSMUST00000189163.6', 'ENSMUST00000190653.6', 'ENSMUST00000186796.6', 'ENSMUST00000188767.6', 'ENSMUST00000188275.6', 'ENSMUST00000187389.6', 'ENSMUST00000166793.7', 'ENSMUST00000189039.6', 'ENSMUST00000190029.6', 'ENSMUST00000187793.6', 'ENSMUST00000186614.1']",[],['ENSMUST00000190121.6'],"['nonsense_mediated_decay', 'protein_coding']","['ENSMUSG00000099703.6', 'ENSMUSG00000037236.14']","['Gm28285', 'Matr3']","['ENSMUST00000189163.6', 'ENSMUST00000190653.6', 'ENSMUST00000186796.6', 'ENSMUST00000188767.6', 'ENSMUST00000188275.6', 'ENSMUST00000187389.6', 'ENSMUST00000166793.7', 'ENSMUST00000189039.6', 'ENSMUST00000190029.6', 'ENSMUST00000187793.6', 'ENSMUST00000186614.1']","['ENSMUST00000189163.6', 'ENSMUST00000190653.6', 'ENSMUST00000186796.6', 'ENSMUST00000190121.6', 'ENSMUST00000188767.6', 'ENSMUST00000188275.6', 'ENSMUST00000187389.6', 'ENSMUST00000166793.7', 'ENSMUST00000189039.6', 'ENSMUST00000190029.6', 'ENSMUST00000187793.6', 'ENSMUST00000186614.1']",['protein_coding']
chr18_35578457_35578904_+,10,260,chr18,35578457,35578904,+,GT-AG,GT,AG,annotated on 5',annotated on 3',0,1,"['ENSMUST00000189163.6', 'ENSMUST00000187793.6', 'ENSMUST00000166793.7', 'ENSMUST00000190653.6', 'ENSMUST00000190121.6', 'ENSMUST00000188767.6', 'ENSMUST00000186796.6', 'ENSMUST00000188275.6', 'ENSMUST00000187389.6', 'ENSMUST00000190029.6', 'ENSMUST00000189039.6', 'ENSMUST00000186614.1', 'ENSMUST00000186158.1']","['ENSMUST00000189163.6', 'ENSMUST00000187793.6', 'ENSMUST00000166793.7', 'ENSMUST00000190653.6', 'ENSMUST00000190121.6', 'ENSMUST00000188767.6', 'ENSMUST00000186796.6', 'ENSMUST00000188275.6', 'ENSMUST00000187389.6', 'ENSMUST00000190029.6', 'ENSMUST00000189039.6', 'ENSMUST00000186614.1', 'ENSMUST00000186158.1']","['ENSMUST00000189163.6', 'ENSMUST00000190653.6', 'ENSMUST00000186796.6', 'ENSMUST00000186158.1', 'ENSMUST00000190121.6', 'ENSMUST00000188767.6', 'ENSMUST00000188275.6', 'ENSMUST00000187389.6', 'ENSMUST00000166793.7', 'ENSMUST00000189039.6', 'ENSMUST00000190029.6', 'ENSMUST00000187793.6', 'ENSMUST00000186614.1']",[],[],"['nonsense_mediated_decay', 'protein_coding', 'retained_intron']","['ENSMUSG00000099703.6', 'ENSMUSG00000037236.14']","['Gm28285', 'Matr3']","['ENSMUST00000189163.6', 'ENSMUST00000190653.6', 'ENSMUST00000186796.6', 'ENSMUST00000186158.1', 'ENSMUST00000190121.6', 'ENSMUST00000188767.6', 'ENSMUST00000188275.6', 'ENSMUST00000187389.6', 'ENSMUST00000166793.7', 'ENSMUST00000189039.6', 'ENSMUST00000190029.6', 'ENSMUST00000187793.6', 'ENSMUST00000186614.1']","['ENSMUST00000189163.6', 'ENSMUST00000190653.6', 'ENSMUST00000186796.6', 'ENSMUST00000186158.1', 'ENSMUST00000190121.6', 'ENSMUST00000188767.6', 'ENSMUST00000188275.6', 'ENSMUST00000187389.6', 'ENSMUST00000166793.7', 'ENSMUST00000189039.6', 'ENSMUST00000190029.6', 'ENSMUST00000187793.6', 'ENSMUST00000186614.1']",['protein_coding']
chr18_35581295_35581596_+,10,307,chr18,35581295,35581596,+,GT-AG,GT,AG,annotated on 5',annotated on 3',0,1,"['ENSMUST00000187793.6', 'ENSMUST00000166793.7', 'ENSMUST00000190653.6', 'ENSMUST00000190121.6', 'ENSMUST00000188767.6', 'ENSMUST00000186796.6', 'ENSMUST00000188275.6', 'ENSMUST00000187389.6', 'ENSMUST00000190029.6']","['ENSMUST00000187793.6', 'ENSMUST00000166793.7', 'ENSMUST00000190653.6', 'ENSMUST00000190121.6', 'ENSMUST00000188767.6', 'ENSMUST00000186796.6', 'ENSMUST00000188275.6', 'ENSMUST00000187389.6', 'ENSMUST00000190029.6']","['ENSMUST00000190653.6', 'ENSMUST00000186796.6', 'ENSMUST00000190121.6', 'ENSMUST00000188767.6', 'ENSMUST00000188275.6', 'ENSMUST00000187389.6', 'ENSMUST00000166793.7', 'ENSMUST00000190029.6', 'ENSMUST00000187793.6']",[],[],"['nonsense_mediated_decay', 'protein_coding']","['ENSMUSG00000099703.6', 'ENSMUSG00000037236.14']","['Gm28285', 'Matr3']","['ENSMUST00000190653.6', 'ENSMUST00000186796.6', 'ENSMUST00000190121.6', 'ENSMUST00000188767.6', 'ENSMUST00000188275.6', 'ENSMUST00000187389.6', 'ENSMUST00000166793.7', 'ENSMUST00000190029.6', 'ENSMUST00000187793.6']","['ENSMUST00000190653.6', 'ENSMUST00000186796.6', 'ENSMUST00000190121.6', 'ENSMUST00000188767.6', 'ENSMUST00000188275.6', 'ENSMUST00000187389.6', 'ENSMUST00000166793.7', 'ENSMUST00000190029.6', 'ENSMUST00000187793.6']",['protein_coding']
chr19_4001328_4001627_+,6,420,chr19,4001328,4001627,+,GT-AG,GT,AG,annotated on 5',annotated on 3',0,1,"['ENSMUST00000025802.9', 'ENSMUST00000155405.7', 'ENSMUST00000122924.1']","['ENSMUST00000025802.9', 'ENSMUST00000155405.7', 'ENSMUST00000122924.1']","['ENSMUST00000122924.1', 'ENSMUST00000155405.7', 'ENSMUST00000025802.9']",[],[],"['nonsense_mediated_decay', 'protein_coding']","['ENSMUSG00000110949.1', 'ENSMUSG00000024869.10']","['Nudt8', 'Gm49405']","['ENSMUST00000122924.1', 'ENSMUST00000155405.7', 'ENSMUST00000025802.9']","['ENSMUST00000122924.1', 'ENSMUST00000155405.7', 'ENSMUST00000025802.9']",['protein_coding']
chr19_4001705_4001795_+,5,262,chr19,4001705,4001795,+,GT-AG,GT,AG,annotated on 5',annotated on 3',0,1,"['ENSMUST00000025802.9', 'ENSMUST00000155405.7', 'ENSMUST00000122924.1']","['ENSMUST00000025802.9', 'ENSMUST00000155405.7', 'ENSMUST00000122924.1']","['ENSMUST00000122924.1', 'ENSMUST00000155405.7', 'ENSMUST00000025802.9']",[],[],"['nonsense_mediated_decay', 'protein_coding']","['ENSMUSG00000110949.1', 'ENSMUSG00000024869.10']","['Nudt8', 'Gm49405']","['ENSMUST00000122924.1', 'ENSMUST00000155405.7', 'ENSMUST00000025802.9']","['ENSMUST00000122924.1', 'ENSMUST00000155405.7', 'ENSMUST00000025802.9']",['protein_coding']
chr2_154791548_154857268_+,9,344,chr2,154791548,154857268,+,GT-AG,GT,AG,annotated on 5',annotated on 3',0,1,"['ENSMUST00000109701.9', 'ENSMUST00000116389.8', 'ENSMUST00000029120.13', 'ENSMUST00000058089.12', 'ENSMUST00000140713.2', 'ENSMUST00000152038.7', 'ENSMUST00000145202.7', 'ENSMUST00000137333.7']","['ENSMUST00000109701.9', 'ENSMUST00000129137.7', 'ENSMUST00000116389.8', 'ENSMUST00000125872.7', 'ENSMUST00000029120.13', 'ENSMUST00000058089.12', 'ENSMUST00000140713.2', 'ENSMUST00000145202.7', 'ENSMUST00000151578.1']","['ENSMUST00000145202.7', 'ENSMUST00000058089.12', 'ENSMUST00000029120.13', 'ENSMUST00000116389.8', 'ENSMUST00000140713.2', 'ENSMUST00000109701.9']","['ENSMUST00000152038.7', 'ENSMUST00000137333.7']","['ENSMUST00000129137.7', 'ENSMUST00000125872.7', 'ENSMUST00000151578.1']","['processed_transcript', 'protein_coding']","['ENSMUSG00000027593.15', 'ENSMUSG00000027596.10']","['Raly', 'a']","['ENSMUST00000145202.7', 'ENSMUST00000152038.7', 'ENSMUST00000058089.12', 'ENSMUST00000029120.13', 'ENSMUST00000137333.7', 'ENSMUST00000116389.8', 'ENSMUST00000140713.2', 'ENSMUST00000109701.9']","['ENSMUST00000145202.7', 'ENSMUST00000129137.7', 'ENSMUST00000058089.12', 'ENSMUST00000151578.1', 'ENSMUST00000125872.7', 'ENSMUST00000029120.13', 'ENSMUST00000116389.8', 'ENSMUST00000140713.2', 'ENSMUST00000109701.9']",['protein_coding']
chr10_128511967_128512057_-,7,429,chr10,128511967,128512057,-,GT-AG,GT,AG,annotated on 5',annotated on 3',1,0,"['ENSMUST00000026427.7', 'ENSMUST00000220429.1']","['ENSMUST00000026427.7', 'ENSMUST00000220429.1']","['ENSMUST00000220429.1', 'ENSMUST00000184514.1', 'ENSMUST00000026427.7']",[],[],"['nonsense_mediated_decay', 'miRNA', 'protein_coding']","['ENSMUSG00000025366.8', 'ENSMUSG00000099292.1']","['Esyt1', 'Mir6916']","['ENSMUST00000220429.1', 'ENSMUST00000184514.1', 'ENSMUST00000026427.7']","['ENSMUST00000220429.1', 'ENSMUST00000184514.1', 'ENSMUST00000026427.7']","['miRNA', 'protein_coding']"
chr11_70236211_70236876_-,8,528,chr11,70236211,70236876,-,GT-AG,GT,AG,annotated on 5',annotated on 3',1,0,"['ENSMUST00000134700.7', 'ENSMUST00000021181.12', 'ENSMUST00000108578.8', 'ENSMUST00000176116.7', 'ENSMUST00000176268.1', 'ENSMUST00000100950.9', 'ENSMUST00000108576.9']","['ENSMUST00000134700.7', 'ENSMUST00000108575.8', 'ENSMUST00000108579.7', 'ENSMUST00000021181.12', 'ENSMUST00000108578.8', 'ENSMUST00000102569.9', 'ENSMUST00000176116.7', 'ENSMUST00000108577.7', 'ENSMUST00000176268.1', 'ENSMUST00000100950.9', 'ENSMUST00000148878.8', 'ENSMUST00000138658.8', 'ENSMUST00000108576.9', 'ENSMUST00000021180.7']","['ENSMUST00000108576.9', 'ENSMUST00000021180.7', 'ENSMUST00000138658.8', 'ENSMUST00000100950.9', 'ENSMUST00000021181.12', 'ENSMUST00000108578.8', 'ENSMUST00000176116.7', 'ENSMUST00000134700.7', 'ENSMUST00000176268.1']",[],"['ENSMUST00000148878.8', 'ENSMUST00000108579.7', 'ENSMUST00000102569.9', 'ENSMUST00000135390.1', 'ENSMUST00000108575.8', 'ENSMUST00000108577.7']","['nonsense_mediated_decay', 'processed_transcript', 'protein_coding']","['ENSMUSG00000040904.10', 'ENSMUSG00000020831.18']","['Gm21988', '0610010K14Rik']","['ENSMUST00000108576.9', 'ENSMUST00000021180.7', 'ENSMUST00000138658.8', 'ENSMUST00000100950.9', 'ENSMUST00000021181.12', 'ENSMUST00000108578.8', 'ENSMUST00000176116.7', 'ENSMUST00000134700.7', 'ENSMUST00000176268.1']","['ENSMUST00000108576.9', 'ENSMUST00000176268.1', 'ENSMUST00000148878.8', 'ENSMUST00000021180.7', 'ENSMUST00000108579.7', 'ENSMUST00000102569.9', 'ENSMUST00000138658.8', 'ENSMUST00000135390.1', 'ENSMUST00000108575.8', 'ENSMUST00000100950.9', 'ENSMUST00000021181.12', 'ENSMUST00000108578.8', 'ENSMUST00000176116.7', 'ENSMUST00000134700.7', 'ENSMUST00000108577.7']",['protein_coding']
chr11_70236978_70237530_-,8,396,chr11,70236978,70237530,-,GT-AG,GT,AG,annotated on 5',annotated on 3',1,0,"['ENSMUST00000108575.8', 'ENSMUST00000108579.7', 'ENSMUST00000021181.12', 'ENSMUST00000108578.8', 'ENSMUST00000102569.9', 'ENSMUST00000176116.7', 'ENSMUST00000108577.7', 'ENSMUST00000176268.1', 'ENSMUST00000100950.9', 'ENSMUST00000138658.8', 'ENSMUST00000108576.9', 'ENSMUST00000021180.7', 'ENSMUST00000150504.2']","['ENSMUST00000021181.12', 'ENSMUST00000108578.8', 'ENSMUST00000176116.7', 'ENSMUST00000176268.1', 'ENSMUST00000100950.9', 'ENSMUST00000138658.8', 'ENSMUST00000108576.9', 'ENSMUST00000021180.7', 'ENSMUST00000150504.2']","['ENSMUST00000108576.9', 'ENSMUST00000021180.7', 'ENSMUST00000138658.8', 'ENSMUST00000100950.9', 'ENSMUST00000021181.12', 'ENSMUST00000108578.8', 'ENSMUST00000176116.7', 'ENSMUST00000150504.2', 'ENSMUST00000176268.1']","['ENSMUST00000108579.7', 'ENSMUST00000102569.9', 'ENSMUST00000108575.8', 'ENSMUST00000108577.7']",['ENSMUST00000134700.7'],"['nonsense_mediated_decay', 'processed_transcript', 'protein_coding', 'retained_intron']","['ENSMUSG00000040904.10', 'ENSMUSG00000020831.18']","['Gm21988', '0610010K14Rik']","['ENSMUST00000108576.9', 'ENSMUST00000176268.1', 'ENSMUST00000021180.7', 'ENSMUST00000108579.7', 'ENSMUST00000102569.9', 'ENSMUST00000138658.8', 'ENSMUST00000108575.8', 'ENSMUST00000100950.9', 'ENSMUST00000021181.12', 'ENSMUST00000108578.8', 'ENSMUST00000176116.7', 'ENSMUST00000150504.2', 'ENSMUST00000108577.7']","['ENSMUST00000108576.9', 'ENSMUST00000021180.7', 'ENSMUST00000138658.8', 'ENSMUST00000100950.9', 'ENSMUST00000021181.12', 'ENSMUST00000108578.8', 'ENSMUST00000176116.7', 'ENSMUST00000134700.7', 'ENSMUST00000150504.2', 'ENSMUST00000176268.1']",['protein_coding']
chr11_70237625_70237783_-,7,505,chr11,70237625,70237783,-,GT-AG,GT,AG,annotated on 5',annotated on 3',1,0,"['ENSMUST00000108575.8', 'ENSMUST00000108579.7', 'ENSMUST00000021181.12', 'ENSMUST00000108578.8', 'ENSMUST00000102569.9', 'ENSMUST00000176116.7', 'ENSMUST00000108577.7', 'ENSMUST00000176268.1', 'ENSMUST00000108576.9', 'ENSMUST00000021180.7', 'ENSMUST00000150504.2']","['ENSMUST00000108575.8', 'ENSMUST00000108579.7', 'ENSMUST00000021181.12', 'ENSMUST00000108578.8', 'ENSMUST00000102569.9', 'ENSMUST00000176116.7', 'ENSMUST00000108577.7', 'ENSMUST00000176268.1', 'ENSMUST00000138658.8', 'ENSMUST00000108576.9', 'ENSMUST00000021180.7', 'ENSMUST00000150504.2']","['ENSMUST00000108576.9', 'ENSMUST00000176268.1', 'ENSMUST00000021180.7', 'ENSMUST00000108579.7', 'ENSMUST00000102569.9', 'ENSMUST00000138658.8', 'ENSMUST00000108575.8', 'ENSMUST00000021181.12', 'ENSMUST00000108578.8', 'ENSMUST00000176116.7', 'ENSMUST00000150504.2', 'ENSMUST00000108577.7']",[],['ENSMUST00000100950.9'],"['nonsense_mediated_decay', 'processed_transcript', 'protein_coding', 'retained_intron']","['ENSMUSG00000040904.10', 'ENSMUSG00000020831.18']","['Gm21988', '0610010K14Rik']","['ENSMUST00000108576.9', 'ENSMUST00000176268.1', 'ENSMUST00000021180.7', 'ENSMUST00000108579.7', 'ENSMUST00000102569.9', 'ENSMUST00000138658.8', 'ENSMUST00000108575.8', 'ENSMUST00000021181.12', 'ENSMUST00000108578.8', 'ENSMUST00000176116.7', 'ENSMUST00000150504.2', 'ENSMUST00000108577.7']","['ENSMUST00000108576.9', 'ENSMUST00000176268.1', 'ENSMUST00000021180.7', 'ENSMUST00000108579.7', 'ENSMUST00000102569.9', 'ENSMUST00000138658.8', 'ENSMUST00000108575.8', 'ENSMUST00000100950.9', 'ENSMUST00000021181.12', 'ENSMUST00000108578.8', 'ENSMUST00000176116.7', 'ENSMUST00000150504.2', 'ENSMUST00000108577.7']",['protein_coding']
chr13_100651445_100654190_+,16,884,chr13,100651445,100654190,+,GT-AG,GT,AG,annotated on 5',annotated on 3',0,1,"['ENSMUST00000022135.14', 'ENSMUST00000084721.7', 'ENSMUST00000185901.1', 'ENSMUST00000190729.1']","['ENSMUST00000022135.14', 'ENSMUST00000084721.7', 'ENSMUST00000185901.1', 'ENSMUST00000190729.1', 'ENSMUST00000190165.6', 'ENSMUST00000185767.6', 'ENSMUST00000167256.7', 'ENSMUST00000187792.1', 'ENSMUST00000190210.1', 'ENSMUST00000190594.1']","['ENSMUST00000190729.1', 'ENSMUST00000185901.1', 'ENSMUST00000022135.14', 'ENSMUST00000084721.7']",[],"['ENSMUST00000190210.1', 'ENSMUST00000187792.1', 'ENSMUST00000185767.6', 'ENSMUST00000190594.1', 'ENSMUST00000190165.6', 'ENSMUST00000167256.7']","['protein_coding', 'retained_intron']","['ENSMUSG00000052293.14', 'ENSMUSG00000078941.9']","['Taf9', 'Ak6']","['ENSMUST00000190729.1', 'ENSMUST00000185901.1', 'ENSMUST00000022135.14', 'ENSMUST00000084721.7']","['ENSMUST00000022135.14', 'ENSMUST00000084721.7', 'ENSMUST00000190165.6', 'ENSMUST00000190210.1', 'ENSMUST00000187792.1', 'ENSMUST00000185901.1', 'ENSMUST00000185767.6', 'ENSMUST00000190594.1', 'ENSMUST00000190729.1', 'ENSMUST00000167256.7']",['protein_coding']
chr14_51091253_51101385_+,7,217,chr14,51091253,51101385,+,GT-AG,GT,AG,annotated on 5',annotated on 3',0,1,"['ENSMUST00000022428.12', 'ENSMUST00000171688.8']","['ENSMUST00000171688.8', 'ENSMUST00000069011.8']",['ENSMUST00000171688.8'],['ENSMUST00000022428.12'],['ENSMUST00000069011.8'],['protein_coding'],"['ENSMUSG00000021876.15', 'ENSMUSG00000072115.11']","['Rnase4', 'Ang']","['ENSMUST00000022428.12', 'ENSMUST00000171688.8']","['ENSMUST00000069011.8', 'ENSMUST00000171688.8']",['protein_coding']
chr14_54894962_54895628_+,14,218,chr14,54894962,54895628,+,GT-AG,GT,AG,annotated on 5',annotated on 3',0,1,"['ENSMUST00000134077.1', 'ENSMUST00000140691.7', 'ENSMUST00000116476.8', 'ENSMUST00000022808.13', 'ENSMUST00000150975.7', 'ENSMUST00000172695.1', 'ENSMUST00000141446.7', 'ENSMUST00000139985.7', 'ENSMUST00000172557.1']","['ENSMUST00000134077.1', 'ENSMUST00000140691.7', 'ENSMUST00000116476.8', 'ENSMUST00000022808.13', 'ENSMUST00000150975.7', 'ENSMUST00000172695.1', 'ENSMUST00000141446.7', 'ENSMUST00000139985.7', 'ENSMUST00000172557.1']","['ENSMUST00000141446.7', 'ENSMUST00000172557.1', 'ENSMUST00000116476.8', 'ENSMUST00000139985.7', 'ENSMUST00000022808.13', 'ENSMUST00000134077.1', 'ENSMUST00000140691.7', 'ENSMUST00000172695.1', 'ENSMUST00000150975.7']",[],[],"['nonsense_mediated_decay', 'protein_coding']","['ENSMUSG00000092232.1', 'ENSMUSG00000022194.15']","['Gm20521', 'Pabpn1']","['ENSMUST00000141446.7', 'ENSMUST00000172557.1', 'ENSMUST00000116476.8', 'ENSMUST00000139985.7', 'ENSMUST00000022808.13', 'ENSMUST00000134077.1', 'ENSMUST00000140691.7', 'ENSMUST00000172695.1', 'ENSMUST00000150975.7']","['ENSMUST00000141446.7', 'ENSMUST00000172557.1', 'ENSMUST00000116476.8', 'ENSMUST00000139985.7', 'ENSMUST00000022808.13', 'ENSMUST00000134077.1', 'ENSMUST00000140691.7', 'ENSMUST00000172695.1', 'ENSMUST00000150975.7']",['protein_coding']
chr14_54895696_54895816_+,13,207,chr14,54895696,54895816,+,GT-AG,GT,AG,annotated on 5',annotated on 3',0,1,"['ENSMUST00000134077.1', 'ENSMUST00000140691.7', 'ENSMUST00000116476.8', 'ENSMUST00000022808.13', 'ENSMUST00000150975.7', 'ENSMUST00000172695.1', 'ENSMUST00000141446.7', 'ENSMUST00000139985.7', 'ENSMUST00000172557.1', 'ENSMUST00000146271.1']","['ENSMUST00000134077.1', 'ENSMUST00000140691.7', 'ENSMUST00000116476.8', 'ENSMUST00000022808.13', 'ENSMUST00000150975.7', 'ENSMUST00000172695.1', 'ENSMUST00000141446.7', 'ENSMUST00000139985.7', 'ENSMUST00000172557.1', 'ENSMUST00000146271.1']","['ENSMUST00000141446.7', 'ENSMUST00000172557.1', 'ENSMUST00000116476.8', 'ENSMUST00000139985.7', 'ENSMUST00000146271.1', 'ENSMUST00000022808.13', 'ENSMUST00000134077.1', 'ENSMUST00000140691.7', 'ENSMUST00000172695.1', 'ENSMUST00000150975.7']",[],[],"['nonsense_mediated_decay', 'protein_coding', 'retained_intron']","['ENSMUSG00000092232.1', 'ENSMUSG00000022194.15']","['Gm20521', 'Pabpn1']","['ENSMUST00000141446.7', 'ENSMUST00000172557.1', 'ENSMUST00000116476.8', 'ENSMUST00000139985.7', 'ENSMUST00000146271.1', 'ENSMUST00000022808.13', 'ENSMUST00000134077.1', 'ENSMUST00000140691.7', 'ENSMUST00000172695.1', 'ENSMUST00000150975.7']","['ENSMUST00000141446.7', 'ENSMUST00000172557.1', 'ENSMUST00000116476.8', 'ENSMUST00000139985.7', 'ENSMUST00000146271.1', 'ENSMUST00000022808.13', 'ENSMUST00000134077.1', 'ENSMUST00000140691.7', 'ENSMUST00000172695.1', 'ENSMUST00000150975.7']",['protein_coding']
chr14_54895923_54896951_+,13,287,chr14,54895923,54896951,+,GT-AG,GT,AG,annotated on 5',annotated on 3',0,1,"['ENSMUST00000134077.1', 'ENSMUST00000140691.7', 'ENSMUST00000116476.8', 'ENSMUST00000022808.13', 'ENSMUST00000150975.7', 'ENSMUST00000172695.1', 'ENSMUST00000141446.7', 'ENSMUST00000139985.7', 'ENSMUST00000172557.1']","['ENSMUST00000134077.1', 'ENSMUST00000140691.7', 'ENSMUST00000116476.8', 'ENSMUST00000022808.13', 'ENSMUST00000150975.7', 'ENSMUST00000172695.1', 'ENSMUST00000141446.7', 'ENSMUST00000139985.7', 'ENSMUST00000172557.1']","['ENSMUST00000141446.7', 'ENSMUST00000172557.1', 'ENSMUST00000116476.8', 'ENSMUST00000139985.7', 'ENSMUST00000022808.13', 'ENSMUST00000134077.1', 'ENSMUST00000140691.7', 'ENSMUST00000172695.1', 'ENSMUST00000150975.7']",['ENSMUST00000146271.1'],[],"['nonsense_mediated_decay', 'protein_coding', 'retained_intron']","['ENSMUSG00000092232.1', 'ENSMUSG00000022194.15']","['Gm20521', 'Pabpn1']","['ENSMUST00000141446.7', 'ENSMUST00000172557.1', 'ENSMUST00000116476.8', 'ENSMUST00000139985.7', 'ENSMUST00000146271.1', 'ENSMUST00000022808.13', 'ENSMUST00000134077.1', 'ENSMUST00000140691.7', 'ENSMUST00000172695.1', 'ENSMUST00000150975.7']","['ENSMUST00000141446.7', 'ENSMUST00000172557.1', 'ENSMUST00000116476.8', 'ENSMUST00000139985.7', 'ENSMUST00000022808.13', 'ENSMUST00000134077.1', 'ENSMUST00000140691.7', 'ENSMUST00000172695.1', 'ENSMUST00000150975.7']",['protein_coding']
chr14_54897039_54897120_+,13,257,chr14,54897039,54897120,+,GT-AG,GT,AG,annotated on 5',annotated on 3',0,1,"['ENSMUST00000134077.1', 'ENSMUST00000140691.7', 'ENSMUST00000116476.8', 'ENSMUST00000022808.13', 'ENSMUST00000172695.1', 'ENSMUST00000141446.7', 'ENSMUST00000139985.7', 'ENSMUST00000172557.1']","['ENSMUST00000134077.1', 'ENSMUST00000140691.7', 'ENSMUST00000116476.8', 'ENSMUST00000022808.13', 'ENSMUST00000172695.1', 'ENSMUST00000141446.7', 'ENSMUST00000139985.7', 'ENSMUST00000172557.1']","['ENSMUST00000141446.7', 'ENSMUST00000172557.1', 'ENSMUST00000116476.8', 'ENSMUST00000139985.7', 'ENSMUST00000022808.13', 'ENSMUST00000134077.1', 'ENSMUST00000140691.7', 'ENSMUST00000172695.1']",[],[],"['nonsense_mediated_decay', 'protein_coding']","['ENSMUSG00000092232.1', 'ENSMUSG00000022194.15']","['Gm20521', 'Pabpn1']","['ENSMUST00000141446.7', 'ENSMUST00000172557.1', 'ENSMUST00000116476.8', 'ENSMUST00000139985.7', 'ENSMUST00000022808.13', 'ENSMUST00000134077.1', 'ENSMUST00000140691.7', 'ENSMUST00000172695.1']","['ENSMUST00000141446.7', 'ENSMUST00000172557.1', 'ENSMUST00000116476.8', 'ENSMUST00000139985.7', 'ENSMUST00000022808.13', 'ENSMUST00000134077.1', 'ENSMUST00000140691.7', 'ENSMUST00000172695.1']",['protein_coding']
chr15_76899992_76900351_+,6,467,chr15,76899992,76900351,+,GT-AG,GT,AG,annotated on 5',annotated on 3',0,1,['ENSMUST00000068407.5'],"['ENSMUST00000230214.1', 'ENSMUST00000068407.5', 'ENSMUST00000109793.2']","['ENSMUST00000068407.5', 'ENSMUST00000109793.2']",[],['ENSMUST00000230214.1'],['protein_coding'],"['ENSMUSG00000116024.1', 'ENSMUSG00000055041.8']","['Gm49527', 'Commd5']","['ENSMUST00000068407.5', 'ENSMUST00000109793.2']","['ENSMUST00000230214.1', 'ENSMUST00000068407.5', 'ENSMUST00000109793.2']",['protein_coding']
chr15_79002207_79002284_+,8,317,chr15,79002207,79002284,+,GT-AG,GT,AG,annotated on 5',annotated on 3',0,1,"['ENSMUST00000109689.8', 'ENSMUST00000109690.10', 'ENSMUST00000109687.8', 'ENSMUST00000109688.8', 'ENSMUST00000229535.1', 'ENSMUST00000129922.1']","['ENSMUST00000109689.8', 'ENSMUST00000109690.10', 'ENSMUST00000109687.8', 'ENSMUST00000109688.8', 'ENSMUST00000229535.1', 'ENSMUST00000129922.1']","['ENSMUST00000229535.1', 'ENSMUST00000109687.8', 'ENSMUST00000129922.1', 'ENSMUST00000109688.8', 'ENSMUST00000183598.1', 'ENSMUST00000109689.8', 'ENSMUST00000109690.10']",[],[],"['miRNA', 'protein_coding', 'retained_intron']","['ENSMUSG00000033088.19', 'ENSMUSG00000099180.1']","['Triobp', 'Mir6956']","['ENSMUST00000229535.1', 'ENSMUST00000109687.8', 'ENSMUST00000129922.1', 'ENSMUST00000109688.8', 'ENSMUST00000183598.1', 'ENSMUST00000109689.8', 'ENSMUST00000109690.10']","['ENSMUST00000229535.1', 'ENSMUST00000109687.8', 'ENSMUST00000129922.1', 'ENSMUST00000109688.8', 'ENSMUST00000183598.1', 'ENSMUST00000109689.8', 'ENSMUST00000109690.10']","['miRNA', 'protein_coding']"
chr5_135735965_135736069_-,5,256,chr5,135735965,135736069,-,GT-AG,GT,AG,annotated on 5',annotated on 3',1,0,"['ENSMUST00000043378.8', 'ENSMUST00000141779.5']","['ENSMUST00000043378.8', 'ENSMUST00000141779.5', 'ENSMUST00000199952.4']","['ENSMUST00000043378.8', 'ENSMUST00000141779.5']",[],"['ENSMUST00000199952.4', 'ENSMUST00000184682.1']","['miRNA', 'processed_transcript', 'protein_coding', 'retained_intron']","['ENSMUSG00000039886.8', 'ENSMUSG00000099197.1']","['Tmem120a', 'Mir7034']","['ENSMUST00000043378.8', 'ENSMUST00000141779.5']","['ENSMUST00000043378.8', 'ENSMUST00000141779.5', 'ENSMUST00000184682.1', 'ENSMUST00000199952.4']","['miRNA', 'protein_coding']"
chr7_126579316_126579400_-,5,257,chr7,126579316,126579400,-,GT-AG,GT,AG,annotated on 5',annotated on 3',1,0,"['ENSMUST00000084589.10', 'ENSMUST00000032962.10', 'ENSMUST00000116269.8', 'ENSMUST00000098036.8', 'ENSMUST00000153790.7', 'ENSMUST00000128225.7', 'ENSMUST00000150917.7', 'ENSMUST00000128970.7']","['ENSMUST00000084589.10', 'ENSMUST00000032962.10', 'ENSMUST00000116269.8', 'ENSMUST00000098036.8', 'ENSMUST00000153790.7', 'ENSMUST00000128225.7', 'ENSMUST00000150917.7', 'ENSMUST00000128970.7']","['ENSMUST00000128225.7', 'ENSMUST00000084589.10', 'ENSMUST00000150917.7', 'ENSMUST00000098036.8', 'ENSMUST00000128970.7', 'ENSMUST00000153790.7', 'ENSMUST00000116269.8', 'ENSMUST00000032962.10']","['ENSMUST00000125508.7', 'ENSMUST00000184825.1']",[],"['nonsense_mediated_decay', 'protein_coding', 'miRNA', 'processed_transcript', 'retained_intron']","['ENSMUSG00000030720.16', 'ENSMUSG00000098540.1']","['Cln3', 'Mir7059']","['ENSMUST00000128225.7', 'ENSMUST00000125508.7', 'ENSMUST00000084589.10', 'ENSMUST00000150917.7', 'ENSMUST00000098036.8', 'ENSMUST00000128970.7', 'ENSMUST00000153790.7', 'ENSMUST00000116269.8', 'ENSMUST00000184825.1', 'ENSMUST00000032962.10']","['ENSMUST00000128225.7', 'ENSMUST00000084589.10', 'ENSMUST00000150917.7', 'ENSMUST00000098036.8', 'ENSMUST00000128970.7', 'ENSMUST00000153790.7', 'ENSMUST00000116269.8', 'ENSMUST00000032962.10']","['miRNA', 'protein_coding']"
chr8_84867918_84868008_+,8,891,chr8,84867918,84868008,+,GT-AG,GT,AG,annotated on 5',annotated on 3',0,1,"['ENSMUST00000003906.12', 'ENSMUST00000129595.7', 'ENSMUST00000109754.1', 'ENSMUST00000156970.7', 'ENSMUST00000141480.1']","['ENSMUST00000003906.12', 'ENSMUST00000129595.7', 'ENSMUST00000109754.1', 'ENSMUST00000156970.7', 'ENSMUST00000141480.1']","['ENSMUST00000184765.1', 'ENSMUST00000129595.7', 'ENSMUST00000109754.1', 'ENSMUST00000156970.7', 'ENSMUST00000003906.12', 'ENSMUST00000141480.1']",[],[],"['nonsense_mediated_decay', 'miRNA', 'protein_coding', 'retained_intron']","['ENSMUSG00000003808.18', 'ENSMUSG00000098331.1']","['Farsa', 'Mir7069']","['ENSMUST00000184765.1', 'ENSMUST00000129595.7', 'ENSMUST00000109754.1', 'ENSMUST00000156970.7', 'ENSMUST00000003906.12', 'ENSMUST00000141480.1']","['ENSMUST00000184765.1', 'ENSMUST00000129595.7', 'ENSMUST00000109754.1', 'ENSMUST00000156970.7', 'ENSMUST00000003906.12', 'ENSMUST00000141480.1']","['miRNA', 'protein_coding']"
chr8_84868086_84868223_+,8,730,chr8,84868086,84868223,+,GT-AG,GT,AG,annotated on 5',annotated on 3',0,1,"['ENSMUST00000003906.12', 'ENSMUST00000129595.7', 'ENSMUST00000109754.1', 'ENSMUST00000156970.7']","['ENSMUST00000003906.12', 'ENSMUST00000129595.7', 'ENSMUST00000109754.1', 'ENSMUST00000156970.7']","['ENSMUST00000003906.12', 'ENSMUST00000156970.7', 'ENSMUST00000129595.7', 'ENSMUST00000109754.1']",['ENSMUST00000184765.1'],[],"['nonsense_mediated_decay', 'miRNA', 'protein_coding', 'retained_intron']","['ENSMUSG00000003808.18', 'ENSMUSG00000098331.1']","['Farsa', 'Mir7069']","['ENSMUST00000184765.1', 'ENSMUST00000129595.7', 'ENSMUST00000109754.1', 'ENSMUST00000156970.7', 'ENSMUST00000003906.12']","['ENSMUST00000003906.12', 'ENSMUST00000156970.7', 'ENSMUST00000129595.7', 'ENSMUST00000109754.1']","['miRNA', 'protein_coding']"
chr10_81386047_81386412_+,11,627,chr10,81386047,81386412,+,GT-AG,GT,AG,annotated on 5',annotated on 3',0,1,"['ENSMUST00000072751.12', 'ENSMUST00000142346.7', 'ENSMUST00000144647.7', 'ENSMUST00000121047.1']","['ENSMUST00000072751.12', 'ENSMUST00000142346.7', 'ENSMUST00000144647.7', 'ENSMUST00000121047.1']","['ENSMUST00000142346.7', 'ENSMUST00000144647.7', 'ENSMUST00000072751.12', 'ENSMUST00000121047.1']","['ENSMUST00000134592.1', 'ENSMUST00000145416.1']",['ENSMUST00000184244.1'],"['nonsense_mediated_decay', 'miRNA', 'protein_coding', 'retained_intron']","['ENSMUSG00000098811.1', 'ENSMUSG00000078440.10', 'ENSMUSG00000113262.1']","['Mir6913', 'Dohh', 'Gm48551']","['ENSMUST00000144647.7', 'ENSMUST00000142346.7', 'ENSMUST00000134592.1', 'ENSMUST00000145416.1', 'ENSMUST00000072751.12', 'ENSMUST00000121047.1']","['ENSMUST00000144647.7', 'ENSMUST00000142346.7', 'ENSMUST00000072751.12', 'ENSMUST00000121047.1', 'ENSMUST00000184244.1']","['miRNA', 'protein_coding']"
chr10_81386489_81387239_+,12,755,chr10,81386489,81387239,+,GT-AG,GT,AG,annotated on 5',annotated on 3',0,1,"['ENSMUST00000072751.12', 'ENSMUST00000142346.7', 'ENSMUST00000144647.7', 'ENSMUST00000121047.1']","['ENSMUST00000072751.12', 'ENSMUST00000142346.7', 'ENSMUST00000144647.7', 'ENSMUST00000121047.1']","['ENSMUST00000142346.7', 'ENSMUST00000144647.7', 'ENSMUST00000072751.12', 'ENSMUST00000121047.1']",['ENSMUST00000184244.1'],['ENSMUST00000131968.1'],"['nonsense_mediated_decay', 'miRNA', 'protein_coding']","['ENSMUSG00000098811.1', 'ENSMUSG00000078440.10', 'ENSMUSG00000113262.1']","['Mir6913', 'Dohh', 'Gm48551']","['ENSMUST00000144647.7', 'ENSMUST00000142346.7', 'ENSMUST00000072751.12', 'ENSMUST00000121047.1', 'ENSMUST00000184244.1']","['ENSMUST00000131968.1', 'ENSMUST00000144647.7', 'ENSMUST00000142346.7', 'ENSMUST00000072751.12', 'ENSMUST00000121047.1']","['miRNA', 'protein_coding']"
chr11_48987894_48992003_-,7,201,chr11,48987894,48992003,-,GT-AG,GT,AG,annotated on 5',annotated on 3',1,0,"['ENSMUST00000059930.2', 'ENSMUST00000068063.3', 'ENSMUST00000146439.7', 'ENSMUST00000132745.1']","['ENSMUST00000068063.3', 'ENSMUST00000146439.7', 'ENSMUST00000132745.1']","['ENSMUST00000146439.7', 'ENSMUST00000068063.3', 'ENSMUST00000132745.1']",['ENSMUST00000059930.2'],[],['protein_coding'],"['ENSMUSG00000078922.9', 'ENSMUSG00000048852.13']","['Tgtp1', 'Gm12185']","['ENSMUST00000146439.7', 'ENSMUST00000059930.2', 'ENSMUST00000132745.1', 'ENSMUST00000068063.3']","['ENSMUST00000146439.7', 'ENSMUST00000068063.3', 'ENSMUST00000132745.1']",['protein_coding']
chr13_60935452_60935546_-,5,366,chr13,60935452,60935546,-,GT-AG,GT,AG,annotated on 5',annotated on 3',1,0,"['ENSMUST00000225382.1', 'ENSMUST00000225167.1', 'ENSMUST00000021880.9', 'ENSMUST00000225385.1', 'ENSMUST00000223750.1', 'ENSMUST00000225762.1', 'ENSMUST00000225498.1', 'ENSMUST00000226023.1', 'ENSMUST00000224054.1', 'ENSMUST00000225856.1']","['ENSMUST00000021880.9', 'ENSMUST00000225385.1', 'ENSMUST00000223750.1', 'ENSMUST00000225762.1', 'ENSMUST00000225498.1', 'ENSMUST00000226023.1', 'ENSMUST00000224054.1', 'ENSMUST00000225856.1']","['ENSMUST00000225762.1', 'ENSMUST00000225498.1', 'ENSMUST00000021880.9', 'ENSMUST00000226023.1', 'ENSMUST00000224054.1', 'ENSMUST00000223750.1', 'ENSMUST00000225385.1', 'ENSMUST00000225856.1']","['ENSMUST00000225167.1', 'ENSMUST00000225382.1']",[],"['nonsense_mediated_decay', 'processed_transcript', 'protein_coding', 'retained_intron']","['ENSMUSG00000114487.1', 'ENSMUSG00000044258.10', 'ENSMUSG00000114432.1']","['Gm49393', 'Ctla2a', 'Gm49391']","['ENSMUST00000225762.1', 'ENSMUST00000021880.9', 'ENSMUST00000225498.1', 'ENSMUST00000226023.1', 'ENSMUST00000225382.1', 'ENSMUST00000224054.1', 'ENSMUST00000225167.1', 'ENSMUST00000223750.1', 'ENSMUST00000225385.1', 'ENSMUST00000225856.1']","['ENSMUST00000225762.1', 'ENSMUST00000225498.1', 'ENSMUST00000021880.9', 'ENSMUST00000226023.1', 'ENSMUST00000224054.1', 'ENSMUST00000223750.1', 'ENSMUST00000225385.1', 'ENSMUST00000225856.1']",['protein_coding']
chr13_60936075_60936490_-,5,613,chr13,60936075,60936490,-,GT-AG,GT,AG,annotated on 5',annotated on 3',1,0,"['ENSMUST00000225859.1', 'ENSMUST00000225167.1', 'ENSMUST00000021880.9', 'ENSMUST00000223750.1', 'ENSMUST00000225762.1', 'ENSMUST00000224054.1', 'ENSMUST00000225966.1']","['ENSMUST00000225167.1', 'ENSMUST00000021880.9', 'ENSMUST00000225385.1', 'ENSMUST00000223750.1', 'ENSMUST00000225762.1', 'ENSMUST00000226023.1', 'ENSMUST00000225966.1']","['ENSMUST00000225762.1', 'ENSMUST00000225966.1', 'ENSMUST00000021880.9', 'ENSMUST00000226023.1', 'ENSMUST00000224054.1', 'ENSMUST00000225167.1', 'ENSMUST00000223750.1']","['ENSMUST00000225802.1', 'ENSMUST00000225859.1']",['ENSMUST00000225385.1'],"['nonsense_mediated_decay', 'processed_transcript', 'protein_coding', 'retained_intron']","['ENSMUSG00000114432.1', 'ENSMUSG00000044258.10']","['Gm49391', 'Ctla2a']","['ENSMUST00000225762.1', 'ENSMUST00000225966.1', 'ENSMUST00000021880.9', 'ENSMUST00000226023.1', 'ENSMUST00000224054.1', 'ENSMUST00000225167.1', 'ENSMUST00000223750.1', 'ENSMUST00000225802.1', 'ENSMUST00000225859.1']","['ENSMUST00000225762.1', 'ENSMUST00000225966.1', 'ENSMUST00000021880.9', 'ENSMUST00000226023.1', 'ENSMUST00000224054.1', 'ENSMUST00000225167.1', 'ENSMUST00000223750.1', 'ENSMUST00000225385.1']",['protein_coding']
chr17_35194683_35195049_+,8,1619,chr17,35194683,35195049,+,GT-AG,GT,AG,annotated on 5',annotated on 3',0,1,"['ENSMUST00000025262.5', 'ENSMUST00000173510.1', 'ENSMUST00000173600.1']","['ENSMUST00000025262.5', 'ENSMUST00000173510.1']","['ENSMUST00000025262.5', 'ENSMUST00000173510.1', 'ENSMUST00000173600.1']",[],['ENSMUST00000183646.1'],"['miRNA', 'protein_coding', 'retained_intron']","['ENSMUSG00000024399.5', 'ENSMUSG00000098291.1']","['Ltb', 'Mir6973a']","['ENSMUST00000025262.5', 'ENSMUST00000173510.1', 'ENSMUST00000173600.1']","['ENSMUST00000025262.5', 'ENSMUST00000183646.1', 'ENSMUST00000173510.1', 'ENSMUST00000173600.1']","['miRNA', 'protein_coding']"
chr3_36090154_36090830_+,9,217,chr3,36090154,36090830,+,GT-AG,GT,AG,annotated on 5',annotated on 3',0,1,"['ENSMUST00000011492.14', 'ENSMUST00000198987.4', 'ENSMUST00000195896.4', 'ENSMUST00000198050.1', 'ENSMUST00000199193.1']","['ENSMUST00000011492.14', 'ENSMUST00000198987.4', 'ENSMUST00000195896.4', 'ENSMUST00000198050.1', 'ENSMUST00000199193.1']","['ENSMUST00000195896.4', 'ENSMUST00000198050.1', 'ENSMUST00000198987.4', 'ENSMUST00000199193.1', 'ENSMUST00000011492.14']",[],['ENSMUST00000199794.1'],"['antisense', 'protein_coding', 'retained_intron']","['ENSMUSG00000027710.14', 'ENSMUSG00000105055.1']","['Acad9', 'Gm43079']","['ENSMUST00000195896.4', 'ENSMUST00000198050.1', 'ENSMUST00000198987.4', 'ENSMUST00000199193.1', 'ENSMUST00000011492.14']","['ENSMUST00000195896.4', 'ENSMUST00000198050.1', 'ENSMUST00000198987.4', 'ENSMUST00000199193.1', 'ENSMUST00000199794.1', 'ENSMUST00000011492.14']","['antisense', 'protein_coding']"
chr3_90603806_90604996_+,7,1491,chr3,90603806,90604996,+,GT-AG,GT,AG,annotated on 5',annotated on 3',0,1,['ENSMUST00000001046.6'],"['ENSMUST00000107330.2', 'ENSMUST00000001046.6']",['ENSMUST00000001046.6'],[],"['ENSMUST00000142476.1', 'ENSMUST00000107330.2']","['nonsense_mediated_decay', 'protein_coding']","['ENSMUSG00000105518.1', 'ENSMUSG00000001020.8']","['Gm42674', 'S100a4']",['ENSMUST00000001046.6'],"['ENSMUST00000142476.1', 'ENSMUST00000107330.2', 'ENSMUST00000001046.6']",['protein_coding']
chr4_129557455_129557625_-,5,299,chr4,129557455,129557625,-,GT-AG,GT,AG,annotated on 5',annotated on 3',1,0,"['ENSMUST00000167288.7', 'ENSMUST00000067240.10', 'ENSMUST00000102596.7', 'ENSMUST00000139957.1', 'ENSMUST00000134336.2']","['ENSMUST00000167288.7', 'ENSMUST00000067240.10', 'ENSMUST00000102596.7', 'ENSMUST00000139957.1', 'ENSMUST00000134336.2']","['ENSMUST00000167288.7', 'ENSMUST00000102596.7', 'ENSMUST00000139957.1', 'ENSMUST00000067240.10', 'ENSMUST00000134336.2']",['ENSMUST00000183371.1'],[],"['miRNA', 'protein_coding', 'retained_intron']","['ENSMUSG00000000409.14', 'ENSMUSG00000099070.1']","['Lck', 'Mir8119']","['ENSMUST00000167288.7', 'ENSMUST00000102596.7', 'ENSMUST00000183371.1', 'ENSMUST00000139957.1', 'ENSMUST00000067240.10', 'ENSMUST00000134336.2']","['ENSMUST00000167288.7', 'ENSMUST00000102596.7', 'ENSMUST00000139957.1', 'ENSMUST00000067240.10', 'ENSMUST00000134336.2']","['miRNA', 'protein_coding']"
chr7_30563399_30563531_+,8,246,chr7,30563399,30563531,+,GT-AG,GT,AG,annotated on 5',annotated on 3',0,1,"['ENSMUST00000163848.7', 'ENSMUST00000043273.15', 'ENSMUST00000163654.7', 'ENSMUST00000166510.7', 'ENSMUST00000169911.7', 'ENSMUST00000163276.7', 'ENSMUST00000168229.7', 'ENSMUST00000168555.7', 'ENSMUST00000167501.7', 'ENSMUST00000167042.7', 'ENSMUST00000169071.7', 'ENSMUST00000108161.8', 'ENSMUST00000171912.7', 'ENSMUST00000166257.7', 'ENSMUST00000163464.7', 'ENSMUST00000168333.7', 'ENSMUST00000171850.7', 'ENSMUST00000166864.7', 'ENSMUST00000165543.7', 'ENSMUST00000164365.7', 'ENSMUST00000165722.1']","['ENSMUST00000166960.7', 'ENSMUST00000043273.15', 'ENSMUST00000163654.7', 'ENSMUST00000166510.7', 'ENSMUST00000164438.7', 'ENSMUST00000167042.7', 'ENSMUST00000169071.7', 'ENSMUST00000163482.7', 'ENSMUST00000167361.7', 'ENSMUST00000108161.8', 'ENSMUST00000171912.7', 'ENSMUST00000166257.7', 'ENSMUST00000163464.7', 'ENSMUST00000168333.7', 'ENSMUST00000171850.7', 'ENSMUST00000166864.7', 'ENSMUST00000165543.7', 'ENSMUST00000165722.1']","['ENSMUST00000163330.2', 'ENSMUST00000108161.8', 'ENSMUST00000163276.7', 'ENSMUST00000168333.7', 'ENSMUST00000163848.7', 'ENSMUST00000163654.7', 'ENSMUST00000168931.7', 'ENSMUST00000165543.7', 'ENSMUST00000167042.7', 'ENSMUST00000166960.7', 'ENSMUST00000168229.7', 'ENSMUST00000171850.7', 'ENSMUST00000165722.1', 'ENSMUST00000164438.7', 'ENSMUST00000166257.7', 'ENSMUST00000168555.7', 'ENSMUST00000167202.7', 'ENSMUST00000171912.7', 'ENSMUST00000167501.7', 'ENSMUST00000166510.7', 'ENSMUST00000163482.7', 'ENSMUST00000166864.7', 'ENSMUST00000169071.7', 'ENSMUST00000043273.15', 'ENSMUST00000167361.7', 'ENSMUST00000163464.7', 'ENSMUST00000169911.7', 'ENSMUST00000164365.7', 'ENSMUST00000167024.1']",[],[],"['nonsense_mediated_decay', 'processed_transcript', 'protein_coding', 'retained_intron']","['ENSMUSG00000109378.1', 'ENSMUSG00000078765.11']","['Gm49396', 'U2af1l4']","['ENSMUST00000163330.2', 'ENSMUST00000108161.8', 'ENSMUST00000163276.7', 'ENSMUST00000168333.7', 'ENSMUST00000163848.7', 'ENSMUST00000163654.7', 'ENSMUST00000168931.7', 'ENSMUST00000165543.7', 'ENSMUST00000167042.7', 'ENSMUST00000166960.7', 'ENSMUST00000168229.7', 'ENSMUST00000171850.7', 'ENSMUST00000165722.1', 'ENSMUST00000164438.7', 'ENSMUST00000166257.7', 'ENSMUST00000168555.7', 'ENSMUST00000167202.7', 'ENSMUST00000171912.7', 'ENSMUST00000167501.7', 'ENSMUST00000166510.7', 'ENSMUST00000163482.7', 'ENSMUST00000166864.7', 'ENSMUST00000169071.7', 'ENSMUST00000043273.15', 'ENSMUST00000167361.7', 'ENSMUST00000163464.7', 'ENSMUST00000169911.7', 'ENSMUST00000164365.7', 'ENSMUST00000167024.1']","['ENSMUST00000163330.2', 'ENSMUST00000108161.8', 'ENSMUST00000163276.7', 'ENSMUST00000168333.7', 'ENSMUST00000163848.7', 'ENSMUST00000163654.7', 'ENSMUST00000168931.7', 'ENSMUST00000165543.7', 'ENSMUST00000167042.7', 'ENSMUST00000166960.7', 'ENSMUST00000168229.7', 'ENSMUST00000171850.7', 'ENSMUST00000165722.1', 'ENSMUST00000164438.7', 'ENSMUST00000166257.7', 'ENSMUST00000168555.7', 'ENSMUST00000167202.7', 'ENSMUST00000171912.7', 'ENSMUST00000167501.7', 'ENSMUST00000166510.7', 'ENSMUST00000163482.7', 'ENSMUST00000166864.7', 'ENSMUST00000169071.7', 'ENSMUST00000043273.15', 'ENSMUST00000167361.7', 'ENSMUST00000163464.7', 'ENSMUST00000169911.7', 'ENSMUST00000164365.7', 'ENSMUST00000167024.1']",['protein_coding']
chr7_30563619_30563929_+,7,221,chr7,30563619,30563929,+,GT-AG,GT,AG,annotated on 5',annotated on 3',0,1,"['ENSMUST00000166960.7', 'ENSMUST00000163330.2', 'ENSMUST00000163848.7', 'ENSMUST00000043273.15', 'ENSMUST00000163654.7', 'ENSMUST00000168222.7', 'ENSMUST00000166510.7', 'ENSMUST00000164438.7', 'ENSMUST00000169911.7', 'ENSMUST00000163276.7', 'ENSMUST00000168229.7', 'ENSMUST00000168555.7', 'ENSMUST00000170453.1', 'ENSMUST00000165773.7', 'ENSMUST00000167501.7', 'ENSMUST00000167042.7', 'ENSMUST00000169071.7', 'ENSMUST00000163482.7', 'ENSMUST00000167361.7', 'ENSMUST00000108161.8', 'ENSMUST00000171912.7', 'ENSMUST00000166257.7', 'ENSMUST00000163464.7', 'ENSMUST00000168333.7', 'ENSMUST00000171850.7', 'ENSMUST00000168931.7', 'ENSMUST00000166864.7', 'ENSMUST00000163994.1', 'ENSMUST00000165543.7', 'ENSMUST00000167202.7', 'ENSMUST00000169283.7', 'ENSMUST00000169962.1', 'ENSMUST00000164365.7', 'ENSMUST00000165722.1']","['ENSMUST00000166960.7', 'ENSMUST00000163330.2', 'ENSMUST00000163848.7', 'ENSMUST00000043273.15', 'ENSMUST00000163654.7', 'ENSMUST00000168222.7', 'ENSMUST00000166510.7', 'ENSMUST00000164438.7', 'ENSMUST00000169911.7', 'ENSMUST00000163276.7', 'ENSMUST00000168555.7', 'ENSMUST00000170453.1', 'ENSMUST00000165773.7', 'ENSMUST00000167501.7', 'ENSMUST00000167042.7', 'ENSMUST00000169071.7', 'ENSMUST00000163482.7', 'ENSMUST00000167361.7', 'ENSMUST00000108161.8', 'ENSMUST00000171912.7', 'ENSMUST00000163464.7', 'ENSMUST00000168333.7', 'ENSMUST00000171850.7', 'ENSMUST00000168931.7', 'ENSMUST00000165543.7', 'ENSMUST00000167202.7', 'ENSMUST00000169283.7', 'ENSMUST00000169962.1', 'ENSMUST00000164365.7', 'ENSMUST00000165722.1']","['ENSMUST00000163330.2', 'ENSMUST00000169283.7', 'ENSMUST00000108161.8', 'ENSMUST00000163276.7', 'ENSMUST00000168333.7', 'ENSMUST00000163848.7', 'ENSMUST00000163654.7', 'ENSMUST00000168931.7', 'ENSMUST00000169962.1', 'ENSMUST00000165543.7', 'ENSMUST00000165773.7', 'ENSMUST00000167042.7', 'ENSMUST00000166960.7', 'ENSMUST00000168229.7', 'ENSMUST00000168222.7', 'ENSMUST00000171850.7', 'ENSMUST00000165722.1', 'ENSMUST00000164438.7', 'ENSMUST00000168555.7', 'ENSMUST00000167202.7', 'ENSMUST00000171912.7', 'ENSMUST00000167501.7', 'ENSMUST00000166510.7', 'ENSMUST00000163482.7', 'ENSMUST00000169071.7', 'ENSMUST00000043273.15', 'ENSMUST00000167361.7', 'ENSMUST00000163464.7', 'ENSMUST00000169911.7', 'ENSMUST00000164365.7', 'ENSMUST00000170453.1']","['ENSMUST00000166864.7', 'ENSMUST00000163994.1', 'ENSMUST00000166257.7']","['ENSMUST00000171364.1', 'ENSMUST00000165524.8']","['nonsense_mediated_decay', 'processed_transcript', 'protein_coding', 'retained_intron']","['ENSMUSG00000109378.1', 'ENSMUSG00000078765.11']","['Gm49396', 'U2af1l4']","['ENSMUST00000163330.2', 'ENSMUST00000169283.7', 'ENSMUST00000108161.8', 'ENSMUST00000163276.7', 'ENSMUST00000168333.7', 'ENSMUST00000163848.7', 'ENSMUST00000163654.7', 'ENSMUST00000168931.7', 'ENSMUST00000169962.1', 'ENSMUST00000165543.7', 'ENSMUST00000165773.7', 'ENSMUST00000167042.7', 'ENSMUST00000166960.7', 'ENSMUST00000168229.7', 'ENSMUST00000168222.7', 'ENSMUST00000171850.7', 'ENSMUST00000165722.1', 'ENSMUST00000164438.7', 'ENSMUST00000166257.7', 'ENSMUST00000168555.7', 'ENSMUST00000167202.7', 'ENSMUST00000171912.7', 'ENSMUST00000167501.7', 'ENSMUST00000166510.7', 'ENSMUST00000163482.7', 'ENSMUST00000166864.7', 'ENSMUST00000169071.7', 'ENSMUST00000043273.15', 'ENSMUST00000167361.7', 'ENSMUST00000163994.1', 'ENSMUST00000163464.7', 'ENSMUST00000169911.7', 'ENSMUST00000164365.7', 'ENSMUST00000170453.1']","['ENSMUST00000163330.2', 'ENSMUST00000169283.7', 'ENSMUST00000108161.8', 'ENSMUST00000163276.7', 'ENSMUST00000165524.8', 'ENSMUST00000168333.7', 'ENSMUST00000171364.1', 'ENSMUST00000163848.7', 'ENSMUST00000163654.7', 'ENSMUST00000168931.7', 'ENSMUST00000169962.1', 'ENSMUST00000165543.7', 'ENSMUST00000165773.7', 'ENSMUST00000167042.7', 'ENSMUST00000166960.7', 'ENSMUST00000168229.7', 'ENSMUST00000168222.7', 'ENSMUST00000171850.7', 'ENSMUST00000165722.1', 'ENSMUST00000164438.7', 'ENSMUST00000168555.7', 'ENSMUST00000167202.7', 'ENSMUST00000171912.7', 'ENSMUST00000167501.7', 'ENSMUST00000166510.7', 'ENSMUST00000163482.7', 'ENSMUST00000169071.7', 'ENSMUST00000043273.15', 'ENSMUST00000167361.7', 'ENSMUST00000163464.7', 'ENSMUST00000169911.7', 'ENSMUST00000164365.7', 'ENSMUST00000170453.1']",['protein_coding']
chr7_30563996_30564081_+,10,296,chr7,30563996,30564081,+,GT-AG,GT,AG,annotated on 5',annotated on 3',0,1,"['ENSMUST00000166960.7', 'ENSMUST00000163330.2', 'ENSMUST00000163848.7', 'ENSMUST00000043273.15', 'ENSMUST00000163654.7', 'ENSMUST00000168222.7', 'ENSMUST00000166510.7', 'ENSMUST00000164438.7', 'ENSMUST00000169911.7', 'ENSMUST00000163276.7', 'ENSMUST00000168229.7', 'ENSMUST00000168555.7', 'ENSMUST00000165773.7', 'ENSMUST00000167501.7', 'ENSMUST00000167042.7', 'ENSMUST00000169071.7', 'ENSMUST00000163482.7', 'ENSMUST00000167361.7', 'ENSMUST00000108161.8', 'ENSMUST00000171912.7', 'ENSMUST00000163464.7', 'ENSMUST00000168333.7', 'ENSMUST00000171850.7', 'ENSMUST00000168931.7', 'ENSMUST00000165543.7', 'ENSMUST00000167202.7', 'ENSMUST00000169283.7', 'ENSMUST00000169962.1', 'ENSMUST00000164365.7', 'ENSMUST00000165722.1', 'ENSMUST00000165009.1', 'ENSMUST00000171364.1', 'ENSMUST00000165524.8']","['ENSMUST00000166960.7', 'ENSMUST00000163330.2', 'ENSMUST00000163848.7', 'ENSMUST00000043273.15', 'ENSMUST00000163654.7', 'ENSMUST00000168222.7', 'ENSMUST00000166510.7', 'ENSMUST00000164438.7', 'ENSMUST00000169911.7', 'ENSMUST00000163276.7', 'ENSMUST00000168555.7', 'ENSMUST00000165773.7', 'ENSMUST00000167501.7', 'ENSMUST00000167042.7', 'ENSMUST00000169071.7', 'ENSMUST00000163482.7', 'ENSMUST00000167361.7', 'ENSMUST00000108161.8', 'ENSMUST00000171912.7', 'ENSMUST00000163464.7', 'ENSMUST00000168333.7', 'ENSMUST00000171850.7', 'ENSMUST00000168931.7', 'ENSMUST00000165543.7', 'ENSMUST00000167202.7', 'ENSMUST00000169283.7', 'ENSMUST00000169962.1', 'ENSMUST00000164365.7', 'ENSMUST00000165009.1', 'ENSMUST00000165524.8']","['ENSMUST00000163330.2', 'ENSMUST00000169283.7', 'ENSMUST00000108161.8', 'ENSMUST00000163276.7', 'ENSMUST00000165524.8', 'ENSMUST00000168333.7', 'ENSMUST00000163848.7', 'ENSMUST00000163654.7', 'ENSMUST00000168931.7', 'ENSMUST00000169962.1', 'ENSMUST00000165543.7', 'ENSMUST00000165773.7', 'ENSMUST00000165009.1', 'ENSMUST00000167042.7', 'ENSMUST00000166960.7', 'ENSMUST00000168222.7', 'ENSMUST00000171850.7', 'ENSMUST00000164438.7', 'ENSMUST00000168555.7', 'ENSMUST00000167202.7', 'ENSMUST00000171912.7', 'ENSMUST00000167501.7', 'ENSMUST00000166510.7', 'ENSMUST00000163482.7', 'ENSMUST00000169071.7', 'ENSMUST00000043273.15', 'ENSMUST00000167361.7', 'ENSMUST00000163464.7', 'ENSMUST00000169911.7', 'ENSMUST00000164365.7']","['ENSMUST00000168229.7', 'ENSMUST00000165722.1', 'ENSMUST00000167024.1', 'ENSMUST00000171364.1', 'ENSMUST00000170453.1']",[],"['nonsense_mediated_decay', 'protein_coding', 'retained_intron']","['ENSMUSG00000109378.1', 'ENSMUSG00000078765.11']","['Gm49396', 'U2af1l4']","['ENSMUST00000163330.2', 'ENSMUST00000169283.7', 'ENSMUST00000108161.8', 'ENSMUST00000163276.7', 'ENSMUST00000165524.8', 'ENSMUST00000168333.7', 'ENSMUST00000171364.1', 'ENSMUST00000163848.7', 'ENSMUST00000163654.7', 'ENSMUST00000168931.7', 'ENSMUST00000169962.1', 'ENSMUST00000165543.7', 'ENSMUST00000165773.7', 'ENSMUST00000165009.1', 'ENSMUST00000167042.7', 'ENSMUST00000166960.7', 'ENSMUST00000168229.7', 'ENSMUST00000168222.7', 'ENSMUST00000171850.7', 'ENSMUST00000165722.1', 'ENSMUST00000164438.7', 'ENSMUST00000168555.7', 'ENSMUST00000167202.7', 'ENSMUST00000171912.7', 'ENSMUST00000167501.7', 'ENSMUST00000166510.7', 'ENSMUST00000163482.7', 'ENSMUST00000169071.7', 'ENSMUST00000043273.15', 'ENSMUST00000167361.7', 'ENSMUST00000163464.7', 'ENSMUST00000169911.7', 'ENSMUST00000164365.7', 'ENSMUST00000167024.1', 'ENSMUST00000170453.1']","['ENSMUST00000163330.2', 'ENSMUST00000169283.7', 'ENSMUST00000108161.8', 'ENSMUST00000163276.7', 'ENSMUST00000165524.8', 'ENSMUST00000168333.7', 'ENSMUST00000163848.7', 'ENSMUST00000163654.7', 'ENSMUST00000168931.7', 'ENSMUST00000169962.1', 'ENSMUST00000165543.7', 'ENSMUST00000165773.7', 'ENSMUST00000165009.1', 'ENSMUST00000167042.7', 'ENSMUST00000166960.7', 'ENSMUST00000168222.7', 'ENSMUST00000171850.7', 'ENSMUST00000164438.7', 'ENSMUST00000168555.7', 'ENSMUST00000167202.7', 'ENSMUST00000171912.7', 'ENSMUST00000167501.7', 'ENSMUST00000166510.7', 'ENSMUST00000163482.7', 'ENSMUST00000169071.7', 'ENSMUST00000043273.15', 'ENSMUST00000167361.7', 'ENSMUST00000163464.7', 'ENSMUST00000169911.7', 'ENSMUST00000164365.7']",['protein_coding']
chr7_30564131_30564202_+,10,335,chr7,30564131,30564202,+,GT-AG,GT,AG,annotated on 5',annotated on 3',0,1,"['ENSMUST00000166960.7', 'ENSMUST00000163330.2', 'ENSMUST00000043273.15', 'ENSMUST00000163654.7', 'ENSMUST00000164438.7', 'ENSMUST00000169911.7', 'ENSMUST00000163276.7', 'ENSMUST00000165773.7', 'ENSMUST00000167501.7', 'ENSMUST00000167042.7', 'ENSMUST00000163482.7', 'ENSMUST00000167361.7', 'ENSMUST00000108161.8', 'ENSMUST00000171912.7', 'ENSMUST00000163464.7', 'ENSMUST00000168333.7', 'ENSMUST00000171850.7', 'ENSMUST00000168931.7', 'ENSMUST00000165543.7', 'ENSMUST00000167202.7', 'ENSMUST00000169283.7', 'ENSMUST00000164365.7', 'ENSMUST00000165009.1', 'ENSMUST00000165524.8']","['ENSMUST00000166960.7', 'ENSMUST00000163330.2', 'ENSMUST00000043273.15', 'ENSMUST00000163654.7', 'ENSMUST00000166510.7', 'ENSMUST00000164438.7', 'ENSMUST00000169911.7', 'ENSMUST00000163276.7', 'ENSMUST00000168229.7', 'ENSMUST00000165773.7', 'ENSMUST00000167501.7', 'ENSMUST00000167042.7', 'ENSMUST00000163482.7', 'ENSMUST00000167361.7', 'ENSMUST00000108161.8', 'ENSMUST00000171912.7', 'ENSMUST00000166257.7', 'ENSMUST00000163464.7', 'ENSMUST00000168333.7', 'ENSMUST00000168931.7', 'ENSMUST00000165543.7', 'ENSMUST00000167202.7', 'ENSMUST00000169283.7', 'ENSMUST00000165722.1', 'ENSMUST00000165009.1', 'ENSMUST00000171364.1', 'ENSMUST00000165524.8']","['ENSMUST00000163330.2', 'ENSMUST00000169283.7', 'ENSMUST00000108161.8', 'ENSMUST00000163276.7', 'ENSMUST00000165524.8', 'ENSMUST00000168333.7', 'ENSMUST00000163654.7', 'ENSMUST00000168931.7', 'ENSMUST00000165543.7', 'ENSMUST00000165773.7', 'ENSMUST00000165009.1', 'ENSMUST00000167042.7', 'ENSMUST00000166960.7', 'ENSMUST00000164438.7', 'ENSMUST00000167202.7', 'ENSMUST00000171912.7', 'ENSMUST00000167501.7', 'ENSMUST00000166510.7', 'ENSMUST00000163482.7', 'ENSMUST00000043273.15', 'ENSMUST00000167361.7', 'ENSMUST00000163464.7', 'ENSMUST00000169911.7']","['ENSMUST00000164365.7', 'ENSMUST00000167024.1', 'ENSMUST00000171850.7', 'ENSMUST00000170453.1']","['ENSMUST00000168229.7', 'ENSMUST00000165722.1', 'ENSMUST00000171364.1', 'ENSMUST00000166257.7']","['nonsense_mediated_decay', 'protein_coding', 'retained_intron']","['ENSMUSG00000109378.1', 'ENSMUSG00000078765.11']","['Gm49396', 'U2af1l4']","['ENSMUST00000163330.2', 'ENSMUST00000169283.7', 'ENSMUST00000108161.8', 'ENSMUST00000163276.7', 'ENSMUST00000165524.8', 'ENSMUST00000168333.7', 'ENSMUST00000163654.7', 'ENSMUST00000168931.7', 'ENSMUST00000165543.7', 'ENSMUST00000165773.7', 'ENSMUST00000165009.1', 'ENSMUST00000167042.7', 'ENSMUST00000166960.7', 'ENSMUST00000171850.7', 'ENSMUST00000164438.7', 'ENSMUST00000167202.7', 'ENSMUST00000171912.7', 'ENSMUST00000167501.7', 'ENSMUST00000166510.7', 'ENSMUST00000163482.7', 'ENSMUST00000043273.15', 'ENSMUST00000167361.7', 'ENSMUST00000163464.7', 'ENSMUST00000169911.7', 'ENSMUST00000164365.7', 'ENSMUST00000167024.1', 'ENSMUST00000170453.1']","['ENSMUST00000163330.2', 'ENSMUST00000169283.7', 'ENSMUST00000108161.8', 'ENSMUST00000163276.7', 'ENSMUST00000165524.8', 'ENSMUST00000168333.7', 'ENSMUST00000171364.1', 'ENSMUST00000163654.7', 'ENSMUST00000168931.7', 'ENSMUST00000165543.7', 'ENSMUST00000165773.7', 'ENSMUST00000165009.1', 'ENSMUST00000167042.7', 'ENSMUST00000166960.7', 'ENSMUST00000168229.7', 'ENSMUST00000165722.1', 'ENSMUST00000164438.7', 'ENSMUST00000166257.7', 'ENSMUST00000167202.7', 'ENSMUST00000171912.7', 'ENSMUST00000167501.7', 'ENSMUST00000166510.7', 'ENSMUST00000163482.7', 'ENSMUST00000043273.15', 'ENSMUST00000167361.7', 'ENSMUST00000163464.7', 'ENSMUST00000169911.7']",['protein_coding']
chr7_30564301_30564473_+,9,352,chr7,30564301,30564473,+,GT-AG,GT,AG,annotated on 5',annotated on 3',0,1,"['ENSMUST00000166960.7', 'ENSMUST00000163330.2', 'ENSMUST00000163848.7', 'ENSMUST00000043273.15', 'ENSMUST00000163654.7', 'ENSMUST00000168222.7', 'ENSMUST00000166510.7', 'ENSMUST00000168229.7', 'ENSMUST00000165773.7', 'ENSMUST00000167501.7', 'ENSMUST00000167042.7', 'ENSMUST00000163482.7', 'ENSMUST00000167361.7', 'ENSMUST00000171912.7', 'ENSMUST00000166257.7', 'ENSMUST00000163464.7', 'ENSMUST00000168931.7', 'ENSMUST00000167202.7', 'ENSMUST00000169283.7', 'ENSMUST00000165722.1', 'ENSMUST00000165524.8']","['ENSMUST00000166960.7', 'ENSMUST00000163330.2', 'ENSMUST00000163848.7', 'ENSMUST00000043273.15', 'ENSMUST00000163654.7', 'ENSMUST00000168222.7', 'ENSMUST00000166510.7', 'ENSMUST00000168229.7', 'ENSMUST00000165773.7', 'ENSMUST00000167501.7', 'ENSMUST00000167042.7', 'ENSMUST00000163482.7', 'ENSMUST00000167361.7', 'ENSMUST00000108161.8', 'ENSMUST00000171912.7', 'ENSMUST00000166257.7', 'ENSMUST00000163464.7', 'ENSMUST00000168333.7', 'ENSMUST00000171850.7', 'ENSMUST00000168931.7', 'ENSMUST00000164365.7', 'ENSMUST00000165722.1', 'ENSMUST00000165524.8']","['ENSMUST00000163330.2', 'ENSMUST00000108161.8', 'ENSMUST00000165524.8', 'ENSMUST00000168333.7', 'ENSMUST00000163848.7', 'ENSMUST00000163654.7', 'ENSMUST00000168931.7', 'ENSMUST00000165773.7', 'ENSMUST00000167042.7', 'ENSMUST00000166960.7', 'ENSMUST00000168229.7', 'ENSMUST00000168222.7', 'ENSMUST00000165722.1', 'ENSMUST00000166257.7', 'ENSMUST00000171912.7', 'ENSMUST00000167501.7', 'ENSMUST00000166510.7', 'ENSMUST00000163482.7', 'ENSMUST00000043273.15', 'ENSMUST00000167361.7', 'ENSMUST00000163464.7']","['ENSMUST00000169283.7', 'ENSMUST00000169962.1', 'ENSMUST00000163276.7', 'ENSMUST00000167202.7', 'ENSMUST00000171364.1']","['ENSMUST00000164365.7', 'ENSMUST00000171850.7']","['nonsense_mediated_decay', 'protein_coding', 'retained_intron']","['ENSMUSG00000109378.1', 'ENSMUSG00000078765.11']","['Gm49396', 'U2af1l4']","['ENSMUST00000163330.2', 'ENSMUST00000169283.7', 'ENSMUST00000108161.8', 'ENSMUST00000163276.7', 'ENSMUST00000165524.8', 'ENSMUST00000168333.7', 'ENSMUST00000171364.1', 'ENSMUST00000163848.7', 'ENSMUST00000163654.7', 'ENSMUST00000168931.7', 'ENSMUST00000169962.1', 'ENSMUST00000165773.7', 'ENSMUST00000167042.7', 'ENSMUST00000166960.7', 'ENSMUST00000168229.7', 'ENSMUST00000168222.7', 'ENSMUST00000165722.1', 'ENSMUST00000166257.7', 'ENSMUST00000167202.7', 'ENSMUST00000171912.7', 'ENSMUST00000167501.7', 'ENSMUST00000166510.7', 'ENSMUST00000163482.7', 'ENSMUST00000043273.15', 'ENSMUST00000167361.7', 'ENSMUST00000163464.7']","['ENSMUST00000163330.2', 'ENSMUST00000108161.8', 'ENSMUST00000165524.8', 'ENSMUST00000168333.7', 'ENSMUST00000163848.7', 'ENSMUST00000163654.7', 'ENSMUST00000168931.7', 'ENSMUST00000165773.7', 'ENSMUST00000167042.7', 'ENSMUST00000166960.7', 'ENSMUST00000168229.7', 'ENSMUST00000168222.7', 'ENSMUST00000171850.7', 'ENSMUST00000165722.1', 'ENSMUST00000166257.7', 'ENSMUST00000171912.7', 'ENSMUST00000167501.7', 'ENSMUST00000166510.7', 'ENSMUST00000163482.7', 'ENSMUST00000043273.15', 'ENSMUST00000167361.7', 'ENSMUST00000163464.7', 'ENSMUST00000164365.7']",['protein_coding']
chr7_30564607_30564702_+,9,334,chr7,30564607,30564702,+,GT-AG,GT,AG,annotated on 5',annotated on 3',0,1,"['ENSMUST00000166960.7', 'ENSMUST00000163330.2', 'ENSMUST00000043273.15', 'ENSMUST00000163654.7', 'ENSMUST00000168222.7', 'ENSMUST00000166510.7', 'ENSMUST00000169911.7', 'ENSMUST00000168229.7', 'ENSMUST00000168555.7', 'ENSMUST00000165773.7', 'ENSMUST00000167501.7', 'ENSMUST00000167042.7', 'ENSMUST00000167361.7', 'ENSMUST00000108161.8', 'ENSMUST00000171912.7', 'ENSMUST00000166257.7', 'ENSMUST00000168333.7', 'ENSMUST00000171850.7', 'ENSMUST00000164365.7', 'ENSMUST00000165722.1', 'ENSMUST00000165009.1', 'ENSMUST00000165524.8']","['ENSMUST00000163330.2', 'ENSMUST00000043273.15', 'ENSMUST00000166510.7', 'ENSMUST00000168229.7', 'ENSMUST00000168555.7', 'ENSMUST00000165773.7', 'ENSMUST00000167501.7', 'ENSMUST00000167042.7', 'ENSMUST00000167361.7', 'ENSMUST00000108161.8', 'ENSMUST00000171912.7', 'ENSMUST00000166257.7', 'ENSMUST00000163464.7', 'ENSMUST00000168333.7', 'ENSMUST00000171850.7', 'ENSMUST00000164365.7', 'ENSMUST00000165722.1', 'ENSMUST00000165524.8']","['ENSMUST00000167501.7', 'ENSMUST00000168229.7', 'ENSMUST00000166510.7', 'ENSMUST00000163330.2', 'ENSMUST00000043273.15', 'ENSMUST00000171850.7', 'ENSMUST00000167361.7', 'ENSMUST00000108161.8', 'ENSMUST00000165722.1', 'ENSMUST00000165524.8', 'ENSMUST00000163464.7', 'ENSMUST00000165773.7', 'ENSMUST00000166257.7', 'ENSMUST00000168555.7', 'ENSMUST00000164365.7', 'ENSMUST00000167042.7', 'ENSMUST00000168333.7', 'ENSMUST00000171912.7']","['ENSMUST00000168222.7', 'ENSMUST00000163654.7', 'ENSMUST00000168931.7', 'ENSMUST00000164438.7', 'ENSMUST00000169911.7', 'ENSMUST00000165009.1', 'ENSMUST00000166960.7']",['ENSMUST00000163482.7'],"['nonsense_mediated_decay', 'protein_coding', 'retained_intron']","['ENSMUSG00000109378.1', 'ENSMUSG00000078765.11']","['Gm49396', 'U2af1l4']","['ENSMUST00000163330.2', 'ENSMUST00000108161.8', 'ENSMUST00000165524.8', 'ENSMUST00000168333.7', 'ENSMUST00000163654.7', 'ENSMUST00000168931.7', 'ENSMUST00000165773.7', 'ENSMUST00000165009.1', 'ENSMUST00000167042.7', 'ENSMUST00000166960.7', 'ENSMUST00000168229.7', 'ENSMUST00000168222.7', 'ENSMUST00000171850.7', 'ENSMUST00000165722.1', 'ENSMUST00000164438.7', 'ENSMUST00000166257.7', 'ENSMUST00000168555.7', 'ENSMUST00000171912.7', 'ENSMUST00000167501.7', 'ENSMUST00000166510.7', 'ENSMUST00000043273.15', 'ENSMUST00000167361.7', 'ENSMUST00000163464.7', 'ENSMUST00000169911.7', 'ENSMUST00000164365.7']","['ENSMUST00000163330.2', 'ENSMUST00000108161.8', 'ENSMUST00000165524.8', 'ENSMUST00000168333.7', 'ENSMUST00000165773.7', 'ENSMUST00000167042.7', 'ENSMUST00000168229.7', 'ENSMUST00000171850.7', 'ENSMUST00000165722.1', 'ENSMUST00000166257.7', 'ENSMUST00000168555.7', 'ENSMUST00000171912.7', 'ENSMUST00000167501.7', 'ENSMUST00000166510.7', 'ENSMUST00000163482.7', 'ENSMUST00000043273.15', 'ENSMUST00000167361.7', 'ENSMUST00000163464.7', 'ENSMUST00000164365.7']",['protein_coding']
chr7_30564798_30565094_+,9,346,chr7,30564798,30565094,+,GT-AG,GT,AG,annotated on 5',annotated on 3',0,1,"['ENSMUST00000163330.2', 'ENSMUST00000043273.15', 'ENSMUST00000166510.7', 'ENSMUST00000168229.7', 'ENSMUST00000168555.7', 'ENSMUST00000165773.7', 'ENSMUST00000167042.7', 'ENSMUST00000163482.7', 'ENSMUST00000167361.7', 'ENSMUST00000108161.8', 'ENSMUST00000171912.7', 'ENSMUST00000166257.7', 'ENSMUST00000163464.7', 'ENSMUST00000168333.7', 'ENSMUST00000171850.7', 'ENSMUST00000164365.7', 'ENSMUST00000165722.1', 'ENSMUST00000165524.8']","['ENSMUST00000166960.7', 'ENSMUST00000163330.2', 'ENSMUST00000043273.15', 'ENSMUST00000163654.7', 'ENSMUST00000166510.7', 'ENSMUST00000163276.7', 'ENSMUST00000168555.7', 'ENSMUST00000165773.7', 'ENSMUST00000167042.7', 'ENSMUST00000163482.7', 'ENSMUST00000167361.7', 'ENSMUST00000108161.8', 'ENSMUST00000171912.7', 'ENSMUST00000166257.7', 'ENSMUST00000163464.7', 'ENSMUST00000168333.7', 'ENSMUST00000171850.7', 'ENSMUST00000167202.7', 'ENSMUST00000169283.7', 'ENSMUST00000164365.7', 'ENSMUST00000165722.1', 'ENSMUST00000165524.8']","['ENSMUST00000166510.7', 'ENSMUST00000163482.7', 'ENSMUST00000163330.2', 'ENSMUST00000043273.15', 'ENSMUST00000171850.7', 'ENSMUST00000167361.7', 'ENSMUST00000108161.8', 'ENSMUST00000165722.1', 'ENSMUST00000165524.8', 'ENSMUST00000163464.7', 'ENSMUST00000165773.7', 'ENSMUST00000166257.7', 'ENSMUST00000168555.7', 'ENSMUST00000164365.7', 'ENSMUST00000167042.7', 'ENSMUST00000168333.7', 'ENSMUST00000171912.7']","['ENSMUST00000167501.7', 'ENSMUST00000168229.7']","['ENSMUST00000166864.7', 'ENSMUST00000169283.7', 'ENSMUST00000163654.7', 'ENSMUST00000163276.7', 'ENSMUST00000167202.7', 'ENSMUST00000166960.7']","['nonsense_mediated_decay', 'processed_transcript', 'protein_coding', 'retained_intron']","['ENSMUSG00000109378.1', 'ENSMUSG00000078765.11']","['Gm49396', 'U2af1l4']","['ENSMUST00000163330.2', 'ENSMUST00000108161.8', 'ENSMUST00000165524.8', 'ENSMUST00000168333.7', 'ENSMUST00000165773.7', 'ENSMUST00000167042.7', 'ENSMUST00000168229.7', 'ENSMUST00000171850.7', 'ENSMUST00000165722.1', 'ENSMUST00000166257.7', 'ENSMUST00000168555.7', 'ENSMUST00000171912.7', 'ENSMUST00000167501.7', 'ENSMUST00000166510.7', 'ENSMUST00000163482.7', 'ENSMUST00000043273.15', 'ENSMUST00000167361.7', 'ENSMUST00000163464.7', 'ENSMUST00000164365.7']","['ENSMUST00000163330.2', 'ENSMUST00000169283.7', 'ENSMUST00000108161.8', 'ENSMUST00000163276.7', 'ENSMUST00000165524.8', 'ENSMUST00000168333.7', 'ENSMUST00000163654.7', 'ENSMUST00000165773.7', 'ENSMUST00000167042.7', 'ENSMUST00000166960.7', 'ENSMUST00000171850.7', 'ENSMUST00000165722.1', 'ENSMUST00000166257.7', 'ENSMUST00000168555.7', 'ENSMUST00000167202.7', 'ENSMUST00000171912.7', 'ENSMUST00000166510.7', 'ENSMUST00000163482.7', 'ENSMUST00000166864.7', 'ENSMUST00000043273.15', 'ENSMUST00000167361.7', 'ENSMUST00000163464.7', 'ENSMUST00000164365.7']",['protein_coding']
chr7_126364621_126367875_-,6,2824,chr7,126364621,126367875,-,GT-AG,GT,AG,annotated on 5',annotated on 3',1,0,"['ENSMUST00000206793.1', 'ENSMUST00000032997.7']","['ENSMUST00000206793.1', 'ENSMUST00000032997.7']","['ENSMUST00000206793.1', 'ENSMUST00000032997.7']",['ENSMUST00000184637.1'],[],"['miRNA', 'protein_coding']","['ENSMUSG00000099017.1', 'ENSMUSG00000030742.7']","['Mir7058', 'Lat']","['ENSMUST00000206793.1', 'ENSMUST00000184637.1', 'ENSMUST00000032997.7']","['ENSMUST00000206793.1', 'ENSMUST00000032997.7']","['miRNA', 'protein_coding']"
chr7_126367970_126368045_-,6,2948,chr7,126367970,126368045,-,GT-AG,GT,AG,annotated on 5',annotated on 3',1,0,"['ENSMUST00000206793.1', 'ENSMUST00000032997.7']","['ENSMUST00000206793.1', 'ENSMUST00000032997.7']","['ENSMUST00000206793.1', 'ENSMUST00000184637.1', 'ENSMUST00000032997.7']",['ENSMUST00000205642.1'],[],"['miRNA', 'protein_coding']","['ENSMUSG00000099017.1', 'ENSMUSG00000030742.7']","['Mir7058', 'Lat']","['ENSMUST00000206793.1', 'ENSMUST00000205642.1', 'ENSMUST00000184637.1', 'ENSMUST00000032997.7']","['ENSMUST00000206793.1', 'ENSMUST00000184637.1', 'ENSMUST00000032997.7']","['miRNA', 'protein_coding']"
chr7_126368106_126368185_-,6,2547,chr7,126368106,126368185,-,GT-AG,GT,AG,annotated on 5',annotated on 3',1,0,['ENSMUST00000032997.7'],"['ENSMUST00000206793.1', 'ENSMUST00000032997.7', 'ENSMUST00000205642.1']","['ENSMUST00000205642.1', 'ENSMUST00000032997.7']",[],"['ENSMUST00000206793.1', 'ENSMUST00000184637.1']","['miRNA', 'protein_coding']","['ENSMUSG00000099017.1', 'ENSMUSG00000030742.7']","['Mir7058', 'Lat']","['ENSMUST00000205642.1', 'ENSMUST00000032997.7']","['ENSMUST00000206793.1', 'ENSMUST00000205642.1', 'ENSMUST00000184637.1', 'ENSMUST00000032997.7']","['miRNA', 'protein_coding']"
chr7_142371310_142372161_-,5,375,chr7,142371310,142372161,-,GT-AG,GT,AG,annotated on 5',annotated on 3',1,0,"['ENSMUST00000059223.14', 'ENSMUST00000140032.1', 'ENSMUST00000084412.5']","['ENSMUST00000059223.14', 'ENSMUST00000084412.5', 'ENSMUST00000105988.1', 'ENSMUST00000209263.1', 'ENSMUST00000123543.1', 'ENSMUST00000133843.7']","['ENSMUST00000084412.5', 'ENSMUST00000059223.14']",['ENSMUST00000140032.1'],"['ENSMUST00000123543.1', 'ENSMUST00000133843.7', 'ENSMUST00000209263.1', 'ENSMUST00000105988.1']","['processed_transcript', 'protein_coding']","['ENSMUSG00000110040.1', 'ENSMUSG00000045777.14']","['Gm49369', 'Ifitm10']","['ENSMUST00000084412.5', 'ENSMUST00000059223.14', 'ENSMUST00000140032.1']","['ENSMUST00000084412.5', 'ENSMUST00000209263.1', 'ENSMUST00000105988.1', 'ENSMUST00000123543.1', 'ENSMUST00000133843.7', 'ENSMUST00000059223.14']",['protein_coding']
chr9_88420825_88422897_-,5,217,chr9,88420825,88422897,-,GT-AG,GT,AG,annotated on 5',annotated on 3',1,0,"['ENSMUST00000165315.7', 'ENSMUST00000173011.7', 'ENSMUST00000173039.7', 'ENSMUST00000174806.7', 'ENSMUST00000126405.1', 'ENSMUST00000173131.7', 'ENSMUST00000126563.2', 'ENSMUST00000154586.2']","['ENSMUST00000165315.7', 'ENSMUST00000173011.7', 'ENSMUST00000173039.7', 'ENSMUST00000174806.7', 'ENSMUST00000126405.1', 'ENSMUST00000173131.7', 'ENSMUST00000126563.2', 'ENSMUST00000154586.2']","['ENSMUST00000174806.7', 'ENSMUST00000173011.7', 'ENSMUST00000126563.2', 'ENSMUST00000154586.2', 'ENSMUST00000173131.7', 'ENSMUST00000126405.1', 'ENSMUST00000165315.7', 'ENSMUST00000173039.7']",[],[],"['nonsense_mediated_decay', 'protein_coding', 'retained_intron']","['ENSMUSG00000092541.7', 'ENSMUSG00000032422.17']","['Gm20537', 'Snx14']","['ENSMUST00000174806.7', 'ENSMUST00000173011.7', 'ENSMUST00000126563.2', 'ENSMUST00000154586.2', 'ENSMUST00000173131.7', 'ENSMUST00000126405.1', 'ENSMUST00000165315.7', 'ENSMUST00000173039.7']","['ENSMUST00000174806.7', 'ENSMUST00000173011.7', 'ENSMUST00000126563.2', 'ENSMUST00000154586.2', 'ENSMUST00000173131.7', 'ENSMUST00000126405.1', 'ENSMUST00000165315.7', 'ENSMUST00000173039.7']",['protein_coding']
chrX_73921041_73921271_-,13,461,chrX,73921041,73921271,-,GT-AG,GT,AG,annotated on 5',annotated on 3',1,0,"['ENSMUST00000128329.1', 'ENSMUST00000033763.14', 'ENSMUST00000114389.9', 'ENSMUST00000114387.7', 'ENSMUST00000114391.9', 'ENSMUST00000114390.7', 'ENSMUST00000096316.3', 'ENSMUST00000143076.1', 'ENSMUST00000149591.1']","['ENSMUST00000128329.1', 'ENSMUST00000033763.14', 'ENSMUST00000114389.9', 'ENSMUST00000114387.7', 'ENSMUST00000114391.9', 'ENSMUST00000114390.7', 'ENSMUST00000096316.3', 'ENSMUST00000143076.1', 'ENSMUST00000149591.1']","['ENSMUST00000114390.7', 'ENSMUST00000114391.9', 'ENSMUST00000096316.3', 'ENSMUST00000149591.1', 'ENSMUST00000143076.1', 'ENSMUST00000128329.1', 'ENSMUST00000114389.9', 'ENSMUST00000114387.7', 'ENSMUST00000033763.14']",[],[],"['protein_coding', 'retained_intron']","['ENSMUSG00000031388.14', 'ENSMUSG00000031389.17']","['Naa10', 'Arhgap4']","['ENSMUST00000114390.7', 'ENSMUST00000114391.9', 'ENSMUST00000096316.3', 'ENSMUST00000149591.1', 'ENSMUST00000143076.1', 'ENSMUST00000128329.1', 'ENSMUST00000114389.9', 'ENSMUST00000114387.7', 'ENSMUST00000033763.14']","['ENSMUST00000114390.7', 'ENSMUST00000114391.9', 'ENSMUST00000096316.3', 'ENSMUST00000149591.1', 'ENSMUST00000143076.1', 'ENSMUST00000128329.1', 'ENSMUST00000114389.9', 'ENSMUST00000114387.7', 'ENSMUST00000033763.14']",['protein_coding']
chrX_73921370_73921755_-,12,299,chrX,73921370,73921755,-,GT-AG,GT,AG,annotated on 5',annotated on 3',1,0,"['ENSMUST00000128329.1', 'ENSMUST00000033763.14', 'ENSMUST00000114389.9', 'ENSMUST00000114387.7', 'ENSMUST00000114391.9', 'ENSMUST00000114390.7', 'ENSMUST00000096316.3', 'ENSMUST00000143076.1', 'ENSMUST00000153929.1']","['ENSMUST00000128329.1', 'ENSMUST00000033763.14', 'ENSMUST00000114389.9', 'ENSMUST00000114387.7', 'ENSMUST00000114391.9', 'ENSMUST00000114390.7', 'ENSMUST00000096316.3', 'ENSMUST00000143076.1', 'ENSMUST00000153929.1']","['ENSMUST00000114390.7', 'ENSMUST00000114391.9', 'ENSMUST00000153929.1', 'ENSMUST00000096316.3', 'ENSMUST00000143076.1', 'ENSMUST00000128329.1', 'ENSMUST00000114389.9', 'ENSMUST00000114387.7', 'ENSMUST00000033763.14']",[],[],"['protein_coding', 'retained_intron']","['ENSMUSG00000031388.14', 'ENSMUSG00000031389.17']","['Naa10', 'Arhgap4']","['ENSMUST00000114390.7', 'ENSMUST00000114391.9', 'ENSMUST00000153929.1', 'ENSMUST00000096316.3', 'ENSMUST00000143076.1', 'ENSMUST00000128329.1', 'ENSMUST00000114389.9', 'ENSMUST00000114387.7', 'ENSMUST00000033763.14']","['ENSMUST00000114390.7', 'ENSMUST00000114391.9', 'ENSMUST00000153929.1', 'ENSMUST00000096316.3', 'ENSMUST00000143076.1', 'ENSMUST00000128329.1', 'ENSMUST00000114389.9', 'ENSMUST00000114387.7', 'ENSMUST00000033763.14']",['protein_coding']
chrX_101265037_101265375_-,11,1112,chrX,101265037,101265375,-,GT-AG,GT,AG,annotated on 5',annotated on 3',1,0,"['ENSMUST00000117736.1', 'ENSMUST00000033664.13', 'ENSMUST00000135038.1']","['ENSMUST00000117736.1', 'ENSMUST00000033664.13', 'ENSMUST00000135038.1']","['ENSMUST00000117736.1', 'ENSMUST00000135038.1', 'ENSMUST00000033664.13']",[],[],['protein_coding'],"['ENSMUSG00000031304.18', 'ENSMUSG00000092463.1']","['Il2rg', 'Gm20489']","['ENSMUST00000117736.1', 'ENSMUST00000135038.1', 'ENSMUST00000033664.13']","['ENSMUST00000117736.1', 'ENSMUST00000135038.1', 'ENSMUST00000033664.13']",['protein_coding']
chrX_101265442_101265629_-,11,1169,chrX,101265442,101265629,-,GT-AG,GT,AG,annotated on 5',annotated on 3',1,0,"['ENSMUST00000117736.1', 'ENSMUST00000033664.13']","['ENSMUST00000117736.1', 'ENSMUST00000033664.13', 'ENSMUST00000135038.1']","['ENSMUST00000117736.1', 'ENSMUST00000033664.13']",[],['ENSMUST00000135038.1'],['protein_coding'],"['ENSMUSG00000031304.18', 'ENSMUSG00000092463.1']","['Il2rg', 'Gm20489']","['ENSMUST00000117736.1', 'ENSMUST00000033664.13']","['ENSMUST00000117736.1', 'ENSMUST00000135038.1', 'ENSMUST00000033664.13']",['protein_coding']
chrX_101265726_101266180_-,11,1526,chrX,101265726,101266180,-,GT-AG,GT,AG,annotated on 5',annotated on 3',1,0,"['ENSMUST00000117736.1', 'ENSMUST00000033664.13', 'ENSMUST00000135038.1']","['ENSMUST00000117736.1', 'ENSMUST00000033664.13']","['ENSMUST00000117736.1', 'ENSMUST00000033664.13']",['ENSMUST00000135038.1'],[],['protein_coding'],"['ENSMUSG00000031304.18', 'ENSMUSG00000092463.1']","['Il2rg', 'Gm20489']","['ENSMUST00000117736.1', 'ENSMUST00000135038.1', 'ENSMUST00000033664.13']","['ENSMUST00000117736.1', 'ENSMUST00000033664.13']",['protein_coding']
chrX_101266343_101266977_-,11,1384,chrX,101266343,101266977,-,GT-AG,GT,AG,annotated on 5',annotated on 3',1,0,"['ENSMUST00000117736.1', 'ENSMUST00000033664.13', 'ENSMUST00000135038.1']","['ENSMUST00000117736.1', 'ENSMUST00000033664.13', 'ENSMUST00000135038.1']","['ENSMUST00000117736.1', 'ENSMUST00000135038.1', 'ENSMUST00000033664.13']",[],[],['protein_coding'],"['ENSMUSG00000031304.18', 'ENSMUSG00000092463.1']","['Il2rg', 'Gm20489']","['ENSMUST00000117736.1', 'ENSMUST00000135038.1', 'ENSMUST00000033664.13']","['ENSMUST00000117736.1', 'ENSMUST00000135038.1', 'ENSMUST00000033664.13']",['protein_coding']
chrX_101267120_101267310_-,11,1020,chrX,101267120,101267310,-,GT-AG,GT,AG,annotated on 5',annotated on 3',1,0,"['ENSMUST00000117736.1', 'ENSMUST00000033664.13', 'ENSMUST00000135038.1']","['ENSMUST00000117736.1', 'ENSMUST00000033664.13', 'ENSMUST00000135038.1']","['ENSMUST00000117736.1', 'ENSMUST00000135038.1', 'ENSMUST00000033664.13']",[],[],['protein_coding'],"['ENSMUSG00000031304.18', 'ENSMUSG00000092463.1']","['Il2rg', 'Gm20489']","['ENSMUST00000117736.1', 'ENSMUST00000135038.1', 'ENSMUST00000033664.13']","['ENSMUST00000117736.1', 'ENSMUST00000135038.1', 'ENSMUST00000033664.13']",['protein_coding']
chrX_101267495_101267710_-,11,1386,chrX,101267495,101267710,-,GT-AG,GT,AG,annotated on 5',annotated on 3',1,0,"['ENSMUST00000033664.13', 'ENSMUST00000127538.1']","['ENSMUST00000117736.1', 'ENSMUST00000033664.13', 'ENSMUST00000127538.1']","['ENSMUST00000127538.1', 'ENSMUST00000033664.13']",[],"['ENSMUST00000117736.1', 'ENSMUST00000135038.1']","['processed_transcript', 'protein_coding']","['ENSMUSG00000031304.18', 'ENSMUSG00000092463.1']","['Il2rg', 'Gm20489']","['ENSMUST00000127538.1', 'ENSMUST00000033664.13']","['ENSMUST00000117736.1', 'ENSMUST00000127538.1', 'ENSMUST00000135038.1', 'ENSMUST00000033664.13']",['protein_coding']
chr10_81384578_81385718_+,10,553,chr10,81384578,81385718,+,GT-AG,GT,AG,annotated on 5',annotated on 3',0,1,"['ENSMUST00000072751.12', 'ENSMUST00000144647.7', 'ENSMUST00000145416.1']","['ENSMUST00000072751.12', 'ENSMUST00000142346.7', 'ENSMUST00000144647.7', 'ENSMUST00000145416.1', 'ENSMUST00000134592.1']","['ENSMUST00000142346.7', 'ENSMUST00000144647.7', 'ENSMUST00000072751.12', 'ENSMUST00000145416.1']",[],"['ENSMUST00000121047.1', 'ENSMUST00000134592.1']","['nonsense_mediated_decay', 'protein_coding', 'retained_intron']","['ENSMUSG00000078440.10', 'ENSMUSG00000113262.1']","['Dohh', 'Gm48551']","['ENSMUST00000142346.7', 'ENSMUST00000144647.7', 'ENSMUST00000072751.12', 'ENSMUST00000145416.1']","['ENSMUST00000144647.7', 'ENSMUST00000142346.7', 'ENSMUST00000134592.1', 'ENSMUST00000145416.1', 'ENSMUST00000072751.12', 'ENSMUST00000121047.1']",['protein_coding']
chr10_81387480_81387706_+,10,791,chr10,81387480,81387706,+,GT-AG,GT,AG,annotated on 5',annotated on 3',0,1,"['ENSMUST00000072751.12', 'ENSMUST00000144647.7', 'ENSMUST00000131968.1']","['ENSMUST00000072751.12', 'ENSMUST00000131968.1']","['ENSMUST00000131968.1', 'ENSMUST00000072751.12']","['ENSMUST00000142346.7', 'ENSMUST00000144647.7']",[],"['nonsense_mediated_decay', 'protein_coding']","['ENSMUSG00000078440.10', 'ENSMUSG00000113262.1']","['Dohh', 'Gm48551']","['ENSMUST00000142346.7', 'ENSMUST00000131968.1', 'ENSMUST00000144647.7', 'ENSMUST00000072751.12']","['ENSMUST00000131968.1', 'ENSMUST00000072751.12']",['protein_coding']
chr12_28677897_28679389_+,10,250,chr12,28677897,28679389,+,GT-AG,GT,AG,annotated on 5',annotated on 3',0,1,"['ENSMUST00000020957.12', 'ENSMUST00000135772.1', 'ENSMUST00000138081.1']","['ENSMUST00000020957.12', 'ENSMUST00000135772.1', 'ENSMUST00000138081.1']","['ENSMUST00000138081.1', 'ENSMUST00000135772.1', 'ENSMUST00000020957.12']",[],['ENSMUST00000184974.1'],"['miRNA', 'processed_transcript', 'protein_coding']","['ENSMUSG00000098579.1', 'ENSMUSG00000020629.12']","['Mir6937', 'Adi1']","['ENSMUST00000138081.1', 'ENSMUST00000135772.1', 'ENSMUST00000020957.12']","['ENSMUST00000184974.1', 'ENSMUST00000138081.1', 'ENSMUST00000135772.1', 'ENSMUST00000020957.12']","['miRNA', 'protein_coding']"
chr2_75659323_75661465_+,11,391,chr2,75659323,75661465,+,GT-AG,GT,AG,annotated on 5',annotated on 3',0,1,"['ENSMUST00000111962.7', 'ENSMUST00000164947.8']","['ENSMUST00000111964.7', 'ENSMUST00000111962.7', 'ENSMUST00000132392.1', 'ENSMUST00000111961.7', 'ENSMUST00000164947.8', 'ENSMUST00000090792.10']","['ENSMUST00000111962.7', 'ENSMUST00000111961.7', 'ENSMUST00000164947.8', 'ENSMUST00000090792.10', 'ENSMUST00000111964.7', 'ENSMUST00000132392.1']",['ENSMUST00000175501.1'],[],"['miRNA', 'protein_coding', 'retained_intron']","['ENSMUSG00000059005.13', 'ENSMUSG00000093242.1']","['Hnrnpa3', 'Gm24574']","['ENSMUST00000111962.7', 'ENSMUST00000175501.1', 'ENSMUST00000111961.7', 'ENSMUST00000164947.8', 'ENSMUST00000090792.10', 'ENSMUST00000111964.7', 'ENSMUST00000132392.1']","['ENSMUST00000111962.7', 'ENSMUST00000111961.7', 'ENSMUST00000164947.8', 'ENSMUST00000090792.10', 'ENSMUST00000111964.7', 'ENSMUST00000132392.1']","['miRNA', 'protein_coding']"
chr2_131910003_131912194_+,11,441,chr2,131910003,131912194,+,GT-AG,GT,AG,annotated on 5',annotated on 3',0,1,"['ENSMUST00000091288.12', 'ENSMUST00000142070.1', 'ENSMUST00000124100.7', 'ENSMUST00000136783.1']","['ENSMUST00000091288.12', 'ENSMUST00000142070.1', 'ENSMUST00000124100.7', 'ENSMUST00000136783.1']","['ENSMUST00000142070.1', 'ENSMUST00000124100.7', 'ENSMUST00000136783.1', 'ENSMUST00000091288.12']",[],[],"['processed_transcript', 'protein_coding']","['ENSMUSG00000079037.9', 'ENSMUSG00000098754.7']","['Prnp', 'Prn']","['ENSMUST00000142070.1', 'ENSMUST00000124100.7', 'ENSMUST00000136783.1', 'ENSMUST00000091288.12']","['ENSMUST00000142070.1', 'ENSMUST00000124100.7', 'ENSMUST00000136783.1', 'ENSMUST00000091288.12']",['protein_coding']
chr2_131912292_131936419_+,12,557,chr2,131912292,131936419,+,GT-AG,GT,AG,annotated on 5',annotated on 3',0,1,"['ENSMUST00000091288.12', 'ENSMUST00000142070.1', 'ENSMUST00000124100.7', 'ENSMUST00000136783.1']",['ENSMUST00000091288.12'],['ENSMUST00000091288.12'],"['ENSMUST00000142070.1', 'ENSMUST00000136783.1', 'ENSMUST00000124100.7']",[],"['processed_transcript', 'protein_coding']","['ENSMUSG00000079037.9', 'ENSMUSG00000098754.7']","['Prnp', 'Prn']","['ENSMUST00000142070.1', 'ENSMUST00000124100.7', 'ENSMUST00000136783.1', 'ENSMUST00000091288.12']",['ENSMUST00000091288.12'],['protein_coding']
chr2_154791548_154821006_+,11,354,chr2,154791548,154821006,+,GT-AG,GT,AG,annotated on 5',annotated on 3',0,1,"['ENSMUST00000109701.9', 'ENSMUST00000116389.8', 'ENSMUST00000029120.13', 'ENSMUST00000058089.12', 'ENSMUST00000140713.2', 'ENSMUST00000152038.7', 'ENSMUST00000145202.7', 'ENSMUST00000137333.7']","['ENSMUST00000129137.7', 'ENSMUST00000029120.13', 'ENSMUST00000058089.12', 'ENSMUST00000152038.7', 'ENSMUST00000145202.7', 'ENSMUST00000151578.1']","['ENSMUST00000152038.7', 'ENSMUST00000058089.12', 'ENSMUST00000145202.7', 'ENSMUST00000029120.13']","['ENSMUST00000140713.2', 'ENSMUST00000109701.9', 'ENSMUST00000137333.7', 'ENSMUST00000116389.8']","['ENSMUST00000129137.7', 'ENSMUST00000151578.1']","['processed_transcript', 'protein_coding']","['ENSMUSG00000027593.15', 'ENSMUSG00000027596.10']","['Raly', 'a']","['ENSMUST00000145202.7', 'ENSMUST00000152038.7', 'ENSMUST00000058089.12', 'ENSMUST00000029120.13', 'ENSMUST00000137333.7', 'ENSMUST00000116389.8', 'ENSMUST00000140713.2', 'ENSMUST00000109701.9']","['ENSMUST00000145202.7', 'ENSMUST00000152038.7', 'ENSMUST00000129137.7', 'ENSMUST00000058089.12', 'ENSMUST00000151578.1', 'ENSMUST00000029120.13']",['protein_coding']
chr5_137638542_137638654_+,7,226,chr5,137638542,137638654,+,GT-AG,GT,AG,annotated on 5',annotated on 3',0,1,"['ENSMUST00000031734.15', 'ENSMUST00000177545.1', 'ENSMUST00000176667.7', 'ENSMUST00000175968.7', 'ENSMUST00000176871.1']","['ENSMUST00000031734.15', 'ENSMUST00000177545.1', 'ENSMUST00000176667.7', 'ENSMUST00000175968.7']","['ENSMUST00000175968.7', 'ENSMUST00000176667.7', 'ENSMUST00000177545.1', 'ENSMUST00000031734.15']",['ENSMUST00000176871.1'],[],"['nonsense_mediated_decay', 'protein_coding']","['ENSMUSG00000029720.9', 'ENSMUSG00000093445.7']","['Gm20605', 'Lrch4']","['ENSMUST00000176667.7', 'ENSMUST00000177545.1', 'ENSMUST00000176871.1', 'ENSMUST00000175968.7', 'ENSMUST00000031734.15']","['ENSMUST00000175968.7', 'ENSMUST00000176667.7', 'ENSMUST00000177545.1', 'ENSMUST00000031734.15']",['protein_coding']
chr5_137639198_137639349_+,7,224,chr5,137639198,137639349,+,GT-AG,GT,AG,annotated on 5',annotated on 3',0,1,"['ENSMUST00000031734.15', 'ENSMUST00000177545.1', 'ENSMUST00000176667.7', 'ENSMUST00000175968.7', 'ENSMUST00000176871.1']","['ENSMUST00000031734.15', 'ENSMUST00000177545.1', 'ENSMUST00000176667.7', 'ENSMUST00000175968.7', 'ENSMUST00000176871.1']","['ENSMUST00000176667.7', 'ENSMUST00000177545.1', 'ENSMUST00000176871.1', 'ENSMUST00000175968.7', 'ENSMUST00000031734.15']",[],['ENSMUST00000176768.1'],"['nonsense_mediated_decay', 'protein_coding']","['ENSMUSG00000029720.9', 'ENSMUSG00000093445.7']","['Gm20605', 'Lrch4']","['ENSMUST00000176667.7', 'ENSMUST00000177545.1', 'ENSMUST00000176871.1', 'ENSMUST00000175968.7', 'ENSMUST00000031734.15']","['ENSMUST00000176768.1', 'ENSMUST00000176667.7', 'ENSMUST00000177545.1', 'ENSMUST00000176871.1', 'ENSMUST00000175968.7', 'ENSMUST00000031734.15']",['protein_coding']
chr5_137639487_137639577_+,7,272,chr5,137639487,137639577,+,GT-AG,GT,AG,annotated on 5',annotated on 3',0,1,"['ENSMUST00000031734.15', 'ENSMUST00000177545.1', 'ENSMUST00000176667.7', 'ENSMUST00000175968.7', 'ENSMUST00000176768.1']","['ENSMUST00000031734.15', 'ENSMUST00000177545.1', 'ENSMUST00000176667.7', 'ENSMUST00000175968.7', 'ENSMUST00000176768.1']","['ENSMUST00000176768.1', 'ENSMUST00000176667.7', 'ENSMUST00000177545.1', 'ENSMUST00000175968.7', 'ENSMUST00000031734.15']",[],[],"['nonsense_mediated_decay', 'protein_coding']","['ENSMUSG00000029720.9', 'ENSMUSG00000093445.7']","['Gm20605', 'Lrch4']","['ENSMUST00000176768.1', 'ENSMUST00000176667.7', 'ENSMUST00000177545.1', 'ENSMUST00000175968.7', 'ENSMUST00000031734.15']","['ENSMUST00000176768.1', 'ENSMUST00000176667.7', 'ENSMUST00000177545.1', 'ENSMUST00000175968.7', 'ENSMUST00000031734.15']",['protein_coding']
chr7_66060692_66062123_+,10,247,chr7,66060692,66062123,+,GT-AG,GT,AG,annotated on 5',annotated on 3',0,1,"['ENSMUST00000153609.7', 'ENSMUST00000206166.1', 'ENSMUST00000032723.8', 'ENSMUST00000139082.2', 'ENSMUST00000206409.1']","['ENSMUST00000206065.1', 'ENSMUST00000206150.1', 'ENSMUST00000123157.7', 'ENSMUST00000153609.7', 'ENSMUST00000032723.8', 'ENSMUST00000139082.2', 'ENSMUST00000138271.1']","['ENSMUST00000139082.2', 'ENSMUST00000032723.8', 'ENSMUST00000153609.7']","['ENSMUST00000206166.1', 'ENSMUST00000206409.1']","['ENSMUST00000123157.7', 'ENSMUST00000206150.1', 'ENSMUST00000206065.1', 'ENSMUST00000138271.1']","['nonsense_mediated_decay', 'processed_transcript', 'protein_coding', 'retained_intron']","['ENSMUSG00000108793.1', 'ENSMUSG00000030512.13']","['Gm45213', 'Snrpa1']","['ENSMUST00000032723.8', 'ENSMUST00000153609.7', 'ENSMUST00000139082.2', 'ENSMUST00000206166.1', 'ENSMUST00000206409.1']","['ENSMUST00000123157.7', 'ENSMUST00000206065.1', 'ENSMUST00000032723.8', 'ENSMUST00000153609.7', 'ENSMUST00000206150.1', 'ENSMUST00000139082.2', 'ENSMUST00000138271.1']",['protein_coding']
chr7_66062271_66063766_+,10,286,chr7,66062271,66063766,+,GT-AG,GT,AG,annotated on 5',annotated on 3',0,1,"['ENSMUST00000206065.1', 'ENSMUST00000206150.1', 'ENSMUST00000123157.7', 'ENSMUST00000153609.7', 'ENSMUST00000032723.8', 'ENSMUST00000139082.2']","['ENSMUST00000206150.1', 'ENSMUST00000123157.7', 'ENSMUST00000153609.7', 'ENSMUST00000032723.8', 'ENSMUST00000139082.2']","['ENSMUST00000123157.7', 'ENSMUST00000032723.8', 'ENSMUST00000153609.7', 'ENSMUST00000206150.1', 'ENSMUST00000139082.2']",['ENSMUST00000206065.1'],[],"['nonsense_mediated_decay', 'processed_transcript', 'protein_coding', 'retained_intron']","['ENSMUSG00000108793.1', 'ENSMUSG00000030512.13']","['Gm45213', 'Snrpa1']","['ENSMUST00000123157.7', 'ENSMUST00000206065.1', 'ENSMUST00000032723.8', 'ENSMUST00000153609.7', 'ENSMUST00000206150.1', 'ENSMUST00000139082.2']","['ENSMUST00000123157.7', 'ENSMUST00000032723.8', 'ENSMUST00000153609.7', 'ENSMUST00000206150.1', 'ENSMUST00000139082.2']",['protein_coding']
chr11_100478091_100478327_-,5,247,chr11,100478091,100478327,-,GT-AG,GT,AG,annotated on 5',annotated on 3',1,0,"['ENSMUST00000107389.7', 'ENSMUST00000007131.15', 'ENSMUST00000165111.7', 'ENSMUST00000154151.1']","['ENSMUST00000107389.7', 'ENSMUST00000007131.15', 'ENSMUST00000165111.7', 'ENSMUST00000154151.1']","['ENSMUST00000007131.15', 'ENSMUST00000165111.7', 'ENSMUST00000154151.1', 'ENSMUST00000107389.7']",['ENSMUST00000195956.1'],[],"['miRNA', 'processed_transcript', 'protein_coding']","['ENSMUSG00000104854.1', 'ENSMUSG00000020917.17']","['Mir7116', 'Acly']","['ENSMUST00000154151.1', 'ENSMUST00000007131.15', 'ENSMUST00000195956.1', 'ENSMUST00000165111.7', 'ENSMUST00000107389.7']","['ENSMUST00000007131.15', 'ENSMUST00000165111.7', 'ENSMUST00000154151.1', 'ENSMUST00000107389.7']","['miRNA', 'protein_coding']"
chr6_48739156_48741319_+,8,702,chr6,48739156,48741319,+,GT-AG,GT,AG,annotated on 5',annotated on 3',0,1,"['ENSMUST00000054368.6', 'ENSMUST00000204408.1', 'ENSMUST00000140054.2', 'ENSMUST00000204168.1', 'ENSMUST00000142703.1']","['ENSMUST00000127537.5', 'ENSMUST00000054368.6', 'ENSMUST00000204408.1', 'ENSMUST00000140054.2', 'ENSMUST00000142703.1']","['ENSMUST00000054368.6', 'ENSMUST00000204168.1', 'ENSMUST00000142703.1', 'ENSMUST00000204408.1', 'ENSMUST00000140054.2']",[],['ENSMUST00000127537.5'],"['protein_coding', 'retained_intron']","['ENSMUSG00000098715.6', 'ENSMUSG00000090019.5']","['Gm28053', 'Gimap1']","['ENSMUST00000054368.6', 'ENSMUST00000204168.1', 'ENSMUST00000142703.1', 'ENSMUST00000204408.1', 'ENSMUST00000140054.2']","['ENSMUST00000054368.6', 'ENSMUST00000204168.1', 'ENSMUST00000127537.5', 'ENSMUST00000142703.1', 'ENSMUST00000204408.1', 'ENSMUST00000140054.2']",['protein_coding']
chr6_48741417_48742498_+,7,404,chr6,48741417,48742498,+,GT-AG,GT,AG,annotated on 5',annotated on 3',0,1,"['ENSMUST00000127537.5', 'ENSMUST00000054368.6', 'ENSMUST00000204408.1', 'ENSMUST00000140054.2', 'ENSMUST00000204168.1']","['ENSMUST00000054368.6', 'ENSMUST00000204168.1']","['ENSMUST00000054368.6', 'ENSMUST00000204168.1']","['ENSMUST00000204408.1', 'ENSMUST00000140054.2', 'ENSMUST00000127537.5']",[],['protein_coding'],"['ENSMUSG00000098715.6', 'ENSMUSG00000090019.5']","['Gm28053', 'Gimap1']","['ENSMUST00000054368.6', 'ENSMUST00000204168.1', 'ENSMUST00000127537.5', 'ENSMUST00000204408.1', 'ENSMUST00000140054.2']","['ENSMUST00000054368.6', 'ENSMUST00000204168.1']",['protein_coding']
chr17_34031262_34031547_-,5,249,chr17,34031262,34031547,-,GT-AG,GT,AG,annotated on 5',annotated on 3',1,0,"['ENSMUST00000168978.1', 'ENSMUST00000169397.7', 'ENSMUST00000171872.1', 'ENSMUST00000173810.1']","['ENSMUST00000168978.1', 'ENSMUST00000169397.7', 'ENSMUST00000171872.1']","['ENSMUST00000169397.7', 'ENSMUST00000168978.1', 'ENSMUST00000171872.1']",['ENSMUST00000173810.1'],[],"['processed_transcript', 'protein_coding', 'retained_intron']","['ENSMUSG00000092595.1', 'ENSMUSG00000024327.15']","['Gm20427', 'Slc39a7']","['ENSMUST00000169397.7', 'ENSMUST00000168978.1', 'ENSMUST00000171872.1', 'ENSMUST00000173810.1']","['ENSMUST00000169397.7', 'ENSMUST00000168978.1', 'ENSMUST00000171872.1']","['processed_transcript', 'protein_coding']"
chr2_26590752_26590898_+,5,736,chr2,26590752,26590898,+,GT-AG,GT,AG,annotated on 5',annotated on 3',0,1,"['ENSMUST00000166920.8', 'ENSMUST00000100290.11', 'ENSMUST00000102907.11', 'ENSMUST00000139801.7', 'ENSMUST00000174211.7', 'ENSMUST00000174066.1', 'ENSMUST00000149460.7', 'ENSMUST00000145575.8', 'ENSMUST00000150404.8', 'ENSMUST00000147351.2', 'ENSMUST00000174572.1']","['ENSMUST00000166920.8', 'ENSMUST00000100290.11', 'ENSMUST00000102907.11', 'ENSMUST00000139801.7', 'ENSMUST00000174211.7', 'ENSMUST00000149460.7', 'ENSMUST00000145575.8', 'ENSMUST00000150404.8', 'ENSMUST00000147351.2', 'ENSMUST00000174572.1']","['ENSMUST00000149460.7', 'ENSMUST00000102907.11', 'ENSMUST00000150404.8', 'ENSMUST00000147351.2', 'ENSMUST00000166920.8', 'ENSMUST00000100290.11', 'ENSMUST00000145575.8', 'ENSMUST00000174572.1', 'ENSMUST00000139801.7', 'ENSMUST00000174211.7']",['ENSMUST00000174066.1'],['ENSMUST00000131112.1'],"['nonsense_mediated_decay', 'processed_transcript', 'protein_coding', 'retained_intron']","['ENSMUSG00000026921.18', 'ENSMUSG00000092356.1']","['Egfl7', 'Gm20532']","['ENSMUST00000149460.7', 'ENSMUST00000102907.11', 'ENSMUST00000150404.8', 'ENSMUST00000147351.2', 'ENSMUST00000166920.8', 'ENSMUST00000100290.11', 'ENSMUST00000145575.8', 'ENSMUST00000174572.1', 'ENSMUST00000139801.7', 'ENSMUST00000174066.1', 'ENSMUST00000174211.7']","['ENSMUST00000149460.7', 'ENSMUST00000102907.11', 'ENSMUST00000150404.8', 'ENSMUST00000147351.2', 'ENSMUST00000166920.8', 'ENSMUST00000100290.11', 'ENSMUST00000131112.1', 'ENSMUST00000145575.8', 'ENSMUST00000174572.1', 'ENSMUST00000139801.7', 'ENSMUST00000174211.7']",['protein_coding']
chr6_125039897_125043953_+,5,244,chr6,125039897,125043953,+,GT-AG,GT,AG,annotated on 5',annotated on 3',0,1,"['ENSMUST00000140131.7', 'ENSMUST00000203287.2', 'ENSMUST00000128277.1', 'ENSMUST00000032480.13', 'ENSMUST00000140883.6', 'ENSMUST00000152574.7', 'ENSMUST00000151125.7', 'ENSMUST00000112417.8']","['ENSMUST00000140131.7', 'ENSMUST00000203287.2', 'ENSMUST00000128277.1', 'ENSMUST00000032480.13', 'ENSMUST00000140883.6', 'ENSMUST00000152574.7', 'ENSMUST00000151125.7', 'ENSMUST00000112417.8', 'ENSMUST00000156091.1']","['ENSMUST00000203287.2', 'ENSMUST00000152574.7', 'ENSMUST00000140131.7', 'ENSMUST00000032480.13', 'ENSMUST00000128277.1', 'ENSMUST00000112417.8', 'ENSMUST00000151125.7', 'ENSMUST00000140883.6']",[],['ENSMUST00000156091.1'],"['nonsense_mediated_decay', 'protein_coding', 'retained_intron']","['ENSMUSG00000030330.15', 'ENSMUSG00000108037.2']","['Ing4', 'Gm44597']","['ENSMUST00000203287.2', 'ENSMUST00000152574.7', 'ENSMUST00000140131.7', 'ENSMUST00000032480.13', 'ENSMUST00000128277.1', 'ENSMUST00000112417.8', 'ENSMUST00000151125.7', 'ENSMUST00000140883.6']","['ENSMUST00000203287.2', 'ENSMUST00000152574.7', 'ENSMUST00000140131.7', 'ENSMUST00000032480.13', 'ENSMUST00000128277.1', 'ENSMUST00000112417.8', 'ENSMUST00000151125.7', 'ENSMUST00000140883.6', 'ENSMUST00000156091.1']","['processed_transcript', 'protein_coding']"
chr6_125044025_125046903_+,5,207,chr6,125044025,125046903,+,GT-AG,GT,AG,annotated on 5',annotated on 3',0,1,"['ENSMUST00000140131.7', 'ENSMUST00000203287.2', 'ENSMUST00000032480.13', 'ENSMUST00000140883.6', 'ENSMUST00000152574.7', 'ENSMUST00000151125.7', 'ENSMUST00000112417.8', 'ENSMUST00000156091.1']","['ENSMUST00000140131.7', 'ENSMUST00000203287.2', 'ENSMUST00000032480.13', 'ENSMUST00000140883.6', 'ENSMUST00000152574.7', 'ENSMUST00000151125.7', 'ENSMUST00000112417.8', 'ENSMUST00000156091.1']","['ENSMUST00000203287.2', 'ENSMUST00000152574.7', 'ENSMUST00000140131.7', 'ENSMUST00000032480.13', 'ENSMUST00000112417.8', 'ENSMUST00000151125.7', 'ENSMUST00000140883.6', 'ENSMUST00000156091.1']",[],[],"['nonsense_mediated_decay', 'protein_coding', 'retained_intron']","['ENSMUSG00000030330.15', 'ENSMUSG00000108037.2']","['Ing4', 'Gm44597']","['ENSMUST00000203287.2', 'ENSMUST00000152574.7', 'ENSMUST00000140131.7', 'ENSMUST00000032480.13', 'ENSMUST00000112417.8', 'ENSMUST00000151125.7', 'ENSMUST00000140883.6', 'ENSMUST00000156091.1']","['ENSMUST00000203287.2', 'ENSMUST00000152574.7', 'ENSMUST00000140131.7', 'ENSMUST00000032480.13', 'ENSMUST00000112417.8', 'ENSMUST00000151125.7', 'ENSMUST00000140883.6', 'ENSMUST00000156091.1']","['processed_transcript', 'protein_coding']"
chr16_92058480_92099593_+,7,244,chr16,92058480,92099593,+,GT-AG,GT,AG,annotated on 5',annotated on 3',0,1,"['ENSMUST00000047429.8', 'ENSMUST00000232677.1', 'ENSMUST00000113975.2']","['ENSMUST00000047429.8', 'ENSMUST00000232677.1', 'ENSMUST00000232222.1']","['ENSMUST00000232677.1', 'ENSMUST00000047429.8']",['ENSMUST00000113975.2'],['ENSMUST00000232222.1'],"['processed_transcript', 'protein_coding']","['ENSMUSG00000039680.10', 'ENSMUSG00000089774.2', 'ENSMUSG00000116930.1']","['Mrps6', 'Slc5a3', 'AC144408.3']","['ENSMUST00000232677.1', 'ENSMUST00000047429.8', 'ENSMUST00000113975.2']","['ENSMUST00000232222.1', 'ENSMUST00000232677.1', 'ENSMUST00000047429.8']",['protein_coding']
chr16_92099733_92111732_+,6,377,chr16,92099733,92111732,+,GT-AG,GT,AG,annotated on 5',annotated on 3',0,1,"['ENSMUST00000047429.8', 'ENSMUST00000232677.1', 'ENSMUST00000232222.1']","['ENSMUST00000047429.8', 'ENSMUST00000232222.1', 'ENSMUST00000138961.1']","['ENSMUST00000232222.1', 'ENSMUST00000047429.8']",['ENSMUST00000232677.1'],['ENSMUST00000138961.1'],"['processed_transcript', 'protein_coding']","['ENSMUSG00000039680.10', 'ENSMUSG00000116930.1']","['Mrps6', 'AC144408.3']","['ENSMUST00000232222.1', 'ENSMUST00000232677.1', 'ENSMUST00000047429.8']","['ENSMUST00000232222.1', 'ENSMUST00000138961.1', 'ENSMUST00000047429.8']",['protein_coding']
chrX_73917927_73919501_-,10,500,chrX,73917927,73919501,-,GT-AG,GT,AG,annotated on 5',annotated on 3',1,0,"['ENSMUST00000128329.1', 'ENSMUST00000139105.7', 'ENSMUST00000033763.14', 'ENSMUST00000114389.9', 'ENSMUST00000114387.7', 'ENSMUST00000114390.7', 'ENSMUST00000141211.1', 'ENSMUST00000096316.3', 'ENSMUST00000124446.1']","['ENSMUST00000139105.7', 'ENSMUST00000033763.14', 'ENSMUST00000114389.9', 'ENSMUST00000114387.7', 'ENSMUST00000114391.9', 'ENSMUST00000114390.7', 'ENSMUST00000141211.1', 'ENSMUST00000096316.3']","['ENSMUST00000114390.7', 'ENSMUST00000141211.1', 'ENSMUST00000096316.3', 'ENSMUST00000114389.9', 'ENSMUST00000139105.7', 'ENSMUST00000114387.7', 'ENSMUST00000033763.14', 'ENSMUST00000124446.1']",['ENSMUST00000128329.1'],['ENSMUST00000114391.9'],"['processed_transcript', 'protein_coding', 'retained_intron']","['ENSMUSG00000031388.14', 'ENSMUSG00000031389.17']","['Naa10', 'Arhgap4']","['ENSMUST00000114390.7', 'ENSMUST00000141211.1', 'ENSMUST00000096316.3', 'ENSMUST00000128329.1', 'ENSMUST00000114389.9', 'ENSMUST00000139105.7', 'ENSMUST00000114387.7', 'ENSMUST00000033763.14', 'ENSMUST00000124446.1']","['ENSMUST00000114390.7', 'ENSMUST00000114391.9', 'ENSMUST00000141211.1', 'ENSMUST00000096316.3', 'ENSMUST00000114389.9', 'ENSMUST00000139105.7', 'ENSMUST00000114387.7', 'ENSMUST00000033763.14', 'ENSMUST00000124446.1']",['protein_coding']
chrX_73919546_73919753_-,10,518,chrX,73919546,73919753,-,GT-AG,GT,AG,annotated on 5',annotated on 3',1,0,"['ENSMUST00000128329.1', 'ENSMUST00000139105.7', 'ENSMUST00000033763.14', 'ENSMUST00000114389.9', 'ENSMUST00000114387.7', 'ENSMUST00000114391.9', 'ENSMUST00000114390.7', 'ENSMUST00000141211.1', 'ENSMUST00000096316.3']","['ENSMUST00000128329.1', 'ENSMUST00000033763.14', 'ENSMUST00000114389.9', 'ENSMUST00000114387.7', 'ENSMUST00000141211.1', 'ENSMUST00000096316.3']","['ENSMUST00000114390.7', 'ENSMUST00000141211.1', 'ENSMUST00000096316.3', 'ENSMUST00000128329.1', 'ENSMUST00000114389.9', 'ENSMUST00000139105.7', 'ENSMUST00000114387.7', 'ENSMUST00000033763.14']",['ENSMUST00000114391.9'],[],"['processed_transcript', 'protein_coding', 'retained_intron']","['ENSMUSG00000031388.14', 'ENSMUSG00000031389.17']","['Naa10', 'Arhgap4']","['ENSMUST00000114390.7', 'ENSMUST00000114391.9', 'ENSMUST00000141211.1', 'ENSMUST00000096316.3', 'ENSMUST00000128329.1', 'ENSMUST00000114389.9', 'ENSMUST00000139105.7', 'ENSMUST00000114387.7', 'ENSMUST00000033763.14']","['ENSMUST00000114390.7', 'ENSMUST00000141211.1', 'ENSMUST00000096316.3', 'ENSMUST00000128329.1', 'ENSMUST00000114389.9', 'ENSMUST00000139105.7', 'ENSMUST00000114387.7', 'ENSMUST00000033763.14']",['protein_coding']
chr1_64042437_64078706_-,5,320,chr1,64042437,64078706,-,GT-AG,GT,AG,annotated on 5',annotated on 3',1,0,"['ENSMUST00000114086.7', 'ENSMUST00000055001.9']","['ENSMUST00000114086.7', 'ENSMUST00000055001.9']","['ENSMUST00000055001.9', 'ENSMUST00000114086.7']",[],['ENSMUST00000184798.1'],"['miRNA', 'protein_coding']","['ENSMUSG00000098487.1', 'ENSMUSG00000025959.13']","['Mir6899', 'Klf7']","['ENSMUST00000055001.9', 'ENSMUST00000114086.7']","['ENSMUST00000184798.1', 'ENSMUST00000055001.9', 'ENSMUST00000114086.7']","['miRNA', 'protein_coding']"
chr11_70235800_70236023_-,6,263,chr11,70235800,70236023,-,GT-AG,GT,AG,annotated on 5',annotated on 3',1,0,"['ENSMUST00000135390.1', 'ENSMUST00000134700.7', 'ENSMUST00000108579.7', 'ENSMUST00000021181.12', 'ENSMUST00000108578.8', 'ENSMUST00000102569.9', 'ENSMUST00000176116.7', 'ENSMUST00000108577.7', 'ENSMUST00000176268.1', 'ENSMUST00000100950.9', 'ENSMUST00000148878.8', 'ENSMUST00000138658.8', 'ENSMUST00000108576.9', 'ENSMUST00000021180.7']","['ENSMUST00000135390.1', 'ENSMUST00000108578.8', 'ENSMUST00000102569.9', 'ENSMUST00000176116.7', 'ENSMUST00000176268.1', 'ENSMUST00000108576.9', 'ENSMUST00000021180.7']","['ENSMUST00000108576.9', 'ENSMUST00000021180.7', 'ENSMUST00000102569.9', 'ENSMUST00000135390.1', 'ENSMUST00000108578.8', 'ENSMUST00000176116.7', 'ENSMUST00000134700.7', 'ENSMUST00000176268.1']","['ENSMUST00000148878.8', 'ENSMUST00000108579.7', 'ENSMUST00000138658.8', 'ENSMUST00000100950.9', 'ENSMUST00000108575.8', 'ENSMUST00000021181.12', 'ENSMUST00000108577.7']",[],"['nonsense_mediated_decay', 'processed_transcript', 'protein_coding']","['ENSMUSG00000040904.10', 'ENSMUSG00000020831.18']","['Gm21988', '0610010K14Rik']","['ENSMUST00000108576.9', 'ENSMUST00000176268.1', 'ENSMUST00000148878.8', 'ENSMUST00000021180.7', 'ENSMUST00000108579.7', 'ENSMUST00000102569.9', 'ENSMUST00000138658.8', 'ENSMUST00000135390.1', 'ENSMUST00000108575.8', 'ENSMUST00000100950.9', 'ENSMUST00000021181.12', 'ENSMUST00000108578.8', 'ENSMUST00000176116.7', 'ENSMUST00000134700.7', 'ENSMUST00000108577.7']","['ENSMUST00000108576.9', 'ENSMUST00000021180.7', 'ENSMUST00000102569.9', 'ENSMUST00000135390.1', 'ENSMUST00000108578.8', 'ENSMUST00000176116.7', 'ENSMUST00000134700.7', 'ENSMUST00000176268.1']",['protein_coding']
chr8_107047271_107048060_-,7,792,chr8,107047271,107048060,-,GT-AG,GT,AG,annotated on 5',annotated on 3',1,0,['ENSMUST00000055316.9'],"['ENSMUST00000034391.3', 'ENSMUST00000055316.9']",['ENSMUST00000055316.9'],[],"['ENSMUST00000034391.3', 'ENSMUST00000154271.1']","['nonsense_mediated_decay', 'protein_coding']","['ENSMUSG00000031916.17', 'ENSMUSG00000078931.4']","['Cog8', 'Pdf']",['ENSMUST00000055316.9'],"['ENSMUST00000055316.9', 'ENSMUST00000034391.3', 'ENSMUST00000154271.1']",['protein_coding']
chr9_21067925_21068029_-,6,508,chr9,21067925,21068029,-,GT-AG,GT,AG,annotated on 5',annotated on 3',1,0,"['ENSMUST00000213826.1', 'ENSMUST00000217359.1', 'ENSMUST00000010348.6', 'ENSMUST00000217282.1', 'ENSMUST00000217150.1', 'ENSMUST00000215631.1', 'ENSMUST00000215338.1', 'ENSMUST00000216484.1']","['ENSMUST00000213826.1', 'ENSMUST00000217359.1', 'ENSMUST00000010348.6', 'ENSMUST00000217282.1', 'ENSMUST00000217150.1', 'ENSMUST00000215631.1', 'ENSMUST00000215338.1', 'ENSMUST00000216484.1']","['ENSMUST00000217150.1', 'ENSMUST00000010348.6', 'ENSMUST00000215338.1', 'ENSMUST00000217282.1', 'ENSMUST00000217359.1', 'ENSMUST00000213826.1', 'ENSMUST00000215631.1', 'ENSMUST00000216484.1']",[],[],"['nonsense_mediated_decay', 'protein_coding', 'retained_intron']","['ENSMUSG00000111692.1', 'ENSMUSG00000079677.2', 'ENSMUSG00000111497.1']","['Gm49373', 'Fdx1l', 'Gm38431']","['ENSMUST00000217150.1', 'ENSMUST00000010348.6', 'ENSMUST00000215338.1', 'ENSMUST00000217282.1', 'ENSMUST00000217359.1', 'ENSMUST00000213826.1', 'ENSMUST00000215631.1', 'ENSMUST00000216484.1']","['ENSMUST00000217150.1', 'ENSMUST00000010348.6', 'ENSMUST00000215338.1', 'ENSMUST00000217282.1', 'ENSMUST00000217359.1', 'ENSMUST00000213826.1', 'ENSMUST00000215631.1', 'ENSMUST00000216484.1']",['protein_coding']
chr16_18836619_18836705_+,5,309,chr16,18836619,18836705,+,GT-AG,GT,AG,annotated on 5',annotated on 3',0,1,"['ENSMUST00000055413.12', 'ENSMUST00000123146.7', 'ENSMUST00000191388.1', 'ENSMUST00000190050.1']","['ENSMUST00000055413.12', 'ENSMUST00000123146.7', 'ENSMUST00000190050.1']","['ENSMUST00000190050.1', 'ENSMUST00000123146.7', 'ENSMUST00000055413.12']",['ENSMUST00000191388.1'],['ENSMUST00000190776.1'],"['nonsense_mediated_decay', 'protein_coding', 'retained_intron']","['ENSMUSG00000099908.1', 'ENSMUSG00000071632.10']","['Gm28539', '2510002D24Rik']","['ENSMUST00000191388.1', 'ENSMUST00000123146.7', 'ENSMUST00000190050.1', 'ENSMUST00000055413.12']","['ENSMUST00000190050.1', 'ENSMUST00000123146.7', 'ENSMUST00000055413.12', 'ENSMUST00000190776.1']",['protein_coding']
chr16_18836873_18839089_+,5,359,chr16,18836873,18839089,+,GT-AG,GT,AG,annotated on 5',annotated on 3',0,1,"['ENSMUST00000055413.12', 'ENSMUST00000123146.7', 'ENSMUST00000190050.1', 'ENSMUST00000190776.1']","['ENSMUST00000055413.12', 'ENSMUST00000191388.1', 'ENSMUST00000190776.1']","['ENSMUST00000055413.12', 'ENSMUST00000190776.1']","['ENSMUST00000123146.7', 'ENSMUST00000190050.1']",['ENSMUST00000191388.1'],"['nonsense_mediated_decay', 'protein_coding', 'retained_intron']","['ENSMUSG00000099908.1', 'ENSMUSG00000071632.10']","['Gm28539', '2510002D24Rik']","['ENSMUST00000190050.1', 'ENSMUST00000123146.7', 'ENSMUST00000055413.12', 'ENSMUST00000190776.1']","['ENSMUST00000191388.1', 'ENSMUST00000055413.12', 'ENSMUST00000190776.1']",['protein_coding']
chr2_3502785_3511014_-,7,227,chr2,3502785,3511014,-,GT-AG,GT,AG,annotated on 5',annotated on 3',1,0,"['ENSMUST00000027961.11', 'ENSMUST00000124331.7', 'ENSMUST00000140494.1']",['ENSMUST00000027961.11'],['ENSMUST00000027961.11'],"['ENSMUST00000140494.1', 'ENSMUST00000124331.7']",[],['protein_coding'],"['ENSMUSG00000051396.15', 'ENSMUSG00000109865.1']","['Gm45902', 'Hspa14']","['ENSMUST00000140494.1', 'ENSMUST00000124331.7', 'ENSMUST00000027961.11']",['ENSMUST00000027961.11'],['protein_coding']
chr2_3511097_3511173_-,7,221,chr2,3511097,3511173,-,GT-AG,GT,AG,annotated on 5',annotated on 3',1,0,"['ENSMUST00000027961.11', 'ENSMUST00000124331.7', 'ENSMUST00000140494.1']","['ENSMUST00000027961.11', 'ENSMUST00000124331.7', 'ENSMUST00000140494.1']","['ENSMUST00000140494.1', 'ENSMUST00000124331.7', 'ENSMUST00000027961.11']",[],[],['protein_coding'],"['ENSMUSG00000051396.15', 'ENSMUSG00000109865.1']","['Gm45902', 'Hspa14']","['ENSMUST00000140494.1', 'ENSMUST00000124331.7', 'ENSMUST00000027961.11']","['ENSMUST00000140494.1', 'ENSMUST00000124331.7', 'ENSMUST00000027961.11']",['protein_coding']
chr2_3511254_3512633_-,6,211,chr2,3511254,3512633,-,GT-AG,GT,AG,annotated on 5',annotated on 3',1,0,"['ENSMUST00000027961.11', 'ENSMUST00000124331.7', 'ENSMUST00000140494.1', 'ENSMUST00000148167.1']","['ENSMUST00000027961.11', 'ENSMUST00000124331.7', 'ENSMUST00000140494.1', 'ENSMUST00000148167.1']","['ENSMUST00000148167.1', 'ENSMUST00000140494.1', 'ENSMUST00000124331.7', 'ENSMUST00000027961.11']",[],[],"['protein_coding', 'retained_intron']","['ENSMUSG00000051396.15', 'ENSMUSG00000109865.1']","['Gm45902', 'Hspa14']","['ENSMUST00000148167.1', 'ENSMUST00000140494.1', 'ENSMUST00000124331.7', 'ENSMUST00000027961.11']","['ENSMUST00000148167.1', 'ENSMUST00000140494.1', 'ENSMUST00000124331.7', 'ENSMUST00000027961.11']",['protein_coding']
