,cells,total_score,chrom,start,end,strand,splice_motif,donor_seq,acceptor_seq,label_5_prime,label_3_prime,position_off_5_prime,position_off_3_prime,transcripts,both_ends_transcripts,only_5_prime_transcripts,only_3_prime_transcripts,transcript_types,gene_ids,gene_names,transcripts_junc_5,transcripts_junc_3,gene_types
chr1_161035194_161035751_+,5,300,chr1,161035194,161035751,+,GT-AG,GT,AG,annotated on 5',annotated on 3',0,99,"['ENSMUST00000161461.7', 'ENSMUST00000162289.7', 'ENSMUST00000065709.11', 'ENSMUST00000162163.7', 'ENSMUST00000159404.7', 'ENSMUST00000160429.7', 'ENSMUST00000159153.7', 'ENSMUST00000159438.7', 'ENSMUST00000162558.7', 'ENSMUST00000159157.7', 'ENSMUST00000116813.1', 'ENSMUST00000161005.7', 'ENSMUST00000160152.7', 'ENSMUST00000161380.7', 'ENSMUST00000159890.7', 'ENSMUST00000159706.7', 'ENSMUST00000159663.7', 'ENSMUST00000159119.7']","['ENSMUST00000161461.7', 'ENSMUST00000162289.7', 'ENSMUST00000065709.11', 'ENSMUST00000162163.7', 'ENSMUST00000159404.7', 'ENSMUST00000160429.7', 'ENSMUST00000159153.7', 'ENSMUST00000159438.7', 'ENSMUST00000162558.7', 'ENSMUST00000159157.7', 'ENSMUST00000161380.7', 'ENSMUST00000159890.7', 'ENSMUST00000159706.7', 'ENSMUST00000159663.7', 'ENSMUST00000159119.7']",[],"['ENSMUST00000116813.1', 'ENSMUST00000160152.7', 'ENSMUST00000161005.7']","['lincRNA', 'retained_intron', 'snoRNA']","['ENSMUSG00000053332.13', 'ENSMUSG00000080463.1']","['Gas5', 'Gm22489']","['ENSMUST00000161461.7', 'ENSMUST00000162289.7', 'ENSMUST00000065709.11', 'ENSMUST00000162163.7', 'ENSMUST00000159404.7', 'ENSMUST00000160429.7', 'ENSMUST00000159153.7', 'ENSMUST00000159438.7', 'ENSMUST00000162558.7', 'ENSMUST00000159157.7', 'ENSMUST00000161380.7', 'ENSMUST00000159890.7', 'ENSMUST00000159706.7', 'ENSMUST00000159663.7', 'ENSMUST00000159119.7']","['ENSMUST00000161461.7', 'ENSMUST00000162289.7', 'ENSMUST00000065709.11', 'ENSMUST00000162163.7', 'ENSMUST00000159404.7', 'ENSMUST00000160429.7', 'ENSMUST00000159153.7', 'ENSMUST00000159438.7', 'ENSMUST00000162558.7', 'ENSMUST00000159157.7', 'ENSMUST00000116813.1', 'ENSMUST00000160152.7', 'ENSMUST00000161380.7', 'ENSMUST00000159663.7', 'ENSMUST00000159890.7', 'ENSMUST00000159706.7', 'ENSMUST00000161005.7', 'ENSMUST00000159119.7']","['processed_transcript', 'snoRNA']"
chr1_161035804_161035982_+,5,541,chr1,161035804,161035982,+,GT-AG,GT,AG,annotated on 5',annotated on 3',0,75,"['ENSMUST00000160429.7', 'ENSMUST00000159153.7', 'ENSMUST00000162558.7', 'ENSMUST00000160497.1', 'ENSMUST00000159404.7', 'ENSMUST00000161380.7', 'ENSMUST00000159890.7', 'ENSMUST00000161005.7', 'ENSMUST00000082882.1', 'ENSMUST00000161461.7', 'ENSMUST00000162289.7', 'ENSMUST00000065709.11', 'ENSMUST00000162163.7', 'ENSMUST00000159157.7', 'ENSMUST00000160152.7', 'ENSMUST00000159706.7', 'ENSMUST00000159663.7', 'ENSMUST00000159119.7']","['ENSMUST00000161461.7', 'ENSMUST00000162289.7', 'ENSMUST00000065709.11', 'ENSMUST00000162163.7', 'ENSMUST00000159404.7', 'ENSMUST00000160429.7', 'ENSMUST00000159153.7', 'ENSMUST00000162558.7', 'ENSMUST00000159157.7', 'ENSMUST00000160152.7', 'ENSMUST00000161380.7', 'ENSMUST00000159663.7', 'ENSMUST00000159890.7', 'ENSMUST00000159706.7', 'ENSMUST00000161005.7', 'ENSMUST00000159119.7']",[],"['ENSMUST00000160497.1', 'ENSMUST00000082882.1']","['lincRNA', 'retained_intron', 'snoRNA']","['ENSMUSG00000053332.13', 'ENSMUSG00000064816.1']","['Gas5', 'Gm22357']","['ENSMUST00000161461.7', 'ENSMUST00000162289.7', 'ENSMUST00000065709.11', 'ENSMUST00000162163.7', 'ENSMUST00000159404.7', 'ENSMUST00000160429.7', 'ENSMUST00000159153.7', 'ENSMUST00000162558.7', 'ENSMUST00000159157.7', 'ENSMUST00000160152.7', 'ENSMUST00000161380.7', 'ENSMUST00000159663.7', 'ENSMUST00000159890.7', 'ENSMUST00000159706.7', 'ENSMUST00000161005.7', 'ENSMUST00000159119.7']","['ENSMUST00000161461.7', 'ENSMUST00000162289.7', 'ENSMUST00000065709.11', 'ENSMUST00000162163.7', 'ENSMUST00000159404.7', 'ENSMUST00000160429.7', 'ENSMUST00000159153.7', 'ENSMUST00000162558.7', 'ENSMUST00000159157.7', 'ENSMUST00000082882.1', 'ENSMUST00000160497.1', 'ENSMUST00000160152.7', 'ENSMUST00000161380.7', 'ENSMUST00000159663.7', 'ENSMUST00000159890.7', 'ENSMUST00000159706.7', 'ENSMUST00000161005.7', 'ENSMUST00000159119.7']","['processed_transcript', 'snoRNA']"
chr1_161037315_161037504_+,6,316,chr1,161037315,161037504,+,GT-AG,GT,AG,annotated on 5',annotated on 3',0,100,"['ENSMUST00000083801.1', 'ENSMUST00000161461.7', 'ENSMUST00000162289.7', 'ENSMUST00000162163.7', 'ENSMUST00000160429.7', 'ENSMUST00000159438.7', 'ENSMUST00000162558.7', 'ENSMUST00000161623.7', 'ENSMUST00000160152.7', 'ENSMUST00000159399.7', 'ENSMUST00000161380.7', 'ENSMUST00000159890.7', 'ENSMUST00000159706.7', 'ENSMUST00000199023.1', 'ENSMUST00000159119.7']","['ENSMUST00000161461.7', 'ENSMUST00000162289.7', 'ENSMUST00000162163.7', 'ENSMUST00000160429.7', 'ENSMUST00000159438.7', 'ENSMUST00000162558.7', 'ENSMUST00000161623.7', 'ENSMUST00000160152.7', 'ENSMUST00000159399.7', 'ENSMUST00000161380.7', 'ENSMUST00000159890.7', 'ENSMUST00000159706.7']",[],"['ENSMUST00000083801.1', 'ENSMUST00000199023.1', 'ENSMUST00000159119.7']","['lincRNA', 'retained_intron', 'snoRNA']","['ENSMUSG00000065735.1', 'ENSMUSG00000053332.13', 'ENSMUSG00000105780.1']","['Snord80', 'Gas5', 'Snord80']","['ENSMUST00000161461.7', 'ENSMUST00000162289.7', 'ENSMUST00000162163.7', 'ENSMUST00000160429.7', 'ENSMUST00000159438.7', 'ENSMUST00000162558.7', 'ENSMUST00000161623.7', 'ENSMUST00000160152.7', 'ENSMUST00000159399.7', 'ENSMUST00000161380.7', 'ENSMUST00000159890.7', 'ENSMUST00000159706.7']","['ENSMUST00000083801.1', 'ENSMUST00000161461.7', 'ENSMUST00000162289.7', 'ENSMUST00000162163.7', 'ENSMUST00000160429.7', 'ENSMUST00000159438.7', 'ENSMUST00000162558.7', 'ENSMUST00000161623.7', 'ENSMUST00000160152.7', 'ENSMUST00000159399.7', 'ENSMUST00000161380.7', 'ENSMUST00000159890.7', 'ENSMUST00000159706.7', 'ENSMUST00000199023.1', 'ENSMUST00000159119.7']","['processed_transcript', 'snoRNA']"
chr1_161037547_161037994_+,5,329,chr1,161037547,161037994,+,GT-AG,GT,AG,annotated on 5',annotated on 3',0,88,"['ENSMUST00000161461.7', 'ENSMUST00000162163.7', 'ENSMUST00000160429.7', 'ENSMUST00000159153.7', 'ENSMUST00000161623.7', 'ENSMUST00000162558.7', 'ENSMUST00000161380.7', 'ENSMUST00000159438.7', 'ENSMUST00000161229.7', 'ENSMUST00000083034.1', 'ENSMUST00000160551.1', 'ENSMUST00000159399.7', 'ENSMUST00000160152.7', 'ENSMUST00000159404.7', 'ENSMUST00000159890.7', 'ENSMUST00000159706.7', 'ENSMUST00000163081.1', 'ENSMUST00000159119.7']","['ENSMUST00000161461.7', 'ENSMUST00000162163.7', 'ENSMUST00000160429.7', 'ENSMUST00000159153.7', 'ENSMUST00000161623.7', 'ENSMUST00000162558.7', 'ENSMUST00000161229.7', 'ENSMUST00000160551.1', 'ENSMUST00000159399.7', 'ENSMUST00000159404.7', 'ENSMUST00000159890.7', 'ENSMUST00000159706.7', 'ENSMUST00000163081.1', 'ENSMUST00000159119.7']","['ENSMUST00000161380.7', 'ENSMUST00000159438.7', 'ENSMUST00000160152.7']",['ENSMUST00000083034.1'],"['lincRNA', 'retained_intron', 'snoRNA']","['ENSMUSG00000053332.13', 'ENSMUSG00000064968.1']","['Gas5', 'Snord47']","['ENSMUST00000161461.7', 'ENSMUST00000162163.7', 'ENSMUST00000159404.7', 'ENSMUST00000160429.7', 'ENSMUST00000159153.7', 'ENSMUST00000159438.7', 'ENSMUST00000162558.7', 'ENSMUST00000161623.7', 'ENSMUST00000161229.7', 'ENSMUST00000160551.1', 'ENSMUST00000160152.7', 'ENSMUST00000159399.7', 'ENSMUST00000161380.7', 'ENSMUST00000159890.7', 'ENSMUST00000159706.7', 'ENSMUST00000163081.1', 'ENSMUST00000159119.7']","['ENSMUST00000161461.7', 'ENSMUST00000162163.7', 'ENSMUST00000160429.7', 'ENSMUST00000159153.7', 'ENSMUST00000161623.7', 'ENSMUST00000162558.7', 'ENSMUST00000161229.7', 'ENSMUST00000083034.1', 'ENSMUST00000160551.1', 'ENSMUST00000159399.7', 'ENSMUST00000159404.7', 'ENSMUST00000159890.7', 'ENSMUST00000159706.7', 'ENSMUST00000163081.1', 'ENSMUST00000159119.7']","['processed_transcript', 'snoRNA']"
chr1_161038037_161038224_+,5,554,chr1,161038037,161038224,+,GT-AG,GT,AG,annotated on 5',annotated on 3',0,84,"['ENSMUST00000160429.7', 'ENSMUST00000159153.7', 'ENSMUST00000161623.7', 'ENSMUST00000162558.7', 'ENSMUST00000161229.7', 'ENSMUST00000083294.1', 'ENSMUST00000159404.7', 'ENSMUST00000159706.7', 'ENSMUST00000159890.7', 'ENSMUST00000163081.1', 'ENSMUST00000161005.7', 'ENSMUST00000161461.7', 'ENSMUST00000162289.7', 'ENSMUST00000162163.7', 'ENSMUST00000160551.1', 'ENSMUST00000160516.1', 'ENSMUST00000159399.7', 'ENSMUST00000159663.7', 'ENSMUST00000159119.7']","['ENSMUST00000161461.7', 'ENSMUST00000162289.7', 'ENSMUST00000162163.7', 'ENSMUST00000160429.7', 'ENSMUST00000159153.7', 'ENSMUST00000161623.7', 'ENSMUST00000162558.7', 'ENSMUST00000161229.7', 'ENSMUST00000160551.1', 'ENSMUST00000159399.7', 'ENSMUST00000159404.7', 'ENSMUST00000160516.1', 'ENSMUST00000159890.7', 'ENSMUST00000159706.7', 'ENSMUST00000159119.7']",['ENSMUST00000163081.1'],"['ENSMUST00000083294.1', 'ENSMUST00000159663.7', 'ENSMUST00000161005.7']","['lincRNA', 'retained_intron', 'snoRNA']","['ENSMUSG00000065228.1', 'ENSMUSG00000053332.13']","['Gm25789', 'Gas5']","['ENSMUST00000161461.7', 'ENSMUST00000162289.7', 'ENSMUST00000162163.7', 'ENSMUST00000160429.7', 'ENSMUST00000159153.7', 'ENSMUST00000161623.7', 'ENSMUST00000162558.7', 'ENSMUST00000161229.7', 'ENSMUST00000160551.1', 'ENSMUST00000159399.7', 'ENSMUST00000159404.7', 'ENSMUST00000160516.1', 'ENSMUST00000159890.7', 'ENSMUST00000159706.7', 'ENSMUST00000163081.1', 'ENSMUST00000159119.7']","['ENSMUST00000161461.7', 'ENSMUST00000162289.7', 'ENSMUST00000162163.7', 'ENSMUST00000160429.7', 'ENSMUST00000159153.7', 'ENSMUST00000161623.7', 'ENSMUST00000162558.7', 'ENSMUST00000161229.7', 'ENSMUST00000160516.1', 'ENSMUST00000083294.1', 'ENSMUST00000160551.1', 'ENSMUST00000159399.7', 'ENSMUST00000159404.7', 'ENSMUST00000159663.7', 'ENSMUST00000159890.7', 'ENSMUST00000159706.7', 'ENSMUST00000161005.7', 'ENSMUST00000159119.7']","['processed_transcript', 'snoRNA']"
chr10_80828633_80828710_+,7,4262,chr10,80828633,80828710,+,GT-AG,GT,AG,annotated on 5',annotated on 3',0,87,"['ENSMUST00000060987.14', 'ENSMUST00000157368.1', 'ENSMUST00000179341.1', 'ENSMUST00000179620.7', 'ENSMUST00000177850.7', 'ENSMUST00000179172.7', 'ENSMUST00000180036.7', 'ENSMUST00000179894.1']","['ENSMUST00000060987.14', 'ENSMUST00000179341.1', 'ENSMUST00000177850.7', 'ENSMUST00000180036.7', 'ENSMUST00000179894.1', 'ENSMUST00000179620.7', 'ENSMUST00000179172.7']",[],['ENSMUST00000157368.1'],"['retained_intron', 'miRNA', 'protein_coding']","['ENSMUSG00000087993.1', 'ENSMUSG00000035242.15']","['Mir1982', 'Oaz1']","['ENSMUST00000060987.14', 'ENSMUST00000179341.1', 'ENSMUST00000177850.7', 'ENSMUST00000180036.7', 'ENSMUST00000179894.1', 'ENSMUST00000179620.7', 'ENSMUST00000179172.7']","['ENSMUST00000060987.14', 'ENSMUST00000179341.1', 'ENSMUST00000177850.7', 'ENSMUST00000180036.7', 'ENSMUST00000179894.1', 'ENSMUST00000179620.7', 'ENSMUST00000157368.1', 'ENSMUST00000179172.7']","['miRNA', 'protein_coding']"
chr10_80828796_80828870_+,7,3084,chr10,80828796,80828870,+,GT-AG,GT,AG,annotated on 5',annotated on 3',74,-73,"['ENSMUST00000060987.14', 'ENSMUST00000180036.7', 'ENSMUST00000179341.1', 'ENSMUST00000179172.7', 'ENSMUST00000177850.7', 'ENSMUST00000157368.1', 'ENSMUST00000179620.7']","['ENSMUST00000060987.14', 'ENSMUST00000179341.1', 'ENSMUST00000177850.7', 'ENSMUST00000179620.7', 'ENSMUST00000180036.7', 'ENSMUST00000157368.1', 'ENSMUST00000179172.7']",[],[],"['miRNA', 'protein_coding']","['ENSMUSG00000087993.1', 'ENSMUSG00000035242.15']","['Mir1982', 'Oaz1']","['ENSMUST00000060987.14', 'ENSMUST00000179341.1', 'ENSMUST00000177850.7', 'ENSMUST00000179620.7', 'ENSMUST00000180036.7', 'ENSMUST00000157368.1', 'ENSMUST00000179172.7']","['ENSMUST00000060987.14', 'ENSMUST00000179341.1', 'ENSMUST00000177850.7', 'ENSMUST00000179620.7', 'ENSMUST00000180036.7', 'ENSMUST00000157368.1', 'ENSMUST00000179172.7']","['miRNA', 'protein_coding']"
chr10_86704396_86705306_-,7,391,chr10,86704396,86705306,-,GT-AG,GT,AG,annotated on 5',annotated on 3',10,0,"['ENSMUST00000020238.13', 'ENSMUST00000174945.1']",['ENSMUST00000020238.13'],['ENSMUST00000174945.1'],[],"['miRNA', 'protein_coding']","['ENSMUSG00000020048.13', 'ENSMUSG00000092686.1']","['Hsp90b1', 'Gm25745']","['ENSMUST00000020238.13', 'ENSMUST00000174945.1']",['ENSMUST00000020238.13'],"['miRNA', 'protein_coding']"
chr11_22956692_22982078_-,5,291,chr11,22956692,22982078,-,GT-AG,GT,AG,annotated on 5',annotated on 3',1,0,"['ENSMUST00000057843.11', 'ENSMUST00000162924.1', 'ENSMUST00000093270.5', 'ENSMUST00000160826.1', 'ENSMUST00000071068.8', 'ENSMUST00000159081.7']","['ENSMUST00000159081.7', 'ENSMUST00000093270.5', 'ENSMUST00000160826.1']",['ENSMUST00000071068.8'],"['ENSMUST00000057843.11', 'ENSMUST00000162924.1']","['protein_coding', 'processed_transcript']","['ENSMUSG00000051355.18', 'ENSMUSG00000098650.1']","['Commd1', 'Gm28048']","['ENSMUST00000071068.8', 'ENSMUST00000159081.7', 'ENSMUST00000093270.5', 'ENSMUST00000160826.1']","['ENSMUST00000057843.11', 'ENSMUST00000162924.1', 'ENSMUST00000093270.5', 'ENSMUST00000159081.7', 'ENSMUST00000160826.1']",['protein_coding']
chr11_51604531_51604658_-,7,411,chr11,51604531,51604658,-,GT-AG,GT,AG,annotated on 5',annotated on 3',1,0,"['ENSMUST00000074669.9', 'ENSMUST00000167797.7', 'ENSMUST00000101249.8', 'ENSMUST00000109103.3']","['ENSMUST00000074669.9', 'ENSMUST00000101249.8', 'ENSMUST00000109103.3']",[],['ENSMUST00000167797.7'],['protein_coding'],"['ENSMUSG00000020358.17', 'ENSMUSG00000020359.13']","['Hnrnpab', 'Phykpl']","['ENSMUST00000074669.9', 'ENSMUST00000101249.8', 'ENSMUST00000109103.3']","['ENSMUST00000074669.9', 'ENSMUST00000167797.7', 'ENSMUST00000101249.8', 'ENSMUST00000109103.3']",['protein_coding']
chr11_70238470_70238937_-,6,395,chr11,70238470,70238937,-,GT-AG,GT,AG,annotated on 5',annotated on 3',1,0,"['ENSMUST00000141880.1', 'ENSMUST00000040428.3', 'ENSMUST00000125752.2', 'ENSMUST00000176116.7', 'ENSMUST00000176268.1']","['ENSMUST00000141880.1', 'ENSMUST00000040428.3', 'ENSMUST00000125752.2', 'ENSMUST00000176116.7', 'ENSMUST00000176268.1']",[],[],"['nonsense_mediated_decay', 'protein_coding']","['ENSMUSG00000040904.10', 'ENSMUSG00000093989.1']","['Gm21988', 'Rnasek']","['ENSMUST00000141880.1', 'ENSMUST00000040428.3', 'ENSMUST00000125752.2', 'ENSMUST00000176116.7', 'ENSMUST00000176268.1']","['ENSMUST00000141880.1', 'ENSMUST00000040428.3', 'ENSMUST00000125752.2', 'ENSMUST00000176116.7', 'ENSMUST00000176268.1']",['protein_coding']
chr11_70239014_70239655_-,6,438,chr11,70239014,70239655,-,GT-AG,GT,AG,annotated on 5',annotated on 3',1,44,"['ENSMUST00000141880.1', 'ENSMUST00000040428.3', 'ENSMUST00000125752.2', 'ENSMUST00000176116.7', 'ENSMUST00000176268.1']","['ENSMUST00000040428.3', 'ENSMUST00000176116.7', 'ENSMUST00000176268.1']",[],"['ENSMUST00000141880.1', 'ENSMUST00000125752.2']","['nonsense_mediated_decay', 'protein_coding']","['ENSMUSG00000040904.10', 'ENSMUSG00000093989.1']","['Gm21988', 'Rnasek']","['ENSMUST00000040428.3', 'ENSMUST00000176116.7', 'ENSMUST00000176268.1']","['ENSMUST00000141880.1', 'ENSMUST00000040428.3', 'ENSMUST00000125752.2', 'ENSMUST00000176116.7', 'ENSMUST00000176268.1']",['protein_coding']
chr11_93950046_93951899_-,6,579,chr11,93950046,93951899,-,GT-AG,GT,AG,annotated on 5',annotated on 3',1,0,"['ENSMUST00000072566.4', 'ENSMUST00000021217.10', 'ENSMUST00000170303.1']","['ENSMUST00000072566.4', 'ENSMUST00000021217.10', 'ENSMUST00000170303.1']",[],[],['protein_coding'],"['ENSMUSG00000020857.11', 'ENSMUSG00000091228.1']","['Nme2', 'Gm20390']","['ENSMUST00000072566.4', 'ENSMUST00000021217.10', 'ENSMUST00000170303.1']","['ENSMUST00000072566.4', 'ENSMUST00000021217.10', 'ENSMUST00000170303.1']",['protein_coding']
chr11_93952012_93952799_-,6,707,chr11,93952012,93952799,-,GT-AG,GT,AG,annotated on 5',annotated on 3',1,0,"['ENSMUST00000072566.4', 'ENSMUST00000021217.10', 'ENSMUST00000170303.1']","['ENSMUST00000072566.4', 'ENSMUST00000021217.10', 'ENSMUST00000170303.1']",[],[],['protein_coding'],"['ENSMUSG00000020857.11', 'ENSMUSG00000091228.1']","['Nme2', 'Gm20390']","['ENSMUST00000072566.4', 'ENSMUST00000021217.10', 'ENSMUST00000170303.1']","['ENSMUST00000072566.4', 'ENSMUST00000021217.10', 'ENSMUST00000170303.1']",['protein_coding']
chr11_93952901_93955494_-,6,553,chr11,93952901,93955494,-,GT-AG,GT,AG,annotated on 5',annotated on 3',1,0,"['ENSMUST00000072566.4', 'ENSMUST00000021217.10', 'ENSMUST00000170303.1']","['ENSMUST00000072566.4', 'ENSMUST00000021217.10', 'ENSMUST00000170303.1']",[],[],['protein_coding'],"['ENSMUSG00000020857.11', 'ENSMUSG00000091228.1']","['Nme2', 'Gm20390']","['ENSMUST00000072566.4', 'ENSMUST00000021217.10', 'ENSMUST00000170303.1']","['ENSMUST00000072566.4', 'ENSMUST00000021217.10', 'ENSMUST00000170303.1']",['protein_coding']
chr11_93955624_93955825_-,6,544,chr11,93955624,93955825,-,GT-AG,GT,AG,annotated on 5',annotated on 3',1,0,"['ENSMUST00000021217.10', 'ENSMUST00000170303.1']",['ENSMUST00000021217.10'],[],['ENSMUST00000170303.1'],['protein_coding'],"['ENSMUSG00000020857.11', 'ENSMUSG00000091228.1']","['Nme2', 'Gm20390']",['ENSMUST00000021217.10'],"['ENSMUST00000021217.10', 'ENSMUST00000170303.1']",['protein_coding']
chr11_98028468_98029394_+,8,2714,chr11,98028468,98029394,+,GT-AG,GT,AG,annotated on 5',annotated on 3',0,19,"['ENSMUST00000017548.6', 'ENSMUST00000184365.1', 'ENSMUST00000092425.10']","['ENSMUST00000017548.6', 'ENSMUST00000092425.10']",[],['ENSMUST00000184365.1'],"['miRNA', 'protein_coding']","['ENSMUSG00000017404.12', 'ENSMUSG00000098992.1']","['Rpl19', 'Gm27597']","['ENSMUST00000017548.6', 'ENSMUST00000092425.10']","['ENSMUST00000017548.6', 'ENSMUST00000184365.1', 'ENSMUST00000092425.10']","['miRNA', 'protein_coding']"
chr11_98029515_98029774_+,8,2859,chr11,98029515,98029774,+,GT-AG,GT,AG,annotated on 5',annotated on 3',-23,1,"['ENSMUST00000017548.6', 'ENSMUST00000184365.1', 'ENSMUST00000092425.10']","['ENSMUST00000017548.6', 'ENSMUST00000092425.10']",['ENSMUST00000184365.1'],[],"['miRNA', 'protein_coding']","['ENSMUSG00000017404.12', 'ENSMUSG00000098992.1']","['Rpl19', 'Gm27597']","['ENSMUST00000017548.6', 'ENSMUST00000184365.1', 'ENSMUST00000092425.10']","['ENSMUST00000017548.6', 'ENSMUST00000092425.10']","['miRNA', 'protein_coding']"
chr11_120346533_120346636_-,7,4895,chr11,120346533,120346636,-,GT-AG,GT,AG,annotated on 5',annotated on 3',100,0,"['ENSMUST00000062147.13', 'ENSMUST00000071555.12', 'ENSMUST00000106215.10', 'ENSMUST00000175523.1', 'ENSMUST00000089616.5', 'ENSMUST00000131103.8']","['ENSMUST00000089616.5', 'ENSMUST00000131103.8', 'ENSMUST00000062147.13', 'ENSMUST00000071555.12', 'ENSMUST00000106215.10']",['ENSMUST00000175523.1'],[],"['nonsense_mediated_decay', 'protein_coding', 'miRNA']","['ENSMUSG00000062825.15', 'ENSMUSG00000093264.1']","['Actg1', 'Gm23419']","['ENSMUST00000089616.5', 'ENSMUST00000131103.8', 'ENSMUST00000062147.13', 'ENSMUST00000071555.12', 'ENSMUST00000175523.1', 'ENSMUST00000106215.10']","['ENSMUST00000089616.5', 'ENSMUST00000131103.8', 'ENSMUST00000062147.13', 'ENSMUST00000071555.12', 'ENSMUST00000106215.10']","['miRNA', 'protein_coding']"
chr11_120346818_120346910_-,8,4509,chr11,120346818,120346910,-,GT-AG,GT,AG,annotated on 5',annotated on 3',1,1,"['ENSMUST00000062147.13', 'ENSMUST00000071555.12', 'ENSMUST00000175523.1', 'ENSMUST00000089616.5', 'ENSMUST00000106215.10', 'ENSMUST00000131103.8']","['ENSMUST00000106215.10', 'ENSMUST00000089616.5', 'ENSMUST00000071555.12', 'ENSMUST00000131103.8']",[],"['ENSMUST00000175523.1', 'ENSMUST00000062147.13']","['nonsense_mediated_decay', 'protein_coding', 'miRNA']","['ENSMUSG00000062825.15', 'ENSMUSG00000093264.1']","['Actg1', 'Gm23419']","['ENSMUST00000106215.10', 'ENSMUST00000089616.5', 'ENSMUST00000071555.12', 'ENSMUST00000131103.8']","['ENSMUST00000089616.5', 'ENSMUST00000131103.8', 'ENSMUST00000062147.13', 'ENSMUST00000071555.12', 'ENSMUST00000175523.1', 'ENSMUST00000106215.10']","['miRNA', 'protein_coding']"
chr11_120347349_120347635_-,7,2529,chr11,120347349,120347635,-,GT-AG,GT,AG,annotated on 5',annotated on 3',85,64,"['ENSMUST00000144868.1', 'ENSMUST00000183615.1', 'ENSMUST00000128055.1', 'ENSMUST00000071555.12', 'ENSMUST00000141406.7', 'ENSMUST00000106215.10', 'ENSMUST00000131103.8']","['ENSMUST00000106215.10', 'ENSMUST00000128055.1', 'ENSMUST00000071555.12', 'ENSMUST00000131103.8']","['ENSMUST00000141406.7', 'ENSMUST00000144868.1']",['ENSMUST00000183615.1'],"['retained_intron', 'nonsense_mediated_decay', 'protein_coding', 'miRNA']","['ENSMUSG00000062825.15', 'ENSMUSG00000098955.1']","['Actg1', 'Mir6935']","['ENSMUST00000144868.1', 'ENSMUST00000131103.8', 'ENSMUST00000128055.1', 'ENSMUST00000141406.7', 'ENSMUST00000071555.12', 'ENSMUST00000106215.10']","['ENSMUST00000131103.8', 'ENSMUST00000183615.1', 'ENSMUST00000128055.1', 'ENSMUST00000071555.12', 'ENSMUST00000106215.10']","['miRNA', 'protein_coding']"
chr15_34442780_34443024_-,8,1480,chr15,34442780,34443024,-,GT-AG,GT,AG,annotated on 5',annotated on 3',-44,0,"['ENSMUST00000135417.1', 'ENSMUST00000009039.5', 'ENSMUST00000140527.1', 'ENSMUST00000079735.11', 'ENSMUST00000228100.1']","['ENSMUST00000135417.1', 'ENSMUST00000140527.1', 'ENSMUST00000079735.11', 'ENSMUST00000009039.5']",['ENSMUST00000228100.1'],[],"['TEC', 'retained_intron', 'protein_coding', 'processed_transcript']","['ENSMUSG00000058600.13', 'ENSMUSG00000115685.1']","['Rpl30', 'D730044K07Rik']","['ENSMUST00000135417.1', 'ENSMUST00000140527.1', 'ENSMUST00000228100.1', 'ENSMUST00000009039.5', 'ENSMUST00000079735.11']","['ENSMUST00000135417.1', 'ENSMUST00000140527.1', 'ENSMUST00000079735.11', 'ENSMUST00000009039.5']","['TEC', 'protein_coding']"
chr15_58933938_58936267_+,5,471,chr15,58933938,58936267,+,GT-AG,GT,AG,annotated on 5',annotated on 3',0,1,"['ENSMUST00000228787.1', 'ENSMUST00000022980.4']",['ENSMUST00000022980.4'],[],['ENSMUST00000228787.1'],"['nonsense_mediated_decay', 'protein_coding']","['ENSMUSG00000115463.1', 'ENSMUSG00000022354.4']","['Gm49356', 'Ndufb9']",['ENSMUST00000022980.4'],"['ENSMUST00000022980.4', 'ENSMUST00000228787.1']",['protein_coding']
chr15_58936460_58937351_+,5,509,chr15,58936460,58937351,+,GT-AG,GT,AG,annotated on 5',annotated on 3',0,1,"['ENSMUST00000022980.4', 'ENSMUST00000228787.1']","['ENSMUST00000022980.4', 'ENSMUST00000228787.1']",[],[],"['nonsense_mediated_decay', 'protein_coding']","['ENSMUSG00000115463.1', 'ENSMUSG00000022354.4']","['Gm49356', 'Ndufb9']","['ENSMUST00000022980.4', 'ENSMUST00000228787.1']","['ENSMUST00000022980.4', 'ENSMUST00000228787.1']",['protein_coding']
chr15_98932562_98932691_-,8,931,chr15,98932562,98932691,-,GT-AG,GT,AG,annotated on 5',annotated on 3',85,0,"['ENSMUST00000077577.7', 'ENSMUST00000134214.2', 'ENSMUST00000140969.1']",['ENSMUST00000077577.7'],['ENSMUST00000140969.1'],['ENSMUST00000134214.2'],"['retained_intron', 'protein_coding']","['ENSMUSG00000116358.1', 'ENSMUSG00000023004.8']","['Gm49450', 'Tuba1b']","['ENSMUST00000077577.7', 'ENSMUST00000140969.1']","['ENSMUST00000077577.7', 'ENSMUST00000134214.2']",['protein_coding']
chr15_98933195_98934332_-,6,448,chr15,98933195,98934332,-,GT-AG,GT,AG,annotated on 5',annotated on 3',-7,0,"['ENSMUST00000077577.7', 'ENSMUST00000229156.1', 'ENSMUST00000140969.1']","['ENSMUST00000077577.7', 'ENSMUST00000140969.1']",['ENSMUST00000229156.1'],[],"['retained_intron', 'protein_coding', 'antisense']","['ENSMUSG00000116223.1', 'ENSMUSG00000023004.8']","['Gm41396', 'Tuba1b']","['ENSMUST00000077577.7', 'ENSMUST00000229156.1', 'ENSMUST00000140969.1']","['ENSMUST00000077577.7', 'ENSMUST00000140969.1']","['protein_coding', 'antisense']"
chr15_98951014_98951187_-,8,781,chr15,98951014,98951187,-,GT-AG,GT,AG,annotated on 5',annotated on 3',1,0,"['ENSMUST00000097014.6', 'ENSMUST00000134214.2']",['ENSMUST00000097014.6'],['ENSMUST00000134214.2'],[],['protein_coding'],"['ENSMUSG00000072235.6', 'ENSMUSG00000116358.1']","['Tuba1a', 'Gm49450']","['ENSMUST00000097014.6', 'ENSMUST00000134214.2']",['ENSMUST00000097014.6'],['protein_coding']
chr15_98951336_98951468_-,8,676,chr15,98951336,98951468,-,GT-AG,GT,AG,annotated on 5',annotated on 3',1,0,"['ENSMUST00000097014.6', 'ENSMUST00000134214.2']","['ENSMUST00000097014.6', 'ENSMUST00000134214.2']",[],[],['protein_coding'],"['ENSMUSG00000072235.6', 'ENSMUSG00000116358.1']","['Tuba1a', 'Gm49450']","['ENSMUST00000097014.6', 'ENSMUST00000134214.2']","['ENSMUST00000097014.6', 'ENSMUST00000134214.2']",['protein_coding']
chr16_4939293_4939377_+,6,411,chr16,4939293,4939377,+,GT-AG,GT,AG,annotated on 5',annotated on 3',0,1,"['ENSMUST00000050881.9', 'ENSMUST00000229961.1', 'ENSMUST00000230931.1', 'ENSMUST00000181498.2', 'ENSMUST00000230224.1']","['ENSMUST00000230931.1', 'ENSMUST00000050881.9', 'ENSMUST00000229961.1', 'ENSMUST00000230224.1']",[],['ENSMUST00000181498.2'],"['retained_intron', 'protein_coding', 'antisense']","['ENSMUSG00000097397.2', 'ENSMUSG00000022516.10']","['Gm16861', 'Nudt16l1']","['ENSMUST00000230931.1', 'ENSMUST00000050881.9', 'ENSMUST00000229961.1', 'ENSMUST00000230224.1']","['ENSMUST00000181498.2', 'ENSMUST00000230224.1', 'ENSMUST00000050881.9', 'ENSMUST00000229961.1', 'ENSMUST00000230931.1']","['protein_coding', 'antisense']"
chr16_18241873_18245200_-,5,251,chr16,18241873,18245200,-,GT-AG,GT,AG,annotated on 5',annotated on 3',15,0,"['ENSMUST00000232144.1', 'ENSMUST00000134035.1', 'ENSMUST00000052325.6', 'ENSMUST00000115645.9']","['ENSMUST00000052325.6', 'ENSMUST00000115645.9']","['ENSMUST00000232144.1', 'ENSMUST00000134035.1']",[],"['nonsense_mediated_decay', 'protein_coding', 'processed_transcript']","['ENSMUSG00000005732.14', 'ENSMUSG00000116925.1']","['Ranbp1', 'AC084822.2']","['ENSMUST00000232144.1', 'ENSMUST00000134035.1', 'ENSMUST00000052325.6', 'ENSMUST00000115645.9']","['ENSMUST00000052325.6', 'ENSMUST00000115645.9']",['protein_coding']
chr16_55966438_55966546_+,8,1157,chr16,55966438,55966546,+,GT-AG,GT,AG,annotated on 5',annotated on 3',0,1,"['ENSMUST00000023269.4', 'ENSMUST00000122365.1', 'ENSMUST00000126419.1']","['ENSMUST00000023269.4', 'ENSMUST00000122365.1']",[],['ENSMUST00000126419.1'],"['retained_intron', 'protein_coding', 'processed_transcript']","['ENSMUSG00000098371.1', 'ENSMUSG00000098274.7']","['Gm28037', 'Rpl24']","['ENSMUST00000023269.4', 'ENSMUST00000122365.1']","['ENSMUST00000023269.4', 'ENSMUST00000122365.1', 'ENSMUST00000126419.1']","['protein_coding', 'processed_transcript']"
chr16_55966622_55967059_+,8,1055,chr16,55966622,55967059,+,GT-AG,GT,AG,annotated on 5',annotated on 3',0,1,"['ENSMUST00000023269.4', 'ENSMUST00000122365.1', 'ENSMUST00000137811.7', 'ENSMUST00000126419.1']","['ENSMUST00000023269.4', 'ENSMUST00000122365.1', 'ENSMUST00000137811.7', 'ENSMUST00000126419.1']",[],[],"['retained_intron', 'protein_coding', 'processed_transcript']","['ENSMUSG00000098371.1', 'ENSMUSG00000098274.7']","['Gm28037', 'Rpl24']","['ENSMUST00000023269.4', 'ENSMUST00000122365.1', 'ENSMUST00000137811.7', 'ENSMUST00000126419.1']","['ENSMUST00000023269.4', 'ENSMUST00000122365.1', 'ENSMUST00000137811.7', 'ENSMUST00000126419.1']","['protein_coding', 'processed_transcript']"
chr16_55967170_55969509_+,8,843,chr16,55967170,55969509,+,GT-AG,GT,AG,annotated on 5',annotated on 3',0,1,"['ENSMUST00000023269.4', 'ENSMUST00000122365.1', 'ENSMUST00000137811.7', 'ENSMUST00000126419.1']","['ENSMUST00000023269.4', 'ENSMUST00000122365.1', 'ENSMUST00000137811.7', 'ENSMUST00000126419.1']",[],[],"['retained_intron', 'protein_coding', 'processed_transcript']","['ENSMUSG00000098371.1', 'ENSMUSG00000098274.7']","['Gm28037', 'Rpl24']","['ENSMUST00000023269.4', 'ENSMUST00000122365.1', 'ENSMUST00000137811.7', 'ENSMUST00000126419.1']","['ENSMUST00000023269.4', 'ENSMUST00000122365.1', 'ENSMUST00000137811.7', 'ENSMUST00000126419.1']","['protein_coding', 'processed_transcript']"
chr16_55969646_55970111_+,8,842,chr16,55969646,55970111,+,GT-AG,GT,AG,annotated on 5',annotated on 3',0,1,"['ENSMUST00000023269.4', 'ENSMUST00000122365.1', 'ENSMUST00000137811.7']","['ENSMUST00000023269.4', 'ENSMUST00000122365.1', 'ENSMUST00000137811.7']",[],[],"['protein_coding', 'processed_transcript']","['ENSMUSG00000098371.1', 'ENSMUSG00000098274.7']","['Gm28037', 'Rpl24']","['ENSMUST00000023269.4', 'ENSMUST00000122365.1', 'ENSMUST00000137811.7']","['ENSMUST00000023269.4', 'ENSMUST00000122365.1', 'ENSMUST00000137811.7']","['protein_coding', 'processed_transcript']"
chr16_55970175_55971310_+,8,1135,chr16,55970175,55971310,+,GT-AG,GT,AG,annotated on 5',annotated on 3',0,1,"['ENSMUST00000023269.4', 'ENSMUST00000137811.7', 'ENSMUST00000122365.1', 'ENSMUST00000128581.1']","['ENSMUST00000023269.4', 'ENSMUST00000137811.7', 'ENSMUST00000128581.1']",['ENSMUST00000122365.1'],[],"['retained_intron', 'protein_coding', 'processed_transcript']","['ENSMUSG00000098371.1', 'ENSMUSG00000098274.7']","['Gm28037', 'Rpl24']","['ENSMUST00000023269.4', 'ENSMUST00000122365.1', 'ENSMUST00000137811.7', 'ENSMUST00000128581.1']","['ENSMUST00000023269.4', 'ENSMUST00000137811.7', 'ENSMUST00000128581.1']","['protein_coding', 'processed_transcript']"
chr16_91412040_91414612_+,5,466,chr16,91412040,91414612,+,GT-AG,GT,AG,annotated on 5',annotated on 3',0,1,"['ENSMUST00000152729.7', 'ENSMUST00000160764.1', 'ENSMUST00000144215.2', 'ENSMUST00000156133.7', 'ENSMUST00000137612.1', 'ENSMUST00000023691.11', 'ENSMUST00000161517.7']","['ENSMUST00000152729.7', 'ENSMUST00000161517.7', 'ENSMUST00000137612.1', 'ENSMUST00000160764.1', 'ENSMUST00000023691.11', 'ENSMUST00000156133.7']",[],['ENSMUST00000144215.2'],"['retained_intron', 'nonsense_mediated_decay', 'protein_coding', 'processed_transcript']","['ENSMUSG00000022969.13', 'ENSMUSG00000093701.7']","['Il10rb', 'Gm21970']","['ENSMUST00000152729.7', 'ENSMUST00000161517.7', 'ENSMUST00000137612.1', 'ENSMUST00000160764.1', 'ENSMUST00000023691.11', 'ENSMUST00000156133.7']","['ENSMUST00000152729.7', 'ENSMUST00000161517.7', 'ENSMUST00000144215.2', 'ENSMUST00000137612.1', 'ENSMUST00000160764.1', 'ENSMUST00000023691.11', 'ENSMUST00000156133.7']",['protein_coding']
chr16_91414779_91419331_+,5,564,chr16,91414779,91419331,+,GT-AG,GT,AG,annotated on 5',annotated on 3',0,1,"['ENSMUST00000152729.7', 'ENSMUST00000144215.2', 'ENSMUST00000160764.1', 'ENSMUST00000156133.7', 'ENSMUST00000023691.11', 'ENSMUST00000161517.7']","['ENSMUST00000152729.7', 'ENSMUST00000161517.7', 'ENSMUST00000144215.2', 'ENSMUST00000160764.1', 'ENSMUST00000023691.11', 'ENSMUST00000156133.7']",[],[],"['retained_intron', 'nonsense_mediated_decay', 'protein_coding']","['ENSMUSG00000022969.13', 'ENSMUSG00000093701.7']","['Il10rb', 'Gm21970']","['ENSMUST00000152729.7', 'ENSMUST00000161517.7', 'ENSMUST00000144215.2', 'ENSMUST00000160764.1', 'ENSMUST00000023691.11', 'ENSMUST00000156133.7']","['ENSMUST00000152729.7', 'ENSMUST00000161517.7', 'ENSMUST00000144215.2', 'ENSMUST00000160764.1', 'ENSMUST00000023691.11', 'ENSMUST00000156133.7']",['protein_coding']
chr16_91419479_91421732_+,5,330,chr16,91419479,91421732,+,GT-AG,GT,AG,annotated on 5',annotated on 3',0,1,"['ENSMUST00000144215.2', 'ENSMUST00000160764.1', 'ENSMUST00000161517.7', 'ENSMUST00000023691.11', 'ENSMUST00000156133.7']","['ENSMUST00000144215.2', 'ENSMUST00000023691.11', 'ENSMUST00000156133.7']","['ENSMUST00000160764.1', 'ENSMUST00000161517.7']",[],"['nonsense_mediated_decay', 'protein_coding']","['ENSMUSG00000022969.13', 'ENSMUSG00000093701.7']","['Il10rb', 'Gm21970']","['ENSMUST00000144215.2', 'ENSMUST00000161517.7', 'ENSMUST00000160764.1', 'ENSMUST00000023691.11', 'ENSMUST00000156133.7']","['ENSMUST00000144215.2', 'ENSMUST00000023691.11', 'ENSMUST00000156133.7']",['protein_coding']
chr16_91925627_91926458_-,5,314,chr16,91925627,91926458,-,GT-AG,GT,AG,annotated on 5',annotated on 3',1,0,"['ENSMUST00000155452.7', 'ENSMUST00000150642.7', 'ENSMUST00000023677.9', 'ENSMUST00000139277.7', 'ENSMUST00000159295.7']","['ENSMUST00000155452.7', 'ENSMUST00000150642.7', 'ENSMUST00000023677.9', 'ENSMUST00000139277.7']",['ENSMUST00000159295.7'],[],"['retained_intron', 'nonsense_mediated_decay', 'protein_coding']","['ENSMUSG00000116933.1', 'ENSMUSG00000022956.11']","['Atp5o', 'Atp5o']","['ENSMUST00000023677.9', 'ENSMUST00000155452.7', 'ENSMUST00000150642.7', 'ENSMUST00000139277.7', 'ENSMUST00000159295.7']","['ENSMUST00000155452.7', 'ENSMUST00000150642.7', 'ENSMUST00000023677.9', 'ENSMUST00000139277.7']",['protein_coding']
chr17_6979098_6981107_+,8,2336,chr17,6979098,6981107,+,GT-AG,GT,AG,annotated on 5',annotated on 3',0,1,"['ENSMUST00000231963.1', 'ENSMUST00000232304.1', 'ENSMUST00000232245.1', 'ENSMUST00000179728.1', 'ENSMUST00000231550.1', 'ENSMUST00000089119.12', 'ENSMUST00000232106.1']","['ENSMUST00000179728.1', 'ENSMUST00000231550.1', 'ENSMUST00000089119.12', 'ENSMUST00000232106.1']",['ENSMUST00000232245.1'],"['ENSMUST00000231963.1', 'ENSMUST00000232304.1']","['retained_intron', 'nonsense_mediated_decay', 'processed_transcript', 'protein_coding']","['ENSMUSG00000094724.8', 'ENSMUSG00000116876.1']","['Rnaset2b', 'AC122413.2']","['ENSMUST00000232245.1', 'ENSMUST00000089119.12', 'ENSMUST00000179728.1', 'ENSMUST00000231550.1', 'ENSMUST00000232106.1']","['ENSMUST00000231963.1', 'ENSMUST00000089119.12', 'ENSMUST00000232304.1', 'ENSMUST00000179728.1', 'ENSMUST00000231550.1', 'ENSMUST00000232106.1']",['protein_coding']
chr17_6981168_6984138_+,8,2783,chr17,6981168,6984138,+,GT-AG,GT,AG,annotated on 5',annotated on 3',0,1,"['ENSMUST00000231963.1', 'ENSMUST00000232304.1', 'ENSMUST00000232245.1', 'ENSMUST00000179728.1', 'ENSMUST00000231550.1', 'ENSMUST00000089119.12', 'ENSMUST00000232106.1']","['ENSMUST00000231963.1', 'ENSMUST00000089119.12', 'ENSMUST00000232304.1', 'ENSMUST00000179728.1', 'ENSMUST00000231550.1', 'ENSMUST00000232106.1']",[],['ENSMUST00000232245.1'],"['retained_intron', 'nonsense_mediated_decay', 'processed_transcript', 'protein_coding']","['ENSMUSG00000094724.8', 'ENSMUSG00000116876.1']","['Rnaset2b', 'AC122413.2']","['ENSMUST00000231963.1', 'ENSMUST00000089119.12', 'ENSMUST00000232304.1', 'ENSMUST00000179728.1', 'ENSMUST00000231550.1', 'ENSMUST00000232106.1']","['ENSMUST00000231963.1', 'ENSMUST00000232245.1', 'ENSMUST00000089119.12', 'ENSMUST00000232304.1', 'ENSMUST00000179728.1', 'ENSMUST00000231550.1', 'ENSMUST00000232106.1']",['protein_coding']
chr17_6984191_6985055_+,9,3304,chr17,6984191,6985055,+,GC-AG,GC,AG,annotated on 5',annotated on 3',0,1,"['ENSMUST00000232304.1', 'ENSMUST00000231963.1', 'ENSMUST00000232245.1', 'ENSMUST00000179728.1', 'ENSMUST00000231550.1', 'ENSMUST00000089119.12']","['ENSMUST00000179728.1', 'ENSMUST00000231550.1', 'ENSMUST00000232304.1', 'ENSMUST00000089119.12']","['ENSMUST00000231963.1', 'ENSMUST00000232245.1']",[],"['nonsense_mediated_decay', 'processed_transcript', 'protein_coding']","['ENSMUSG00000094724.8', 'ENSMUSG00000116876.1']","['Rnaset2b', 'AC122413.2']","['ENSMUST00000231963.1', 'ENSMUST00000232245.1', 'ENSMUST00000089119.12', 'ENSMUST00000232304.1', 'ENSMUST00000179728.1', 'ENSMUST00000231550.1']","['ENSMUST00000179728.1', 'ENSMUST00000231550.1', 'ENSMUST00000232304.1', 'ENSMUST00000089119.12']",['protein_coding']
chr17_6985113_6988721_+,9,3357,chr17,6985113,6988721,+,GT-AG,GT,AG,annotated on 5',annotated on 3',0,1,"['ENSMUST00000232304.1', 'ENSMUST00000231963.1', 'ENSMUST00000232245.1', 'ENSMUST00000179728.1', 'ENSMUST00000231550.1', 'ENSMUST00000089119.12', 'ENSMUST00000232106.1']","['ENSMUST00000089119.12', 'ENSMUST00000232304.1', 'ENSMUST00000179728.1', 'ENSMUST00000231550.1', 'ENSMUST00000232106.1']",[],"['ENSMUST00000231963.1', 'ENSMUST00000232245.1']","['retained_intron', 'nonsense_mediated_decay', 'processed_transcript', 'protein_coding']","['ENSMUSG00000094724.8', 'ENSMUSG00000116876.1']","['Rnaset2b', 'AC122413.2']","['ENSMUST00000089119.12', 'ENSMUST00000232304.1', 'ENSMUST00000179728.1', 'ENSMUST00000231550.1', 'ENSMUST00000232106.1']","['ENSMUST00000231963.1', 'ENSMUST00000232245.1', 'ENSMUST00000089119.12', 'ENSMUST00000232304.1', 'ENSMUST00000179728.1', 'ENSMUST00000231550.1', 'ENSMUST00000232106.1']",['protein_coding']
chr17_6988792_6991680_+,8,2833,chr17,6988792,6991680,+,GT-AG,GT,AG,annotated on 5',annotated on 3',0,1,"['ENSMUST00000232304.1', 'ENSMUST00000231963.1', 'ENSMUST00000232029.1', 'ENSMUST00000232245.1', 'ENSMUST00000179728.1', 'ENSMUST00000231550.1', 'ENSMUST00000089119.12', 'ENSMUST00000232106.1']","['ENSMUST00000232245.1', 'ENSMUST00000089119.12', 'ENSMUST00000232304.1', 'ENSMUST00000179728.1', 'ENSMUST00000231550.1', 'ENSMUST00000232106.1']",['ENSMUST00000231963.1'],['ENSMUST00000232029.1'],"['retained_intron', 'nonsense_mediated_decay', 'processed_transcript', 'protein_coding']","['ENSMUSG00000094724.8', 'ENSMUSG00000116876.1']","['Rnaset2b', 'AC122413.2']","['ENSMUST00000231963.1', 'ENSMUST00000232245.1', 'ENSMUST00000089119.12', 'ENSMUST00000232304.1', 'ENSMUST00000179728.1', 'ENSMUST00000231550.1', 'ENSMUST00000232106.1']","['ENSMUST00000232029.1', 'ENSMUST00000232245.1', 'ENSMUST00000089119.12', 'ENSMUST00000232304.1', 'ENSMUST00000179728.1', 'ENSMUST00000231550.1', 'ENSMUST00000232106.1']",['protein_coding']
chr17_6991794_6994628_+,8,2857,chr17,6991794,6994628,+,GT-AG,GT,AG,annotated on 5',annotated on 3',0,1,"['ENSMUST00000232304.1', 'ENSMUST00000232029.1', 'ENSMUST00000232245.1', 'ENSMUST00000179728.1', 'ENSMUST00000231550.1', 'ENSMUST00000089119.12', 'ENSMUST00000232106.1']","['ENSMUST00000232029.1', 'ENSMUST00000232245.1', 'ENSMUST00000089119.12', 'ENSMUST00000232304.1', 'ENSMUST00000179728.1', 'ENSMUST00000231550.1', 'ENSMUST00000232106.1']",[],[],"['retained_intron', 'nonsense_mediated_decay', 'protein_coding', 'processed_transcript']","['ENSMUSG00000094724.8', 'ENSMUSG00000116876.1']","['Rnaset2b', 'AC122413.2']","['ENSMUST00000232029.1', 'ENSMUST00000232245.1', 'ENSMUST00000089119.12', 'ENSMUST00000232304.1', 'ENSMUST00000179728.1', 'ENSMUST00000231550.1', 'ENSMUST00000232106.1']","['ENSMUST00000232029.1', 'ENSMUST00000232245.1', 'ENSMUST00000089119.12', 'ENSMUST00000232304.1', 'ENSMUST00000179728.1', 'ENSMUST00000231550.1', 'ENSMUST00000232106.1']",['protein_coding']
chr17_6994674_6996433_+,8,2835,chr17,6994674,6996433,+,GT-AG,GT,AG,annotated on 5',annotated on 3',0,1,"['ENSMUST00000232304.1', 'ENSMUST00000232029.1', 'ENSMUST00000232245.1', 'ENSMUST00000179728.1', 'ENSMUST00000231550.1', 'ENSMUST00000089119.12', 'ENSMUST00000232106.1']","['ENSMUST00000232029.1', 'ENSMUST00000232245.1', 'ENSMUST00000089119.12', 'ENSMUST00000232304.1', 'ENSMUST00000179728.1', 'ENSMUST00000231550.1']",['ENSMUST00000232106.1'],[],"['retained_intron', 'nonsense_mediated_decay', 'protein_coding', 'processed_transcript']","['ENSMUSG00000094724.8', 'ENSMUSG00000116876.1']","['Rnaset2b', 'AC122413.2']","['ENSMUST00000232029.1', 'ENSMUST00000232245.1', 'ENSMUST00000089119.12', 'ENSMUST00000232304.1', 'ENSMUST00000179728.1', 'ENSMUST00000231550.1', 'ENSMUST00000232106.1']","['ENSMUST00000232029.1', 'ENSMUST00000232245.1', 'ENSMUST00000089119.12', 'ENSMUST00000232304.1', 'ENSMUST00000179728.1', 'ENSMUST00000231550.1']",['protein_coding']
chr17_6996508_6997897_+,8,2943,chr17,6996508,6997897,+,GT-AG,GT,AG,annotated on 5',annotated on 3',0,1,"['ENSMUST00000232304.1', 'ENSMUST00000232029.1', 'ENSMUST00000232245.1', 'ENSMUST00000179728.1', 'ENSMUST00000231550.1', 'ENSMUST00000089119.12']","['ENSMUST00000232029.1', 'ENSMUST00000232245.1', 'ENSMUST00000089119.12', 'ENSMUST00000232304.1', 'ENSMUST00000179728.1', 'ENSMUST00000231550.1']",[],[],"['nonsense_mediated_decay', 'protein_coding', 'processed_transcript']","['ENSMUSG00000094724.8', 'ENSMUSG00000116876.1']","['Rnaset2b', 'AC122413.2']","['ENSMUST00000232029.1', 'ENSMUST00000232245.1', 'ENSMUST00000089119.12', 'ENSMUST00000232304.1', 'ENSMUST00000179728.1', 'ENSMUST00000231550.1']","['ENSMUST00000232029.1', 'ENSMUST00000232245.1', 'ENSMUST00000089119.12', 'ENSMUST00000232304.1', 'ENSMUST00000179728.1', 'ENSMUST00000231550.1']",['protein_coding']
chr17_8128886_8130224_-,8,2921,chr17,8128886,8130224,-,GT-AG,GT,AG,annotated on 5',annotated on 3',1,0,"['ENSMUST00000232307.1', 'ENSMUST00000231927.1', 'ENSMUST00000097420.6']","['ENSMUST00000232307.1', 'ENSMUST00000231927.1', 'ENSMUST00000097420.6']",[],[],"['nonsense_mediated_decay', 'protein_coding']","['ENSMUSG00000095687.2', 'ENSMUSG00000116988.1']","['Rnaset2a', 'AC164314.2']","['ENSMUST00000232307.1', 'ENSMUST00000231927.1', 'ENSMUST00000097420.6']","['ENSMUST00000232307.1', 'ENSMUST00000231927.1', 'ENSMUST00000097420.6']",['protein_coding']
chr17_8130299_8132042_-,8,2804,chr17,8130299,8132042,-,GT-AG,GT,AG,annotated on 5',annotated on 3',1,0,"['ENSMUST00000232307.1', 'ENSMUST00000231927.1', 'ENSMUST00000097420.6']","['ENSMUST00000232307.1', 'ENSMUST00000231927.1', 'ENSMUST00000097420.6']",[],[],"['nonsense_mediated_decay', 'protein_coding']","['ENSMUSG00000095687.2', 'ENSMUSG00000116988.1']","['Rnaset2a', 'AC164314.2']","['ENSMUST00000232307.1', 'ENSMUST00000231927.1', 'ENSMUST00000097420.6']","['ENSMUST00000232307.1', 'ENSMUST00000231927.1', 'ENSMUST00000097420.6']",['protein_coding']
chr17_8132088_8134903_-,8,2824,chr17,8132088,8134903,-,GT-AG,GT,AG,annotated on 5',annotated on 3',1,0,"['ENSMUST00000232307.1', 'ENSMUST00000231927.1', 'ENSMUST00000097420.6']","['ENSMUST00000232307.1', 'ENSMUST00000231927.1', 'ENSMUST00000097420.6']",[],[],"['nonsense_mediated_decay', 'protein_coding']","['ENSMUSG00000095687.2', 'ENSMUSG00000116988.1']","['Rnaset2a', 'AC164314.2']","['ENSMUST00000232307.1', 'ENSMUST00000231927.1', 'ENSMUST00000097420.6']","['ENSMUST00000232307.1', 'ENSMUST00000231927.1', 'ENSMUST00000097420.6']",['protein_coding']
chr17_8135017_8137887_-,8,2978,chr17,8135017,8137887,-,GT-AG,GT,AG,annotated on 5',annotated on 3',1,0,"['ENSMUST00000232307.1', 'ENSMUST00000231927.1', 'ENSMUST00000097420.6']","['ENSMUST00000232307.1', 'ENSMUST00000231927.1', 'ENSMUST00000097420.6']",[],[],"['nonsense_mediated_decay', 'protein_coding']","['ENSMUSG00000095687.2', 'ENSMUSG00000116988.1']","['Rnaset2a', 'AC164314.2']","['ENSMUST00000232307.1', 'ENSMUST00000231927.1', 'ENSMUST00000097420.6']","['ENSMUST00000232307.1', 'ENSMUST00000231927.1', 'ENSMUST00000097420.6']",['protein_coding']
chr17_8137958_8141595_-,9,3412,chr17,8137958,8141595,-,GT-AG,GT,AG,annotated on 5',annotated on 3',1,0,"['ENSMUST00000232307.1', 'ENSMUST00000231927.1', 'ENSMUST00000097420.6']","['ENSMUST00000232307.1', 'ENSMUST00000231927.1', 'ENSMUST00000097420.6']",[],[],"['nonsense_mediated_decay', 'protein_coding']","['ENSMUSG00000095687.2', 'ENSMUSG00000116988.1']","['Rnaset2a', 'AC164314.2']","['ENSMUST00000232307.1', 'ENSMUST00000231927.1', 'ENSMUST00000097420.6']","['ENSMUST00000232307.1', 'ENSMUST00000231927.1', 'ENSMUST00000097420.6']",['protein_coding']
chr17_8141653_8142517_-,9,3405,chr17,8141653,8142517,-,GC-AG,GC,AG,annotated on 5',annotated on 3',1,0,"['ENSMUST00000232307.1', 'ENSMUST00000231927.1', 'ENSMUST00000097420.6']","['ENSMUST00000232307.1', 'ENSMUST00000231927.1', 'ENSMUST00000097420.6']",[],[],"['nonsense_mediated_decay', 'protein_coding']","['ENSMUSG00000095687.2', 'ENSMUSG00000116988.1']","['Rnaset2a', 'AC164314.2']","['ENSMUST00000232307.1', 'ENSMUST00000231927.1', 'ENSMUST00000097420.6']","['ENSMUST00000232307.1', 'ENSMUST00000231927.1', 'ENSMUST00000097420.6']",['protein_coding']
chr17_8142570_8145541_-,8,2903,chr17,8142570,8145541,-,GT-AG,GT,AG,annotated on 5',annotated on 3',1,0,"['ENSMUST00000232307.1', 'ENSMUST00000231927.1', 'ENSMUST00000097420.6']","['ENSMUST00000232307.1', 'ENSMUST00000231927.1', 'ENSMUST00000097420.6']",[],[],"['nonsense_mediated_decay', 'protein_coding']","['ENSMUSG00000095687.2', 'ENSMUSG00000116988.1']","['Rnaset2a', 'AC164314.2']","['ENSMUST00000232307.1', 'ENSMUST00000231927.1', 'ENSMUST00000097420.6']","['ENSMUST00000232307.1', 'ENSMUST00000231927.1', 'ENSMUST00000097420.6']",['protein_coding']
chr17_8145602_8147593_-,8,2325,chr17,8145602,8147593,-,GT-AG,GT,AG,annotated on 5',annotated on 3',1,0,"['ENSMUST00000232307.1', 'ENSMUST00000231927.1', 'ENSMUST00000097420.6']","['ENSMUST00000232307.1', 'ENSMUST00000231927.1', 'ENSMUST00000097420.6']",[],[],"['nonsense_mediated_decay', 'protein_coding']","['ENSMUSG00000095687.2', 'ENSMUSG00000116988.1']","['Rnaset2a', 'AC164314.2']","['ENSMUST00000232307.1', 'ENSMUST00000231927.1', 'ENSMUST00000097420.6']","['ENSMUST00000232307.1', 'ENSMUST00000231927.1', 'ENSMUST00000097420.6']",['protein_coding']
chr17_24164608_24164698_-,7,1787,chr17,24164608,24164698,-,GT-AG,GT,AG,annotated on 5',annotated on 3',1,0,"['ENSMUST00000024932.11', 'ENSMUST00000148541.7', 'ENSMUST00000156061.1', 'ENSMUST00000098862.8', 'ENSMUST00000202853.1', 'ENSMUST00000151061.1', 'ENSMUST00000150647.1']","['ENSMUST00000024932.11', 'ENSMUST00000148541.7', 'ENSMUST00000098862.8', 'ENSMUST00000151061.1', 'ENSMUST00000156061.1', 'ENSMUST00000202853.1', 'ENSMUST00000150647.1']",[],[],"['protein_coding', 'processed_transcript']","['ENSMUSG00000024121.13', 'ENSMUSG00000107169.1']","['Atp6v0c', 'Gm43796']","['ENSMUST00000024932.11', 'ENSMUST00000148541.7', 'ENSMUST00000098862.8', 'ENSMUST00000151061.1', 'ENSMUST00000156061.1', 'ENSMUST00000202853.1', 'ENSMUST00000150647.1']","['ENSMUST00000024932.11', 'ENSMUST00000148541.7', 'ENSMUST00000098862.8', 'ENSMUST00000151061.1', 'ENSMUST00000156061.1', 'ENSMUST00000202853.1', 'ENSMUST00000150647.1']",['protein_coding']
chr17_24164882_24169205_-,7,697,chr17,24164882,24169205,-,GT-AG,GT,AG,annotated on 5',annotated on 3',1,0,"['ENSMUST00000024932.11', 'ENSMUST00000148541.7', 'ENSMUST00000156061.1', 'ENSMUST00000098862.8', 'ENSMUST00000202853.1', 'ENSMUST00000150647.1']","['ENSMUST00000098862.8', 'ENSMUST00000024932.11', 'ENSMUST00000148541.7']",[],"['ENSMUST00000202853.1', 'ENSMUST00000156061.1', 'ENSMUST00000150647.1']","['protein_coding', 'processed_transcript']","['ENSMUSG00000024121.13', 'ENSMUSG00000107169.1']","['Atp6v0c', 'Gm43796']","['ENSMUST00000098862.8', 'ENSMUST00000024932.11', 'ENSMUST00000148541.7']","['ENSMUST00000024932.11', 'ENSMUST00000148541.7', 'ENSMUST00000098862.8', 'ENSMUST00000156061.1', 'ENSMUST00000202853.1', 'ENSMUST00000150647.1']",['protein_coding']
chr17_27630506_27631199_-,8,1697,chr17,27630506,27631199,-,GT-AG,GT,AG,annotated on 5',annotated on 3',1,0,"['ENSMUST00000025052.13', 'ENSMUST00000114881.8', 'ENSMUST00000178774.2', 'ENSMUST00000233710.1', 'ENSMUST00000114882.8']","['ENSMUST00000178774.2', 'ENSMUST00000114882.8', 'ENSMUST00000114881.8']",['ENSMUST00000233710.1'],['ENSMUST00000025052.13'],['protein_coding'],"['ENSMUSG00000052146.16', 'ENSMUSG00000117338.1']","['Rps10', 'RPS10-NUDT3']","['ENSMUST00000178774.2', 'ENSMUST00000233710.1', 'ENSMUST00000114882.8', 'ENSMUST00000114881.8']","['ENSMUST00000025052.13', 'ENSMUST00000114882.8', 'ENSMUST00000114881.8', 'ENSMUST00000178774.2']",['protein_coding']
chr17_27631255_27632278_-,9,2480,chr17,27631255,27632278,-,GT-AG,GT,AG,annotated on 5',annotated on 3',1,0,"['ENSMUST00000025052.13', 'ENSMUST00000155071.8', 'ENSMUST00000114881.8', 'ENSMUST00000178774.2', 'ENSMUST00000233710.1', 'ENSMUST00000114882.8']","['ENSMUST00000114882.8', 'ENSMUST00000155071.8', 'ENSMUST00000114881.8', 'ENSMUST00000178774.2', 'ENSMUST00000233710.1']",['ENSMUST00000025052.13'],[],['protein_coding'],"['ENSMUSG00000052146.16', 'ENSMUSG00000117338.1']","['Rps10', 'RPS10-NUDT3']","['ENSMUST00000025052.13', 'ENSMUST00000114882.8', 'ENSMUST00000155071.8', 'ENSMUST00000114881.8', 'ENSMUST00000178774.2', 'ENSMUST00000233710.1']","['ENSMUST00000114882.8', 'ENSMUST00000155071.8', 'ENSMUST00000114881.8', 'ENSMUST00000178774.2', 'ENSMUST00000233710.1']",['protein_coding']
chr17_27632356_27634071_-,9,2830,chr17,27632356,27634071,-,GT-AG,GT,AG,annotated on 5',annotated on 3',2,0,"['ENSMUST00000025052.13', 'ENSMUST00000114882.8', 'ENSMUST00000145226.8', 'ENSMUST00000152982.2', 'ENSMUST00000155071.8', 'ENSMUST00000114881.8', 'ENSMUST00000178774.2', 'ENSMUST00000233710.1', 'ENSMUST00000150763.1']","['ENSMUST00000025052.13', 'ENSMUST00000114882.8', 'ENSMUST00000145226.8', 'ENSMUST00000155071.8', 'ENSMUST00000114881.8', 'ENSMUST00000178774.2', 'ENSMUST00000233710.1', 'ENSMUST00000150763.1']",['ENSMUST00000152982.2'],[],"['retained_intron', 'protein_coding']","['ENSMUSG00000052146.16', 'ENSMUSG00000117338.1']","['Rps10', 'RPS10-NUDT3']","['ENSMUST00000025052.13', 'ENSMUST00000114882.8', 'ENSMUST00000145226.8', 'ENSMUST00000152982.2', 'ENSMUST00000155071.8', 'ENSMUST00000114881.8', 'ENSMUST00000178774.2', 'ENSMUST00000233710.1', 'ENSMUST00000150763.1']","['ENSMUST00000025052.13', 'ENSMUST00000114882.8', 'ENSMUST00000145226.8', 'ENSMUST00000155071.8', 'ENSMUST00000114881.8', 'ENSMUST00000178774.2', 'ENSMUST00000233710.1', 'ENSMUST00000150763.1']",['protein_coding']
chr17_27634243_27634325_-,9,2065,chr17,27634243,27634325,-,GT-AG,GT,AG,annotated on 5',annotated on 3',1,0,"['ENSMUST00000025052.13', 'ENSMUST00000114882.8', 'ENSMUST00000145226.8', 'ENSMUST00000152982.2', 'ENSMUST00000155071.8', 'ENSMUST00000114881.8', 'ENSMUST00000178774.2', 'ENSMUST00000233710.1', 'ENSMUST00000150763.1']","['ENSMUST00000025052.13', 'ENSMUST00000114882.8', 'ENSMUST00000145226.8', 'ENSMUST00000152982.2', 'ENSMUST00000155071.8', 'ENSMUST00000114881.8', 'ENSMUST00000178774.2', 'ENSMUST00000233710.1']",[],['ENSMUST00000150763.1'],"['retained_intron', 'protein_coding']","['ENSMUSG00000052146.16', 'ENSMUSG00000117338.1']","['Rps10', 'RPS10-NUDT3']","['ENSMUST00000025052.13', 'ENSMUST00000114882.8', 'ENSMUST00000145226.8', 'ENSMUST00000152982.2', 'ENSMUST00000155071.8', 'ENSMUST00000114881.8', 'ENSMUST00000178774.2', 'ENSMUST00000233710.1']","['ENSMUST00000025052.13', 'ENSMUST00000114882.8', 'ENSMUST00000145226.8', 'ENSMUST00000152982.2', 'ENSMUST00000155071.8', 'ENSMUST00000114881.8', 'ENSMUST00000178774.2', 'ENSMUST00000233710.1', 'ENSMUST00000150763.1']",['protein_coding']
chr17_27634475_27635203_-,8,2028,chr17,27634475,27635203,-,GT-AG,GT,AG,annotated on 5',annotated on 3',1,0,"['ENSMUST00000145226.8', 'ENSMUST00000152982.2', 'ENSMUST00000155071.8', 'ENSMUST00000114881.8', 'ENSMUST00000025052.13', 'ENSMUST00000233710.1', 'ENSMUST00000114882.8', 'ENSMUST00000178774.2']","['ENSMUST00000025052.13', 'ENSMUST00000114882.8', 'ENSMUST00000145226.8', 'ENSMUST00000155071.8', 'ENSMUST00000233710.1']",[],"['ENSMUST00000178774.2', 'ENSMUST00000152982.2', 'ENSMUST00000114881.8']","['retained_intron', 'protein_coding']","['ENSMUSG00000052146.16', 'ENSMUSG00000117338.1']","['Rps10', 'RPS10-NUDT3']","['ENSMUST00000025052.13', 'ENSMUST00000114882.8', 'ENSMUST00000145226.8', 'ENSMUST00000155071.8', 'ENSMUST00000233710.1']","['ENSMUST00000025052.13', 'ENSMUST00000114882.8', 'ENSMUST00000145226.8', 'ENSMUST00000152982.2', 'ENSMUST00000155071.8', 'ENSMUST00000114881.8', 'ENSMUST00000178774.2', 'ENSMUST00000233710.1']",['protein_coding']
chr17_28328618_28328810_+,6,912,chr17,28328618,28328810,+,GT-AG,GT,AG,annotated on 5',annotated on 3',0,1,"['ENSMUST00000042334.15', 'ENSMUST00000233842.1', 'ENSMUST00000232867.1', 'ENSMUST00000232920.1', 'ENSMUST00000233014.1', 'ENSMUST00000150103.2', 'ENSMUST00000128758.8', 'ENSMUST00000233427.1', 'ENSMUST00000233937.1', 'ENSMUST00000233852.1', 'ENSMUST00000232734.1', 'ENSMUST00000233895.1', 'ENSMUST00000129935.7']","['ENSMUST00000042334.15', 'ENSMUST00000233842.1', 'ENSMUST00000232867.1', 'ENSMUST00000232920.1', 'ENSMUST00000233014.1', 'ENSMUST00000150103.2', 'ENSMUST00000128758.8', 'ENSMUST00000233427.1', 'ENSMUST00000233937.1', 'ENSMUST00000233852.1', 'ENSMUST00000233895.1', 'ENSMUST00000129935.7']",['ENSMUST00000232734.1'],[],"['retained_intron', 'nonsense_mediated_decay', 'processed_transcript', 'protein_coding', 'bidirectional_promoter_lncRNA']","['ENSMUSG00000117303.1', 'ENSMUSG00000037805.15']","['CT025652.2', 'Rpl10a']","['ENSMUST00000042334.15', 'ENSMUST00000233842.1', 'ENSMUST00000232867.1', 'ENSMUST00000232920.1', 'ENSMUST00000233014.1', 'ENSMUST00000150103.2', 'ENSMUST00000128758.8', 'ENSMUST00000233427.1', 'ENSMUST00000233937.1', 'ENSMUST00000232734.1', 'ENSMUST00000233852.1', 'ENSMUST00000233895.1', 'ENSMUST00000129935.7']","['ENSMUST00000042334.15', 'ENSMUST00000233842.1', 'ENSMUST00000232867.1', 'ENSMUST00000232920.1', 'ENSMUST00000233014.1', 'ENSMUST00000150103.2', 'ENSMUST00000128758.8', 'ENSMUST00000233427.1', 'ENSMUST00000233937.1', 'ENSMUST00000233852.1', 'ENSMUST00000233895.1', 'ENSMUST00000129935.7']","['bidirectional_promoter_lncRNA', 'protein_coding']"
chr17_33919724_33919870_+,5,228,chr17,33919724,33919870,+,GT-AG,GT,AG,annotated on 5',annotated on 3',0,1,"['ENSMUST00000025161.8', 'ENSMUST00000172619.7', 'ENSMUST00000172888.1', 'ENSMUST00000185388.1']","['ENSMUST00000025161.8', 'ENSMUST00000172888.1']",['ENSMUST00000185388.1'],['ENSMUST00000172619.7'],"['retained_intron', 'protein_coding', 'antisense']","['ENSMUSG00000024308.14', 'ENSMUSG00000101438.1']","['Tapbp', 'Gm19412']","['ENSMUST00000025161.8', 'ENSMUST00000172888.1', 'ENSMUST00000185388.1']","['ENSMUST00000025161.8', 'ENSMUST00000172619.7', 'ENSMUST00000172888.1']","['protein_coding', 'antisense']"
chr17_47687008_47687187_-,6,278,chr17,47687008,47687187,-,GT-AG,GT,AG,annotated on 5',annotated on 3',1,54,"['ENSMUST00000113301.1', 'ENSMUST00000143789.4', 'ENSMUST00000113302.9']","['ENSMUST00000113301.1', 'ENSMUST00000143789.4', 'ENSMUST00000113302.9']",[],[],"['nonsense_mediated_decay', 'protein_coding']","['ENSMUSG00000033475.15', 'ENSMUSG00000079444.9']","['Tomm6', 'Gm21981']","['ENSMUST00000113301.1', 'ENSMUST00000143789.4', 'ENSMUST00000113302.9']","['ENSMUST00000113301.1', 'ENSMUST00000143789.4', 'ENSMUST00000113302.9']",['protein_coding']
chr17_47687288_47687898_-,6,278,chr17,47687288,47687898,-,GT-AG,GT,AG,annotated on 5',annotated on 3',1,0,"['ENSMUST00000113301.1', 'ENSMUST00000143789.4', 'ENSMUST00000143156.1', 'ENSMUST00000113302.9']","['ENSMUST00000113301.1', 'ENSMUST00000143789.4', 'ENSMUST00000143156.1', 'ENSMUST00000113302.9']",[],[],"['retained_intron', 'nonsense_mediated_decay', 'protein_coding']","['ENSMUSG00000033475.15', 'ENSMUSG00000079444.9']","['Tomm6', 'Gm21981']","['ENSMUST00000113301.1', 'ENSMUST00000143789.4', 'ENSMUST00000143156.1', 'ENSMUST00000113302.9']","['ENSMUST00000113301.1', 'ENSMUST00000143789.4', 'ENSMUST00000143156.1', 'ENSMUST00000113302.9']",['protein_coding']
chr17_70974496_70975458_-,7,1314,chr17,70974496,70975458,-,GT-AG,GT,AG,annotated on 5',annotated on 3',1,0,"['ENSMUST00000233417.1', 'ENSMUST00000233357.1', 'ENSMUST00000137537.1', 'ENSMUST00000038446.9', 'ENSMUST00000233004.1']","['ENSMUST00000233004.1', 'ENSMUST00000233357.1', 'ENSMUST00000137537.1', 'ENSMUST00000038446.9']",[],['ENSMUST00000233417.1'],"['retained_intron', 'protein_coding']","['ENSMUSG00000034868.9', 'ENSMUSG00000117098.1']","['Myl12b', 'AC154187.2']","['ENSMUST00000233004.1', 'ENSMUST00000233357.1', 'ENSMUST00000137537.1', 'ENSMUST00000038446.9']","['ENSMUST00000233417.1', 'ENSMUST00000233357.1', 'ENSMUST00000233004.1', 'ENSMUST00000137537.1', 'ENSMUST00000038446.9']",['protein_coding']
chr17_70974496_70996109_-,7,393,chr17,70974496,70996109,-,GT-AG,GT,AG,annotated on 5',annotated on 3',25,0,"['ENSMUST00000024846.12', 'ENSMUST00000038446.9', 'ENSMUST00000123686.7', 'ENSMUST00000233417.1', 'ENSMUST00000126529.1', 'ENSMUST00000233798.1', 'ENSMUST00000233357.1', 'ENSMUST00000232766.1', 'ENSMUST00000233004.1', 'ENSMUST00000150456.1', 'ENSMUST00000137537.1', 'ENSMUST00000148960.7', 'ENSMUST00000233089.1']",['ENSMUST00000233417.1'],"['ENSMUST00000024846.12', 'ENSMUST00000123686.7', 'ENSMUST00000126529.1', 'ENSMUST00000233798.1', 'ENSMUST00000232766.1', 'ENSMUST00000150456.1', 'ENSMUST00000148960.7', 'ENSMUST00000233089.1']","['ENSMUST00000233004.1', 'ENSMUST00000233357.1', 'ENSMUST00000137537.1', 'ENSMUST00000038446.9']","['retained_intron', 'protein_coding']","['ENSMUSG00000034868.9', 'ENSMUSG00000024048.15', 'ENSMUSG00000117098.1']","['Myl12b', 'Myl12a', 'AC154187.2']","['ENSMUST00000024846.12', 'ENSMUST00000123686.7', 'ENSMUST00000233417.1', 'ENSMUST00000126529.1', 'ENSMUST00000233798.1', 'ENSMUST00000232766.1', 'ENSMUST00000150456.1', 'ENSMUST00000148960.7', 'ENSMUST00000233089.1']","['ENSMUST00000233417.1', 'ENSMUST00000233357.1', 'ENSMUST00000233004.1', 'ENSMUST00000137537.1', 'ENSMUST00000038446.9']",['protein_coding']
chr17_70975620_70977047_-,7,966,chr17,70975620,70977047,-,GT-AG,GT,AG,annotated on 5',annotated on 3',1,0,"['ENSMUST00000233004.1', 'ENSMUST00000233357.1', 'ENSMUST00000038446.9']","['ENSMUST00000233004.1', 'ENSMUST00000233357.1', 'ENSMUST00000038446.9']",[],[],['protein_coding'],"['ENSMUSG00000034868.9', 'ENSMUSG00000117098.1']","['Myl12b', 'AC154187.2']","['ENSMUST00000233004.1', 'ENSMUST00000233357.1', 'ENSMUST00000038446.9']","['ENSMUST00000233004.1', 'ENSMUST00000233357.1', 'ENSMUST00000038446.9']",['protein_coding']
chr17_70977246_70990472_-,7,926,chr17,70977246,70990472,-,GT-AG,GT,AG,annotated on 5',annotated on 3',1,0,"['ENSMUST00000233004.1', 'ENSMUST00000233357.1', 'ENSMUST00000038446.9', 'ENSMUST00000131820.1']","['ENSMUST00000038446.9', 'ENSMUST00000131820.1']",[],"['ENSMUST00000233357.1', 'ENSMUST00000233004.1']","['retained_intron', 'protein_coding']","['ENSMUSG00000034868.9', 'ENSMUSG00000117098.1']","['Myl12b', 'AC154187.2']","['ENSMUST00000038446.9', 'ENSMUST00000131820.1']","['ENSMUST00000233004.1', 'ENSMUST00000233357.1', 'ENSMUST00000038446.9', 'ENSMUST00000131820.1']",['protein_coding']
chr17_70994784_70996109_-,7,1167,chr17,70994784,70996109,-,GT-AG,GT,AG,annotated on 5',annotated on 3',25,0,"['ENSMUST00000024846.12', 'ENSMUST00000123686.7', 'ENSMUST00000126529.1', 'ENSMUST00000233417.1', 'ENSMUST00000233798.1', 'ENSMUST00000232766.1', 'ENSMUST00000150456.1', 'ENSMUST00000148960.7', 'ENSMUST00000233089.1']","['ENSMUST00000024846.12', 'ENSMUST00000123686.7', 'ENSMUST00000126529.1', 'ENSMUST00000233798.1', 'ENSMUST00000232766.1', 'ENSMUST00000148960.7', 'ENSMUST00000233089.1']","['ENSMUST00000233417.1', 'ENSMUST00000150456.1']",[],"['retained_intron', 'protein_coding']","['ENSMUSG00000024048.15', 'ENSMUSG00000117098.1']","['Myl12a', 'AC154187.2']","['ENSMUST00000024846.12', 'ENSMUST00000123686.7', 'ENSMUST00000233417.1', 'ENSMUST00000126529.1', 'ENSMUST00000233798.1', 'ENSMUST00000232766.1', 'ENSMUST00000150456.1', 'ENSMUST00000148960.7', 'ENSMUST00000233089.1']","['ENSMUST00000024846.12', 'ENSMUST00000123686.7', 'ENSMUST00000126529.1', 'ENSMUST00000233798.1', 'ENSMUST00000232766.1', 'ENSMUST00000148960.7', 'ENSMUST00000233089.1']",['protein_coding']
chr17_70996271_70996696_-,7,788,chr17,70996271,70996696,-,GT-AG,GT,AG,annotated on 5',annotated on 3',10,0,"['ENSMUST00000024846.12', 'ENSMUST00000123686.7', 'ENSMUST00000233417.1', 'ENSMUST00000128179.1', 'ENSMUST00000233798.1', 'ENSMUST00000232766.1', 'ENSMUST00000150456.1', 'ENSMUST00000148960.7', 'ENSMUST00000233089.1']","['ENSMUST00000024846.12', 'ENSMUST00000123686.7', 'ENSMUST00000233417.1', 'ENSMUST00000233798.1', 'ENSMUST00000232766.1', 'ENSMUST00000150456.1', 'ENSMUST00000148960.7', 'ENSMUST00000233089.1']",['ENSMUST00000128179.1'],[],['protein_coding'],"['ENSMUSG00000024048.15', 'ENSMUSG00000117098.1']","['Myl12a', 'AC154187.2']","['ENSMUST00000024846.12', 'ENSMUST00000123686.7', 'ENSMUST00000233417.1', 'ENSMUST00000128179.1', 'ENSMUST00000233798.1', 'ENSMUST00000232766.1', 'ENSMUST00000150456.1', 'ENSMUST00000148960.7', 'ENSMUST00000233089.1']","['ENSMUST00000024846.12', 'ENSMUST00000123686.7', 'ENSMUST00000233417.1', 'ENSMUST00000233798.1', 'ENSMUST00000232766.1', 'ENSMUST00000150456.1', 'ENSMUST00000148960.7', 'ENSMUST00000233089.1']",['protein_coding']
chr17_70996895_71002107_-,7,861,chr17,70996895,71002107,-,GT-AG,GT,AG,annotated on 5',annotated on 3',1,0,"['ENSMUST00000024846.12', 'ENSMUST00000148960.7', 'ENSMUST00000123686.7', 'ENSMUST00000126529.1', 'ENSMUST00000233417.1', 'ENSMUST00000233357.1', 'ENSMUST00000128179.1', 'ENSMUST00000233798.1', 'ENSMUST00000232766.1', 'ENSMUST00000150456.1', 'ENSMUST00000129093.1', 'ENSMUST00000233089.1']","['ENSMUST00000148960.7', 'ENSMUST00000233417.1', 'ENSMUST00000126529.1', 'ENSMUST00000150456.1', 'ENSMUST00000129093.1']",['ENSMUST00000233357.1'],"['ENSMUST00000024846.12', 'ENSMUST00000123686.7', 'ENSMUST00000128179.1', 'ENSMUST00000233798.1', 'ENSMUST00000232766.1', 'ENSMUST00000233089.1']","['retained_intron', 'protein_coding']","['ENSMUSG00000024048.15', 'ENSMUSG00000117098.1']","['Myl12a', 'AC154187.2']","['ENSMUST00000129093.1', 'ENSMUST00000233417.1', 'ENSMUST00000233357.1', 'ENSMUST00000126529.1', 'ENSMUST00000150456.1', 'ENSMUST00000148960.7']","['ENSMUST00000129093.1', 'ENSMUST00000024846.12', 'ENSMUST00000123686.7', 'ENSMUST00000233417.1', 'ENSMUST00000126529.1', 'ENSMUST00000233798.1', 'ENSMUST00000128179.1', 'ENSMUST00000232766.1', 'ENSMUST00000150456.1', 'ENSMUST00000148960.7', 'ENSMUST00000233089.1']",['protein_coding']
chr19_44550412_44552697_-,5,524,chr19,44550412,44552697,-,GT-AG,GT,AG,annotated on 5',annotated on 3',-75,0,"['ENSMUST00000168083.1', 'ENSMUST00000171415.7', 'ENSMUST00000026222.10', 'ENSMUST00000164543.1', 'ENSMUST00000166808.1', 'ENSMUST00000169304.7']","['ENSMUST00000026222.10', 'ENSMUST00000164543.1', 'ENSMUST00000168083.1']","['ENSMUST00000169304.7', 'ENSMUST00000171415.7', 'ENSMUST00000166808.1']",[],"['retained_intron', 'nonsense_mediated_decay', 'protein_coding']","['ENSMUSG00000025204.10', 'ENSMUSG00000091471.1']","['Ndufb8', 'Gm20538']","['ENSMUST00000168083.1', 'ENSMUST00000171415.7', 'ENSMUST00000026222.10', 'ENSMUST00000164543.1', 'ENSMUST00000166808.1', 'ENSMUST00000169304.7']","['ENSMUST00000026222.10', 'ENSMUST00000164543.1', 'ENSMUST00000168083.1']",['protein_coding']
chr19_47083569_47085954_-,5,217,chr19,47083569,47085954,-,GT-AG,GT,AG,annotated on 5',annotated on 3',1,0,"['ENSMUST00000096014.3', 'ENSMUST00000026027.5']",['ENSMUST00000096014.3'],[],['ENSMUST00000026027.5'],['protein_coding'],"['ENSMUSG00000071528.3', 'ENSMUSG00000025049.5']","['Usmg5', 'Taf5']",['ENSMUST00000096014.3'],"['ENSMUST00000096014.3', 'ENSMUST00000026027.5']",['protein_coding']
chr2_39001765_39004106_-,10,1297,chr2,39001765,39004106,-,GT-AG,GT,AG,annotated on 5',annotated on 3',1,0,"['ENSMUST00000080861.5', 'ENSMUST00000152441.1', 'ENSMUST00000039535.8']","['ENSMUST00000080861.5', 'ENSMUST00000152441.1']",[],['ENSMUST00000039535.8'],"['nonsense_mediated_decay', 'protein_coding', 'processed_transcript']","['ENSMUSG00000062997.6', 'ENSMUSG00000035295.10']","['Rpl35', 'Wdr38']","['ENSMUST00000080861.5', 'ENSMUST00000152441.1']","['ENSMUST00000080861.5', 'ENSMUST00000152441.1', 'ENSMUST00000039535.8']",['protein_coding']
chr2_121450083_121450720_+,8,941,chr2,121450083,121450720,+,GT-AG,GT,AG,annotated on 5',annotated on 3',0,-50,"['ENSMUST00000148575.1', 'ENSMUST00000154418.7', 'ENSMUST00000116724.1', 'ENSMUST00000110615.7', 'ENSMUST00000099475.11', 'ENSMUST00000139253.7']","['ENSMUST00000099475.11', 'ENSMUST00000139253.7']","['ENSMUST00000148575.1', 'ENSMUST00000154418.7', 'ENSMUST00000110615.7']",['ENSMUST00000116724.1'],"['nonsense_mediated_decay', 'protein_coding', 'miRNA']","['ENSMUSG00000074884.12', 'ENSMUSG00000080374.1']","['Serf2', 'Gm22953']","['ENSMUST00000154418.7', 'ENSMUST00000099475.11', 'ENSMUST00000110615.7', 'ENSMUST00000148575.1', 'ENSMUST00000139253.7']","['ENSMUST00000116724.1', 'ENSMUST00000099475.11', 'ENSMUST00000139253.7']","['miRNA', 'protein_coding']"
chr2_156144280_156144458_+,6,305,chr2,156144280,156144458,+,GT-AG,GT,AG,annotated on 5',annotated on 3',0,-13,"['ENSMUST00000088610.10', 'ENSMUST00000029147.15', 'ENSMUST00000119950.1', 'ENSMUST00000109598.3', 'ENSMUST00000109600.1']","['ENSMUST00000088610.10', 'ENSMUST00000119950.1', 'ENSMUST00000109598.3']","['ENSMUST00000029147.15', 'ENSMUST00000109600.1']",[],['protein_coding'],"['ENSMUSG00000027618.17', 'ENSMUSG00000067847.13']","['Nfs1', 'Romo1']","['ENSMUST00000088610.10', 'ENSMUST00000109600.1', 'ENSMUST00000029147.15', 'ENSMUST00000119950.1', 'ENSMUST00000109598.3']","['ENSMUST00000088610.10', 'ENSMUST00000119950.1', 'ENSMUST00000109598.3']",['protein_coding']
chr2_174330434_174334211_+,8,293,chr2,174330434,174334211,+,GT-AG,GT,AG,annotated on 5',annotated on 3',0,1,"['ENSMUST00000109085.7', 'ENSMUST00000180362.7', 'ENSMUST00000087876.10', 'ENSMUST00000087871.10', 'ENSMUST00000109096.8', 'ENSMUST00000133356.7', 'ENSMUST00000156623.7', 'ENSMUST00000185956.6', 'ENSMUST00000186907.6', 'ENSMUST00000109088.7', 'ENSMUST00000130761.7', 'ENSMUST00000109083.1', 'ENSMUST00000124935.7', 'ENSMUST00000109084.7', 'ENSMUST00000154658.7', 'ENSMUST00000109087.7', 'ENSMUST00000148640.7', 'ENSMUST00000130940.7', 'ENSMUST00000080493.11', 'ENSMUST00000168292.1']","['ENSMUST00000109083.1', 'ENSMUST00000109085.7', 'ENSMUST00000109084.7', 'ENSMUST00000087871.10', 'ENSMUST00000109087.7', 'ENSMUST00000168292.1']",[],"['ENSMUST00000109088.7', 'ENSMUST00000124935.7', 'ENSMUST00000180362.7', 'ENSMUST00000087876.10', 'ENSMUST00000154658.7', 'ENSMUST00000109096.8', 'ENSMUST00000186907.6', 'ENSMUST00000133356.7', 'ENSMUST00000130940.7', 'ENSMUST00000148640.7', 'ENSMUST00000080493.11', 'ENSMUST00000156623.7', 'ENSMUST00000185956.6', 'ENSMUST00000130761.7']","['protein_coding', 'processed_transcript']","['ENSMUSG00000027523.19', 'ENSMUSG00000090625.1']","['Gnas', 'Gm20721']","['ENSMUST00000109083.1', 'ENSMUST00000109085.7', 'ENSMUST00000109084.7', 'ENSMUST00000087871.10', 'ENSMUST00000109087.7', 'ENSMUST00000168292.1']","['ENSMUST00000180362.7', 'ENSMUST00000087876.10', 'ENSMUST00000087871.10', 'ENSMUST00000156623.7', 'ENSMUST00000185956.6', 'ENSMUST00000130761.7', 'ENSMUST00000109088.7', 'ENSMUST00000130940.7', 'ENSMUST00000168292.1', 'ENSMUST00000109085.7', 'ENSMUST00000109096.8', 'ENSMUST00000133356.7', 'ENSMUST00000186907.6', 'ENSMUST00000109083.1', 'ENSMUST00000124935.7', 'ENSMUST00000109084.7', 'ENSMUST00000154658.7', 'ENSMUST00000148640.7', 'ENSMUST00000109087.7', 'ENSMUST00000080493.11']",['protein_coding']
chr2_174341707_174341809_+,8,432,chr2,174341707,174341809,+,GT-AG,GT,AG,annotated on 5',annotated on 3',0,1,"['ENSMUST00000109085.7', 'ENSMUST00000087876.10', 'ENSMUST00000087871.10', 'ENSMUST00000109096.8', 'ENSMUST00000156623.7', 'ENSMUST00000185956.6', 'ENSMUST00000186907.6', 'ENSMUST00000109088.7', 'ENSMUST00000124935.7', 'ENSMUST00000109084.7', 'ENSMUST00000154658.7', 'ENSMUST00000148640.7', 'ENSMUST00000109087.7', 'ENSMUST00000130940.7', 'ENSMUST00000080493.11', 'ENSMUST00000168292.1']","['ENSMUST00000109088.7', 'ENSMUST00000124935.7', 'ENSMUST00000109085.7', 'ENSMUST00000109084.7', 'ENSMUST00000087876.10', 'ENSMUST00000087871.10', 'ENSMUST00000154658.7', 'ENSMUST00000109096.8', 'ENSMUST00000148640.7', 'ENSMUST00000109087.7', 'ENSMUST00000130940.7', 'ENSMUST00000080493.11', 'ENSMUST00000156623.7', 'ENSMUST00000185956.6', 'ENSMUST00000168292.1', 'ENSMUST00000186907.6']",[],[],"['protein_coding', 'processed_transcript']","['ENSMUSG00000027523.19', 'ENSMUSG00000090625.1']","['Gnas', 'Gm20721']","['ENSMUST00000109088.7', 'ENSMUST00000124935.7', 'ENSMUST00000109085.7', 'ENSMUST00000109084.7', 'ENSMUST00000087876.10', 'ENSMUST00000087871.10', 'ENSMUST00000154658.7', 'ENSMUST00000109096.8', 'ENSMUST00000148640.7', 'ENSMUST00000109087.7', 'ENSMUST00000130940.7', 'ENSMUST00000080493.11', 'ENSMUST00000156623.7', 'ENSMUST00000185956.6', 'ENSMUST00000168292.1', 'ENSMUST00000186907.6']","['ENSMUST00000109088.7', 'ENSMUST00000124935.7', 'ENSMUST00000109085.7', 'ENSMUST00000109084.7', 'ENSMUST00000087876.10', 'ENSMUST00000087871.10', 'ENSMUST00000154658.7', 'ENSMUST00000109096.8', 'ENSMUST00000148640.7', 'ENSMUST00000109087.7', 'ENSMUST00000130940.7', 'ENSMUST00000080493.11', 'ENSMUST00000156623.7', 'ENSMUST00000185956.6', 'ENSMUST00000168292.1', 'ENSMUST00000186907.6']",['protein_coding']
chr2_174341929_174343199_+,8,328,chr2,174341929,174343199,+,GT-AG,GT,AG,annotated on 5',annotated on 3',0,1,"['ENSMUST00000109085.7', 'ENSMUST00000087876.10', 'ENSMUST00000087871.10', 'ENSMUST00000109096.8', 'ENSMUST00000131125.7', 'ENSMUST00000156623.7', 'ENSMUST00000185956.6', 'ENSMUST00000186907.6', 'ENSMUST00000109088.7', 'ENSMUST00000124935.7', 'ENSMUST00000109084.7', 'ENSMUST00000154658.7', 'ENSMUST00000148640.7', 'ENSMUST00000109087.7', 'ENSMUST00000130940.7', 'ENSMUST00000080493.11', 'ENSMUST00000168292.1']","['ENSMUST00000109088.7', 'ENSMUST00000124935.7', 'ENSMUST00000109085.7', 'ENSMUST00000109084.7', 'ENSMUST00000087876.10', 'ENSMUST00000087871.10', 'ENSMUST00000154658.7', 'ENSMUST00000109096.8', 'ENSMUST00000148640.7', 'ENSMUST00000109087.7', 'ENSMUST00000130940.7', 'ENSMUST00000131125.7', 'ENSMUST00000080493.11', 'ENSMUST00000156623.7', 'ENSMUST00000185956.6', 'ENSMUST00000168292.1', 'ENSMUST00000186907.6']",[],[],"['retained_intron', 'protein_coding', 'processed_transcript']","['ENSMUSG00000027523.19', 'ENSMUSG00000090625.1']","['Gnas', 'Gm20721']","['ENSMUST00000109088.7', 'ENSMUST00000124935.7', 'ENSMUST00000109085.7', 'ENSMUST00000109084.7', 'ENSMUST00000087876.10', 'ENSMUST00000087871.10', 'ENSMUST00000154658.7', 'ENSMUST00000109096.8', 'ENSMUST00000148640.7', 'ENSMUST00000109087.7', 'ENSMUST00000130940.7', 'ENSMUST00000131125.7', 'ENSMUST00000080493.11', 'ENSMUST00000156623.7', 'ENSMUST00000185956.6', 'ENSMUST00000168292.1', 'ENSMUST00000186907.6']","['ENSMUST00000109088.7', 'ENSMUST00000124935.7', 'ENSMUST00000109085.7', 'ENSMUST00000109084.7', 'ENSMUST00000087876.10', 'ENSMUST00000087871.10', 'ENSMUST00000154658.7', 'ENSMUST00000109096.8', 'ENSMUST00000148640.7', 'ENSMUST00000109087.7', 'ENSMUST00000130940.7', 'ENSMUST00000131125.7', 'ENSMUST00000080493.11', 'ENSMUST00000156623.7', 'ENSMUST00000185956.6', 'ENSMUST00000168292.1', 'ENSMUST00000186907.6']",['protein_coding']
chr2_174343297_174345074_+,8,447,chr2,174343297,174345074,+,GT-AG,GT,AG,annotated on 5',annotated on 3',0,1,"['ENSMUST00000109085.7', 'ENSMUST00000087876.10', 'ENSMUST00000087871.10', 'ENSMUST00000109096.8', 'ENSMUST00000131125.7', 'ENSMUST00000156623.7', 'ENSMUST00000185956.6', 'ENSMUST00000186907.6', 'ENSMUST00000109088.7', 'ENSMUST00000124935.7', 'ENSMUST00000109084.7', 'ENSMUST00000154658.7', 'ENSMUST00000148640.7', 'ENSMUST00000109087.7', 'ENSMUST00000130940.7', 'ENSMUST00000080493.11', 'ENSMUST00000168292.1']","['ENSMUST00000109088.7', 'ENSMUST00000124935.7', 'ENSMUST00000109085.7', 'ENSMUST00000109084.7', 'ENSMUST00000087876.10', 'ENSMUST00000087871.10', 'ENSMUST00000154658.7', 'ENSMUST00000109096.8', 'ENSMUST00000148640.7', 'ENSMUST00000109087.7', 'ENSMUST00000130940.7', 'ENSMUST00000131125.7', 'ENSMUST00000080493.11', 'ENSMUST00000156623.7', 'ENSMUST00000185956.6', 'ENSMUST00000168292.1', 'ENSMUST00000186907.6']",[],[],"['retained_intron', 'protein_coding', 'processed_transcript']","['ENSMUSG00000027523.19', 'ENSMUSG00000090625.1']","['Gnas', 'Gm20721']","['ENSMUST00000109088.7', 'ENSMUST00000124935.7', 'ENSMUST00000109085.7', 'ENSMUST00000109084.7', 'ENSMUST00000087876.10', 'ENSMUST00000087871.10', 'ENSMUST00000154658.7', 'ENSMUST00000109096.8', 'ENSMUST00000148640.7', 'ENSMUST00000109087.7', 'ENSMUST00000130940.7', 'ENSMUST00000131125.7', 'ENSMUST00000080493.11', 'ENSMUST00000156623.7', 'ENSMUST00000185956.6', 'ENSMUST00000168292.1', 'ENSMUST00000186907.6']","['ENSMUST00000109088.7', 'ENSMUST00000124935.7', 'ENSMUST00000109085.7', 'ENSMUST00000109084.7', 'ENSMUST00000087876.10', 'ENSMUST00000087871.10', 'ENSMUST00000154658.7', 'ENSMUST00000109096.8', 'ENSMUST00000148640.7', 'ENSMUST00000109087.7', 'ENSMUST00000130940.7', 'ENSMUST00000131125.7', 'ENSMUST00000080493.11', 'ENSMUST00000156623.7', 'ENSMUST00000185956.6', 'ENSMUST00000168292.1', 'ENSMUST00000186907.6']",['protein_coding']
chr2_174345129_174345227_+,8,354,chr2,174345129,174345227,+,GT-AG,GT,AG,annotated on 5',annotated on 3',0,1,"['ENSMUST00000109085.7', 'ENSMUST00000129534.1', 'ENSMUST00000087876.10', 'ENSMUST00000087871.10', 'ENSMUST00000109096.8', 'ENSMUST00000131125.7', 'ENSMUST00000156623.7', 'ENSMUST00000185956.6', 'ENSMUST00000186907.6', 'ENSMUST00000109088.7', 'ENSMUST00000124935.7', 'ENSMUST00000109084.7', 'ENSMUST00000154658.7', 'ENSMUST00000148640.7', 'ENSMUST00000109087.7', 'ENSMUST00000130940.7', 'ENSMUST00000080493.11', 'ENSMUST00000168292.1']","['ENSMUST00000109088.7', 'ENSMUST00000124935.7', 'ENSMUST00000109085.7', 'ENSMUST00000129534.1', 'ENSMUST00000109084.7', 'ENSMUST00000087876.10', 'ENSMUST00000087871.10', 'ENSMUST00000154658.7', 'ENSMUST00000109096.8', 'ENSMUST00000148640.7', 'ENSMUST00000109087.7', 'ENSMUST00000130940.7', 'ENSMUST00000131125.7', 'ENSMUST00000080493.11', 'ENSMUST00000156623.7', 'ENSMUST00000185956.6', 'ENSMUST00000168292.1', 'ENSMUST00000186907.6']",[],[],"['retained_intron', 'protein_coding', 'processed_transcript']","['ENSMUSG00000027523.19', 'ENSMUSG00000090625.1']","['Gnas', 'Gm20721']","['ENSMUST00000109088.7', 'ENSMUST00000124935.7', 'ENSMUST00000109085.7', 'ENSMUST00000129534.1', 'ENSMUST00000109084.7', 'ENSMUST00000087876.10', 'ENSMUST00000087871.10', 'ENSMUST00000154658.7', 'ENSMUST00000109096.8', 'ENSMUST00000148640.7', 'ENSMUST00000109087.7', 'ENSMUST00000130940.7', 'ENSMUST00000131125.7', 'ENSMUST00000080493.11', 'ENSMUST00000156623.7', 'ENSMUST00000185956.6', 'ENSMUST00000168292.1', 'ENSMUST00000186907.6']","['ENSMUST00000109088.7', 'ENSMUST00000124935.7', 'ENSMUST00000109085.7', 'ENSMUST00000129534.1', 'ENSMUST00000109084.7', 'ENSMUST00000087876.10', 'ENSMUST00000087871.10', 'ENSMUST00000154658.7', 'ENSMUST00000109096.8', 'ENSMUST00000148640.7', 'ENSMUST00000109087.7', 'ENSMUST00000130940.7', 'ENSMUST00000131125.7', 'ENSMUST00000080493.11', 'ENSMUST00000156623.7', 'ENSMUST00000185956.6', 'ENSMUST00000168292.1', 'ENSMUST00000186907.6']",['protein_coding']
chr2_174345301_174345382_+,10,431,chr2,174345301,174345382,+,GT-AG,GT,AG,annotated on 5',annotated on 3',0,1,"['ENSMUST00000109085.7', 'ENSMUST00000129534.1', 'ENSMUST00000087876.10', 'ENSMUST00000087871.10', 'ENSMUST00000109096.8', 'ENSMUST00000131125.7', 'ENSMUST00000156623.7', 'ENSMUST00000185956.6', 'ENSMUST00000186907.6', 'ENSMUST00000109088.7', 'ENSMUST00000124935.7', 'ENSMUST00000109084.7', 'ENSMUST00000154658.7', 'ENSMUST00000109087.7', 'ENSMUST00000148640.7', 'ENSMUST00000130940.7', 'ENSMUST00000080493.11', 'ENSMUST00000168292.1']","['ENSMUST00000109088.7', 'ENSMUST00000109085.7', 'ENSMUST00000129534.1', 'ENSMUST00000109084.7', 'ENSMUST00000087876.10', 'ENSMUST00000087871.10', 'ENSMUST00000154658.7', 'ENSMUST00000109096.8', 'ENSMUST00000109087.7', 'ENSMUST00000131125.7', 'ENSMUST00000130940.7', 'ENSMUST00000080493.11', 'ENSMUST00000156623.7', 'ENSMUST00000185956.6', 'ENSMUST00000168292.1', 'ENSMUST00000186907.6']","['ENSMUST00000148640.7', 'ENSMUST00000124935.7']",[],"['retained_intron', 'protein_coding', 'processed_transcript']","['ENSMUSG00000027523.19', 'ENSMUSG00000090625.1']","['Gnas', 'Gm20721']","['ENSMUST00000109088.7', 'ENSMUST00000124935.7', 'ENSMUST00000109085.7', 'ENSMUST00000129534.1', 'ENSMUST00000109084.7', 'ENSMUST00000087876.10', 'ENSMUST00000087871.10', 'ENSMUST00000154658.7', 'ENSMUST00000109096.8', 'ENSMUST00000148640.7', 'ENSMUST00000109087.7', 'ENSMUST00000130940.7', 'ENSMUST00000131125.7', 'ENSMUST00000080493.11', 'ENSMUST00000156623.7', 'ENSMUST00000185956.6', 'ENSMUST00000168292.1', 'ENSMUST00000186907.6']","['ENSMUST00000109088.7', 'ENSMUST00000109085.7', 'ENSMUST00000129534.1', 'ENSMUST00000109084.7', 'ENSMUST00000087876.10', 'ENSMUST00000087871.10', 'ENSMUST00000154658.7', 'ENSMUST00000109096.8', 'ENSMUST00000109087.7', 'ENSMUST00000131125.7', 'ENSMUST00000130940.7', 'ENSMUST00000080493.11', 'ENSMUST00000156623.7', 'ENSMUST00000185956.6', 'ENSMUST00000168292.1', 'ENSMUST00000186907.6']",['protein_coding']
chr2_174345562_174345648_+,9,536,chr2,174345562,174345648,+,GT-AG,GT,AG,annotated on 5',annotated on 3',0,1,"['ENSMUST00000109088.7', 'ENSMUST00000109085.7', 'ENSMUST00000129534.1', 'ENSMUST00000109084.7', 'ENSMUST00000087876.10', 'ENSMUST00000087871.10', 'ENSMUST00000154658.7', 'ENSMUST00000109096.8', 'ENSMUST00000109087.7', 'ENSMUST00000130940.7', 'ENSMUST00000080493.11', 'ENSMUST00000156623.7', 'ENSMUST00000185956.6', 'ENSMUST00000168292.1', 'ENSMUST00000186907.6']","['ENSMUST00000109088.7', 'ENSMUST00000109085.7', 'ENSMUST00000129534.1', 'ENSMUST00000109084.7', 'ENSMUST00000087876.10', 'ENSMUST00000087871.10', 'ENSMUST00000154658.7', 'ENSMUST00000109096.8', 'ENSMUST00000109087.7', 'ENSMUST00000080493.11', 'ENSMUST00000156623.7', 'ENSMUST00000185956.6', 'ENSMUST00000168292.1', 'ENSMUST00000186907.6']",['ENSMUST00000130940.7'],[],"['retained_intron', 'protein_coding', 'processed_transcript']","['ENSMUSG00000027523.19', 'ENSMUSG00000090625.1']","['Gnas', 'Gm20721']","['ENSMUST00000109088.7', 'ENSMUST00000109085.7', 'ENSMUST00000129534.1', 'ENSMUST00000109084.7', 'ENSMUST00000087876.10', 'ENSMUST00000087871.10', 'ENSMUST00000154658.7', 'ENSMUST00000109096.8', 'ENSMUST00000109087.7', 'ENSMUST00000130940.7', 'ENSMUST00000080493.11', 'ENSMUST00000156623.7', 'ENSMUST00000185956.6', 'ENSMUST00000168292.1', 'ENSMUST00000186907.6']","['ENSMUST00000109088.7', 'ENSMUST00000109085.7', 'ENSMUST00000129534.1', 'ENSMUST00000109084.7', 'ENSMUST00000087876.10', 'ENSMUST00000087871.10', 'ENSMUST00000154658.7', 'ENSMUST00000109096.8', 'ENSMUST00000109087.7', 'ENSMUST00000080493.11', 'ENSMUST00000156623.7', 'ENSMUST00000185956.6', 'ENSMUST00000168292.1', 'ENSMUST00000186907.6']",['protein_coding']
chr2_174345779_174345989_+,9,498,chr2,174345779,174345989,+,GT-AG,GT,AG,annotated on 5',annotated on 3',-51,1,"['ENSMUST00000109088.7', 'ENSMUST00000109085.7', 'ENSMUST00000129534.1', 'ENSMUST00000109084.7', 'ENSMUST00000087876.10', 'ENSMUST00000087871.10', 'ENSMUST00000154658.7', 'ENSMUST00000109096.8', 'ENSMUST00000109087.7', 'ENSMUST00000080493.11', 'ENSMUST00000156623.7', 'ENSMUST00000185956.6', 'ENSMUST00000168292.1', 'ENSMUST00000186907.6']","['ENSMUST00000109088.7', 'ENSMUST00000109085.7', 'ENSMUST00000109084.7', 'ENSMUST00000087876.10', 'ENSMUST00000087871.10', 'ENSMUST00000154658.7', 'ENSMUST00000109096.8', 'ENSMUST00000109087.7', 'ENSMUST00000080493.11', 'ENSMUST00000156623.7', 'ENSMUST00000185956.6', 'ENSMUST00000168292.1', 'ENSMUST00000186907.6']",['ENSMUST00000129534.1'],[],"['retained_intron', 'protein_coding', 'processed_transcript']","['ENSMUSG00000027523.19', 'ENSMUSG00000090625.1']","['Gnas', 'Gm20721']","['ENSMUST00000109088.7', 'ENSMUST00000109085.7', 'ENSMUST00000129534.1', 'ENSMUST00000109084.7', 'ENSMUST00000087876.10', 'ENSMUST00000087871.10', 'ENSMUST00000154658.7', 'ENSMUST00000109096.8', 'ENSMUST00000109087.7', 'ENSMUST00000080493.11', 'ENSMUST00000156623.7', 'ENSMUST00000185956.6', 'ENSMUST00000168292.1', 'ENSMUST00000186907.6']","['ENSMUST00000109088.7', 'ENSMUST00000109085.7', 'ENSMUST00000109084.7', 'ENSMUST00000087876.10', 'ENSMUST00000087871.10', 'ENSMUST00000154658.7', 'ENSMUST00000109096.8', 'ENSMUST00000109087.7', 'ENSMUST00000080493.11', 'ENSMUST00000156623.7', 'ENSMUST00000185956.6', 'ENSMUST00000168292.1', 'ENSMUST00000186907.6']",['protein_coding']
chr2_174346057_174346241_+,9,598,chr2,174346057,174346241,+,GT-AG,GT,AG,annotated on 5',annotated on 3',0,1,"['ENSMUST00000109088.7', 'ENSMUST00000109085.7', 'ENSMUST00000109084.7', 'ENSMUST00000087876.10', 'ENSMUST00000087871.10', 'ENSMUST00000154658.7', 'ENSMUST00000109096.8', 'ENSMUST00000109087.7', 'ENSMUST00000080493.11', 'ENSMUST00000156623.7', 'ENSMUST00000185956.6', 'ENSMUST00000168292.1', 'ENSMUST00000186907.6']","['ENSMUST00000109088.7', 'ENSMUST00000109085.7', 'ENSMUST00000109084.7', 'ENSMUST00000087876.10', 'ENSMUST00000087871.10', 'ENSMUST00000154658.7', 'ENSMUST00000109096.8', 'ENSMUST00000109087.7', 'ENSMUST00000080493.11', 'ENSMUST00000156623.7', 'ENSMUST00000185956.6', 'ENSMUST00000168292.1', 'ENSMUST00000186907.6']",[],[],"['protein_coding', 'processed_transcript']","['ENSMUSG00000027523.19', 'ENSMUSG00000090625.1']","['Gnas', 'Gm20721']","['ENSMUST00000109088.7', 'ENSMUST00000109085.7', 'ENSMUST00000109084.7', 'ENSMUST00000087876.10', 'ENSMUST00000087871.10', 'ENSMUST00000154658.7', 'ENSMUST00000109096.8', 'ENSMUST00000109087.7', 'ENSMUST00000080493.11', 'ENSMUST00000156623.7', 'ENSMUST00000185956.6', 'ENSMUST00000168292.1', 'ENSMUST00000186907.6']","['ENSMUST00000109088.7', 'ENSMUST00000109085.7', 'ENSMUST00000109084.7', 'ENSMUST00000087876.10', 'ENSMUST00000087871.10', 'ENSMUST00000154658.7', 'ENSMUST00000109096.8', 'ENSMUST00000109087.7', 'ENSMUST00000080493.11', 'ENSMUST00000156623.7', 'ENSMUST00000185956.6', 'ENSMUST00000168292.1', 'ENSMUST00000186907.6']",['protein_coding']
chr2_180257447_180257620_+,8,414,chr2,180257447,180257620,+,GT-AG,GT,AG,annotated on 5',annotated on 3',0,-84,"['ENSMUST00000125301.7', 'ENSMUST00000148629.1', 'ENSMUST00000145043.1', 'ENSMUST00000059080.6', 'ENSMUST00000175086.1']","['ENSMUST00000059080.6', 'ENSMUST00000148629.1', 'ENSMUST00000145043.1', 'ENSMUST00000125301.7']",[],['ENSMUST00000175086.1'],"['retained_intron', 'miRNA', 'protein_coding']","['ENSMUSG00000092827.1', 'ENSMUSG00000039001.12']","['Mir3091', 'Rps21']","['ENSMUST00000059080.6', 'ENSMUST00000148629.1', 'ENSMUST00000145043.1', 'ENSMUST00000125301.7']","['ENSMUST00000125301.7', 'ENSMUST00000145043.1', 'ENSMUST00000059080.6', 'ENSMUST00000175086.1', 'ENSMUST00000148629.1']","['miRNA', 'protein_coding']"
chr2_180257683_180257787_+,8,376,chr2,180257683,180257787,+,GT-AG,GT,AG,annotated on 5',annotated on 3',-72,1,"['ENSMUST00000059080.6', 'ENSMUST00000148629.1', 'ENSMUST00000175086.1']","['ENSMUST00000059080.6', 'ENSMUST00000148629.1']",['ENSMUST00000175086.1'],[],"['retained_intron', 'miRNA', 'protein_coding']","['ENSMUSG00000092827.1', 'ENSMUSG00000039001.12']","['Mir3091', 'Rps21']","['ENSMUST00000059080.6', 'ENSMUST00000148629.1', 'ENSMUST00000175086.1']","['ENSMUST00000059080.6', 'ENSMUST00000148629.1']","['miRNA', 'protein_coding']"
chr3_36465335_36475429_-,5,293,chr3,36465335,36475429,-,GT-AG,GT,AG,annotated on 5',annotated on 3',32,0,"['ENSMUST00000199478.1', 'ENSMUST00000029266.13', 'ENSMUST00000184519.1']","['ENSMUST00000199478.1', 'ENSMUST00000029266.13']",['ENSMUST00000184519.1'],[],"['miRNA', 'protein_coding']","['ENSMUSG00000098808.1', 'ENSMUSG00000027712.13']","['Mir7009', 'Anxa5']","['ENSMUST00000199478.1', 'ENSMUST00000029266.13', 'ENSMUST00000184519.1']","['ENSMUST00000199478.1', 'ENSMUST00000029266.13']","['miRNA', 'protein_coding']"
chr3_36475460_36475572_-,5,334,chr3,36475460,36475572,-,GT-AG,GT,AG,annotated on 5',annotated on 3',1,64,"['ENSMUST00000199478.1', 'ENSMUST00000029266.13', 'ENSMUST00000184519.1']","['ENSMUST00000199478.1', 'ENSMUST00000029266.13']",[],['ENSMUST00000184519.1'],"['miRNA', 'protein_coding']","['ENSMUSG00000098808.1', 'ENSMUSG00000027712.13']","['Mir7009', 'Anxa5']","['ENSMUST00000199478.1', 'ENSMUST00000029266.13']","['ENSMUST00000199478.1', 'ENSMUST00000029266.13', 'ENSMUST00000184519.1']","['miRNA', 'protein_coding']"
chr3_90213301_90213609_-,10,3332,chr3,90213301,90213609,-,GT-AG,GT,AG,annotated on 5',annotated on 3',86,0,"['ENSMUST00000170122.3', 'ENSMUST00000196196.1', 'ENSMUST00000107373.7', 'ENSMUST00000200305.1', 'ENSMUST00000195998.4', 'ENSMUST00000197361.4', 'ENSMUST00000197028.4', 'ENSMUST00000196205.4']","['ENSMUST00000170122.3', 'ENSMUST00000196196.1', 'ENSMUST00000195998.4', 'ENSMUST00000197361.4']","['ENSMUST00000107373.7', 'ENSMUST00000197028.4']","['ENSMUST00000200305.1', 'ENSMUST00000196205.4']","['retained_intron', 'protein_coding']","['ENSMUSG00000090733.6', 'ENSMUSG00000027935.14']","['Rps27', 'Rab13']","['ENSMUST00000196196.1', 'ENSMUST00000197361.4', 'ENSMUST00000170122.3', 'ENSMUST00000107373.7', 'ENSMUST00000195998.4', 'ENSMUST00000197028.4']","['ENSMUST00000196196.1', 'ENSMUST00000196205.4', 'ENSMUST00000170122.3', 'ENSMUST00000200305.1', 'ENSMUST00000195998.4', 'ENSMUST00000197361.4']",['protein_coding']
chr3_130706043_130709236_-,5,277,chr3,130706043,130709236,-,GT-AG,GT,AG,annotated on 5',annotated on 3',1,-94,"['ENSMUST00000197053.1', 'ENSMUST00000043937.8']",['ENSMUST00000043937.8'],[],['ENSMUST00000197053.1'],"['TEC', 'protein_coding']","['ENSMUSG00000105466.1', 'ENSMUSG00000041084.8']","['Gm42998', 'Ostc']",['ENSMUST00000043937.8'],"['ENSMUST00000197053.1', 'ENSMUST00000043937.8']","['TEC', 'protein_coding']"
chr4_117885680_117885803_-,8,697,chr4,117885680,117885803,-,GT-AG,GT,AG,annotated on 5',annotated on 3',1,0,"['ENSMUST00000133530.7', 'ENSMUST00000036380.13', 'ENSMUST00000132073.1', 'ENSMUST00000128263.1', 'ENSMUST00000150204.7', 'ENSMUST00000149868.7']","['ENSMUST00000133530.7', 'ENSMUST00000036380.13', 'ENSMUST00000150204.7', 'ENSMUST00000149868.7', 'ENSMUST00000132073.1']",['ENSMUST00000128263.1'],[],"['retained_intron', 'protein_coding', 'antisense']","['ENSMUSG00000085278.1', 'ENSMUSG00000033379.13']","['Gm12841', 'Atp6v0b']","['ENSMUST00000133530.7', 'ENSMUST00000036380.13', 'ENSMUST00000150204.7', 'ENSMUST00000149868.7', 'ENSMUST00000132073.1', 'ENSMUST00000128263.1']","['ENSMUST00000133530.7', 'ENSMUST00000036380.13', 'ENSMUST00000150204.7', 'ENSMUST00000149868.7', 'ENSMUST00000132073.1']","['protein_coding', 'antisense']"
chr4_129600731_129600982_+,6,389,chr4,129600731,129600982,+,GT-AG,GT,AG,annotated on 5',annotated on 3',0,1,"['ENSMUST00000150110.7', 'ENSMUST00000151969.7', 'ENSMUST00000137090.7', 'ENSMUST00000152126.7', 'ENSMUST00000127919.1', 'ENSMUST00000181579.7', 'ENSMUST00000173758.7', 'ENSMUST00000102591.9', 'ENSMUST00000174610.1', 'ENSMUST00000173937.7', 'ENSMUST00000173507.7', 'ENSMUST00000102593.10', 'ENSMUST00000129515.7', 'ENSMUST00000135628.7', 'ENSMUST00000145345.1', 'ENSMUST00000174073.7', 'ENSMUST00000174819.7', 'ENSMUST00000172774.7']","['ENSMUST00000150110.7', 'ENSMUST00000151969.7', 'ENSMUST00000137090.7', 'ENSMUST00000152126.7', 'ENSMUST00000127919.1', 'ENSMUST00000181579.7', 'ENSMUST00000173758.7', 'ENSMUST00000102591.9', 'ENSMUST00000173937.7', 'ENSMUST00000173507.7', 'ENSMUST00000129515.7', 'ENSMUST00000135628.7', 'ENSMUST00000174073.7', 'ENSMUST00000174819.7', 'ENSMUST00000172774.7']",['ENSMUST00000102593.10'],"['ENSMUST00000174610.1', 'ENSMUST00000145345.1']","['nonsense_mediated_decay', 'protein_coding', 'processed_transcript']","['ENSMUSG00000028797.20', 'ENSMUSG00000028798.16']","['Tmem234', 'Eif3i']","['ENSMUST00000150110.7', 'ENSMUST00000151969.7', 'ENSMUST00000137090.7', 'ENSMUST00000152126.7', 'ENSMUST00000127919.1', 'ENSMUST00000181579.7', 'ENSMUST00000173758.7', 'ENSMUST00000102591.9', 'ENSMUST00000102593.10', 'ENSMUST00000173937.7', 'ENSMUST00000173507.7', 'ENSMUST00000129515.7', 'ENSMUST00000135628.7', 'ENSMUST00000174073.7', 'ENSMUST00000174819.7', 'ENSMUST00000172774.7']","['ENSMUST00000150110.7', 'ENSMUST00000151969.7', 'ENSMUST00000137090.7', 'ENSMUST00000152126.7', 'ENSMUST00000127919.1', 'ENSMUST00000181579.7', 'ENSMUST00000173758.7', 'ENSMUST00000102591.9', 'ENSMUST00000174610.1', 'ENSMUST00000173937.7', 'ENSMUST00000173507.7', 'ENSMUST00000129515.7', 'ENSMUST00000135628.7', 'ENSMUST00000145345.1', 'ENSMUST00000174073.7', 'ENSMUST00000174819.7', 'ENSMUST00000172774.7']",['protein_coding']
chr4_132530823_132533295_-,5,301,chr4,132530823,132533295,-,GT-AG,GT,AG,annotated on 5',annotated on 3',43,0,"['ENSMUST00000067496.6', 'ENSMUST00000124471.1', 'ENSMUST00000152993.7']","['ENSMUST00000067496.6', 'ENSMUST00000152993.7']",['ENSMUST00000124471.1'],[],"['protein_coding', 'antisense']","['ENSMUSG00000054428.12', 'ENSMUSG00000087352.1']","['Atpif1', 'Gm12999']","['ENSMUST00000067496.6', 'ENSMUST00000124471.1', 'ENSMUST00000152993.7']","['ENSMUST00000067496.6', 'ENSMUST00000152993.7']","['protein_coding', 'antisense']"
chr5_65460572_65468392_-,5,432,chr5,65460572,65468392,-,GT-AG,GT,AG,annotated on 5',annotated on 3',-94,0,"['ENSMUST00000149167.1', 'ENSMUST00000040532.11', 'ENSMUST00000196121.1', 'ENSMUST00000139122.7', 'ENSMUST00000144562.1', 'ENSMUST00000121661.7']","['ENSMUST00000121661.7', 'ENSMUST00000149167.1', 'ENSMUST00000040532.11', 'ENSMUST00000139122.7']","['ENSMUST00000196121.1', 'ENSMUST00000144562.1']",[],"['retained_intron', 'nonsense_mediated_decay', 'protein_coding']","['ENSMUSG00000105835.1', 'ENSMUSG00000037822.12']","['Gm43552', 'Smim14']","['ENSMUST00000196121.1', 'ENSMUST00000144562.1', 'ENSMUST00000139122.7', 'ENSMUST00000121661.7', 'ENSMUST00000149167.1', 'ENSMUST00000040532.11']","['ENSMUST00000121661.7', 'ENSMUST00000149167.1', 'ENSMUST00000040532.11', 'ENSMUST00000139122.7']",['protein_coding']
chr6_124739413_124740518_-,6,297,chr6,124739413,124740518,-,GT-AG,GT,AG,annotated on 5',annotated on 3',1,0,"['ENSMUST00000137318.1', 'ENSMUST00000129823.1', 'ENSMUST00000004389.5', 'ENSMUST00000129411.6']","['ENSMUST00000137318.1', 'ENSMUST00000004389.5', 'ENSMUST00000129411.6']",['ENSMUST00000129823.1'],[],"['retained_intron', 'nonsense_mediated_decay', 'processed_transcript', 'protein_coding']","['ENSMUSG00000107478.1', 'ENSMUSG00000072772.3']","['Gm45234', 'Grcc10']","['ENSMUST00000137318.1', 'ENSMUST00000004389.5', 'ENSMUST00000129823.1', 'ENSMUST00000129411.6']","['ENSMUST00000137318.1', 'ENSMUST00000004389.5', 'ENSMUST00000129411.6']",['protein_coding']
chr6_124740695_124740919_-,5,510,chr6,124740695,124740919,-,GT-AG,GT,AG,annotated on 5',annotated on 3',1,0,"['ENSMUST00000137318.1', 'ENSMUST00000129823.1', 'ENSMUST00000129411.6', 'ENSMUST00000004389.5', 'ENSMUST00000140423.1']","['ENSMUST00000004389.5', 'ENSMUST00000140423.1']",[],"['ENSMUST00000137318.1', 'ENSMUST00000129823.1', 'ENSMUST00000129411.6']","['retained_intron', 'nonsense_mediated_decay', 'processed_transcript', 'protein_coding']","['ENSMUSG00000107478.1', 'ENSMUSG00000072772.3']","['Gm45234', 'Grcc10']","['ENSMUST00000004389.5', 'ENSMUST00000140423.1']","['ENSMUST00000129823.1', 'ENSMUST00000004389.5', 'ENSMUST00000140423.1', 'ENSMUST00000137318.1', 'ENSMUST00000129411.6']",['protein_coding']
chr7_24970009_24970086_-,6,835,chr7,24970009,24970086,-,GT-AG,GT,AG,annotated on 5',annotated on 3',-76,66,"['ENSMUST00000206868.1', 'ENSMUST00000183435.1', 'ENSMUST00000205871.1', 'ENSMUST00000206222.1', 'ENSMUST00000206941.1', 'ENSMUST00000076961.8']","['ENSMUST00000183435.1', 'ENSMUST00000205871.1', 'ENSMUST00000206222.1', 'ENSMUST00000206868.1', 'ENSMUST00000206941.1', 'ENSMUST00000076961.8']",[],[],"['retained_intron', 'miRNA', 'protein_coding', 'processed_transcript']","['ENSMUSG00000098802.1', 'ENSMUSG00000003380.11']","['Mir7046', 'Rabac1']","['ENSMUST00000183435.1', 'ENSMUST00000205871.1', 'ENSMUST00000206222.1', 'ENSMUST00000206868.1', 'ENSMUST00000206941.1', 'ENSMUST00000076961.8']","['ENSMUST00000183435.1', 'ENSMUST00000205871.1', 'ENSMUST00000206222.1', 'ENSMUST00000206868.1', 'ENSMUST00000206941.1', 'ENSMUST00000076961.8']","['miRNA', 'protein_coding']"
chr7_45122958_45123162_-,10,2896,chr7,45122958,45123162,-,GT-AG,GT,AG,annotated on 5',annotated on 3',1,0,"['ENSMUST00000003521.9', 'ENSMUST00000209838.1', 'ENSMUST00000209340.1', 'ENSMUST00000211725.1']","['ENSMUST00000003521.9', 'ENSMUST00000209838.1', 'ENSMUST00000211725.1']",['ENSMUST00000209340.1'],[],"['protein_coding', 'antisense']","['ENSMUSG00000003429.11', 'ENSMUSG00000110279.1']","['Rps11', 'Gm45552']","['ENSMUST00000209340.1', 'ENSMUST00000209838.1', 'ENSMUST00000003521.9', 'ENSMUST00000211725.1']","['ENSMUST00000003521.9', 'ENSMUST00000209838.1', 'ENSMUST00000211725.1']","['protein_coding', 'antisense']"
chr7_45123238_45123418_-,10,2427,chr7,45123238,45123418,-,GT-AG,GT,AG,annotated on 5',annotated on 3',1,0,"['ENSMUST00000211725.1', 'ENSMUST00000211583.1', 'ENSMUST00000003521.9', 'ENSMUST00000209838.1', 'ENSMUST00000209340.1']","['ENSMUST00000003521.9', 'ENSMUST00000209838.1', 'ENSMUST00000211583.1', 'ENSMUST00000211725.1']",[],['ENSMUST00000209340.1'],"['retained_intron', 'protein_coding', 'antisense']","['ENSMUSG00000003429.11', 'ENSMUSG00000110279.1']","['Rps11', 'Gm45552']","['ENSMUST00000003521.9', 'ENSMUST00000209838.1', 'ENSMUST00000211583.1', 'ENSMUST00000211725.1']","['ENSMUST00000209340.1', 'ENSMUST00000211725.1', 'ENSMUST00000211583.1', 'ENSMUST00000003521.9', 'ENSMUST00000209838.1']","['protein_coding', 'antisense']"
chr7_45126032_45126114_-,8,2991,chr7,45126032,45126114,-,GT-AG,GT,AG,annotated on 5',annotated on 3',67,0,"['ENSMUST00000210931.2', 'ENSMUST00000210191.1', 'ENSMUST00000209212.1', 'ENSMUST00000150350.8', 'ENSMUST00000209626.1', 'ENSMUST00000209467.1', 'ENSMUST00000209967.1', 'ENSMUST00000210792.1', 'ENSMUST00000211037.1', 'ENSMUST00000209812.1', 'ENSMUST00000209927.1', 'ENSMUST00000210967.1', 'ENSMUST00000210918.1', 'ENSMUST00000209815.1', 'ENSMUST00000210073.1', 'ENSMUST00000209711.1']","['ENSMUST00000210931.2', 'ENSMUST00000210191.1', 'ENSMUST00000209212.1', 'ENSMUST00000150350.8', 'ENSMUST00000209626.1', 'ENSMUST00000209467.1', 'ENSMUST00000209967.1', 'ENSMUST00000210792.1', 'ENSMUST00000209812.1', 'ENSMUST00000209927.1', 'ENSMUST00000210967.1', 'ENSMUST00000210073.1', 'ENSMUST00000209711.1']","['ENSMUST00000210918.1', 'ENSMUST00000209815.1']",['ENSMUST00000211037.1'],"['retained_intron', 'nonsense_mediated_decay', 'protein_coding', 'processed_transcript']","['ENSMUSG00000089989.10', 'ENSMUSG00000074129.14']","['Gm45713', 'Rpl13a']","['ENSMUST00000210931.2', 'ENSMUST00000210191.1', 'ENSMUST00000209212.1', 'ENSMUST00000150350.8', 'ENSMUST00000209626.1', 'ENSMUST00000209467.1', 'ENSMUST00000209967.1', 'ENSMUST00000210792.1', 'ENSMUST00000209812.1', 'ENSMUST00000209927.1', 'ENSMUST00000210967.1', 'ENSMUST00000210918.1', 'ENSMUST00000209815.1', 'ENSMUST00000210073.1', 'ENSMUST00000209711.1']","['ENSMUST00000210931.2', 'ENSMUST00000210191.1', 'ENSMUST00000209212.1', 'ENSMUST00000150350.8', 'ENSMUST00000209626.1', 'ENSMUST00000209467.1', 'ENSMUST00000209967.1', 'ENSMUST00000210792.1', 'ENSMUST00000209812.1', 'ENSMUST00000209927.1', 'ENSMUST00000211037.1', 'ENSMUST00000210967.1', 'ENSMUST00000210073.1', 'ENSMUST00000209711.1']",['protein_coding']
chr7_45126237_45126477_-,8,2529,chr7,45126237,45126477,-,GT-AG,GT,AG,annotated on 5',annotated on 3',1,0,"['ENSMUST00000210931.2', 'ENSMUST00000210191.1', 'ENSMUST00000209212.1', 'ENSMUST00000150350.8', 'ENSMUST00000211494.1', 'ENSMUST00000209626.1', 'ENSMUST00000209467.1', 'ENSMUST00000209967.1', 'ENSMUST00000210792.1', 'ENSMUST00000209812.1', 'ENSMUST00000209927.1', 'ENSMUST00000210967.1', 'ENSMUST00000210918.1', 'ENSMUST00000209815.1', 'ENSMUST00000210073.1', 'ENSMUST00000209711.1']","['ENSMUST00000210931.2', 'ENSMUST00000210191.1', 'ENSMUST00000209212.1', 'ENSMUST00000150350.8', 'ENSMUST00000209626.1', 'ENSMUST00000209467.1', 'ENSMUST00000209967.1', 'ENSMUST00000210792.1', 'ENSMUST00000209812.1', 'ENSMUST00000209927.1', 'ENSMUST00000210967.1', 'ENSMUST00000209815.1', 'ENSMUST00000210073.1', 'ENSMUST00000209711.1']",['ENSMUST00000211494.1'],['ENSMUST00000210918.1'],"['retained_intron', 'nonsense_mediated_decay', 'protein_coding', 'processed_transcript']","['ENSMUSG00000089989.10', 'ENSMUSG00000074129.14']","['Gm45713', 'Rpl13a']","['ENSMUST00000210931.2', 'ENSMUST00000210191.1', 'ENSMUST00000209212.1', 'ENSMUST00000150350.8', 'ENSMUST00000211494.1', 'ENSMUST00000209626.1', 'ENSMUST00000209467.1', 'ENSMUST00000209967.1', 'ENSMUST00000210792.1', 'ENSMUST00000209812.1', 'ENSMUST00000209927.1', 'ENSMUST00000210967.1', 'ENSMUST00000209815.1', 'ENSMUST00000210073.1', 'ENSMUST00000209711.1']","['ENSMUST00000210931.2', 'ENSMUST00000210191.1', 'ENSMUST00000209212.1', 'ENSMUST00000150350.8', 'ENSMUST00000209626.1', 'ENSMUST00000209467.1', 'ENSMUST00000209967.1', 'ENSMUST00000210792.1', 'ENSMUST00000209812.1', 'ENSMUST00000209927.1', 'ENSMUST00000210967.1', 'ENSMUST00000210918.1', 'ENSMUST00000209815.1', 'ENSMUST00000210073.1', 'ENSMUST00000209711.1']",['protein_coding']
chr7_45126537_45126708_-,8,2828,chr7,45126537,45126708,-,GT-AG,GT,AG,annotated on 5',annotated on 3',57,0,"['ENSMUST00000210931.2', 'ENSMUST00000210191.1', 'ENSMUST00000209212.1', 'ENSMUST00000150350.8', 'ENSMUST00000211494.1', 'ENSMUST00000209626.1', 'ENSMUST00000211438.1', 'ENSMUST00000209967.1', 'ENSMUST00000210792.1', 'ENSMUST00000211037.1', 'ENSMUST00000209812.1', 'ENSMUST00000210967.1', 'ENSMUST00000209927.1', 'ENSMUST00000209467.1', 'ENSMUST00000210918.1', 'ENSMUST00000209815.1', 'ENSMUST00000210073.1', 'ENSMUST00000209711.1']","['ENSMUST00000150350.8', 'ENSMUST00000211494.1', 'ENSMUST00000209626.1', 'ENSMUST00000209967.1', 'ENSMUST00000210792.1', 'ENSMUST00000209812.1', 'ENSMUST00000210967.1', 'ENSMUST00000209927.1', 'ENSMUST00000209467.1', 'ENSMUST00000209815.1', 'ENSMUST00000210073.1']","['ENSMUST00000211438.1', 'ENSMUST00000210918.1', 'ENSMUST00000211037.1']","['ENSMUST00000210931.2', 'ENSMUST00000210191.1', 'ENSMUST00000209212.1', 'ENSMUST00000209711.1']","['retained_intron', 'nonsense_mediated_decay', 'protein_coding', 'processed_transcript']","['ENSMUSG00000089989.10', 'ENSMUSG00000074129.14']","['Gm45713', 'Rpl13a']","['ENSMUST00000150350.8', 'ENSMUST00000211494.1', 'ENSMUST00000209626.1', 'ENSMUST00000209467.1', 'ENSMUST00000211438.1', 'ENSMUST00000209967.1', 'ENSMUST00000210792.1', 'ENSMUST00000209812.1', 'ENSMUST00000209927.1', 'ENSMUST00000211037.1', 'ENSMUST00000210967.1', 'ENSMUST00000210918.1', 'ENSMUST00000209815.1', 'ENSMUST00000210073.1']","['ENSMUST00000210931.2', 'ENSMUST00000210191.1', 'ENSMUST00000209212.1', 'ENSMUST00000150350.8', 'ENSMUST00000211494.1', 'ENSMUST00000209626.1', 'ENSMUST00000209467.1', 'ENSMUST00000209967.1', 'ENSMUST00000210792.1', 'ENSMUST00000209812.1', 'ENSMUST00000209927.1', 'ENSMUST00000210967.1', 'ENSMUST00000209815.1', 'ENSMUST00000210073.1', 'ENSMUST00000209711.1']",['protein_coding']
chr7_45126794_45126990_-,8,2962,chr7,45126794,45126990,-,GT-AG,GT,AG,annotated on 5',annotated on 3',-72,0,"['ENSMUST00000210191.1', 'ENSMUST00000209212.1', 'ENSMUST00000150350.8', 'ENSMUST00000211494.1', 'ENSMUST00000209626.1', 'ENSMUST00000209467.1', 'ENSMUST00000210792.1', 'ENSMUST00000198528.1', 'ENSMUST00000209812.1', 'ENSMUST00000209927.1', 'ENSMUST00000211037.1', 'ENSMUST00000210967.1', 'ENSMUST00000210918.1', 'ENSMUST00000209815.1', 'ENSMUST00000210073.1']","['ENSMUST00000150350.8', 'ENSMUST00000211494.1', 'ENSMUST00000209626.1', 'ENSMUST00000209467.1', 'ENSMUST00000209812.1', 'ENSMUST00000209927.1', 'ENSMUST00000211037.1', 'ENSMUST00000210967.1', 'ENSMUST00000210918.1', 'ENSMUST00000209815.1', 'ENSMUST00000210073.1']","['ENSMUST00000198528.1', 'ENSMUST00000210191.1', 'ENSMUST00000209212.1']",['ENSMUST00000210792.1'],"['miRNA', 'retained_intron', 'nonsense_mediated_decay', 'protein_coding', 'processed_transcript']","['ENSMUSG00000105913.1', 'ENSMUSG00000089989.10', 'ENSMUSG00000074129.14']","['Mir5121', 'Gm45713', 'Rpl13a']","['ENSMUST00000210191.1', 'ENSMUST00000209212.1', 'ENSMUST00000150350.8', 'ENSMUST00000211494.1', 'ENSMUST00000209626.1', 'ENSMUST00000209467.1', 'ENSMUST00000198528.1', 'ENSMUST00000209812.1', 'ENSMUST00000209927.1', 'ENSMUST00000211037.1', 'ENSMUST00000210967.1', 'ENSMUST00000210918.1', 'ENSMUST00000209815.1', 'ENSMUST00000210073.1']","['ENSMUST00000150350.8', 'ENSMUST00000211494.1', 'ENSMUST00000209626.1', 'ENSMUST00000209467.1', 'ENSMUST00000210792.1', 'ENSMUST00000209812.1', 'ENSMUST00000209927.1', 'ENSMUST00000211037.1', 'ENSMUST00000210967.1', 'ENSMUST00000210918.1', 'ENSMUST00000209815.1', 'ENSMUST00000210073.1']","['miRNA', 'protein_coding']"
chr7_45127092_45127208_-,9,2625,chr7,45127092,45127208,-,GT-AG,GT,AG,annotated on 5',annotated on 3',1,0,"['ENSMUST00000210191.1', 'ENSMUST00000209212.1', 'ENSMUST00000150350.8', 'ENSMUST00000209626.1', 'ENSMUST00000211438.1', 'ENSMUST00000209812.1', 'ENSMUST00000210967.1', 'ENSMUST00000211037.1', 'ENSMUST00000209927.1', 'ENSMUST00000209467.1', 'ENSMUST00000210918.1', 'ENSMUST00000209815.1', 'ENSMUST00000209711.1']","['ENSMUST00000210191.1', 'ENSMUST00000209212.1', 'ENSMUST00000150350.8', 'ENSMUST00000209626.1', 'ENSMUST00000211438.1', 'ENSMUST00000209812.1', 'ENSMUST00000210967.1', 'ENSMUST00000211037.1', 'ENSMUST00000209467.1', 'ENSMUST00000210918.1', 'ENSMUST00000209815.1']",['ENSMUST00000209711.1'],['ENSMUST00000209927.1'],"['retained_intron', 'nonsense_mediated_decay', 'protein_coding', 'processed_transcript']","['ENSMUSG00000089989.10', 'ENSMUSG00000074129.14']","['Gm45713', 'Rpl13a']","['ENSMUST00000210191.1', 'ENSMUST00000209212.1', 'ENSMUST00000150350.8', 'ENSMUST00000209626.1', 'ENSMUST00000211438.1', 'ENSMUST00000209812.1', 'ENSMUST00000210967.1', 'ENSMUST00000211037.1', 'ENSMUST00000209467.1', 'ENSMUST00000210918.1', 'ENSMUST00000209815.1', 'ENSMUST00000209711.1']","['ENSMUST00000210191.1', 'ENSMUST00000209212.1', 'ENSMUST00000150350.8', 'ENSMUST00000209626.1', 'ENSMUST00000211438.1', 'ENSMUST00000209812.1', 'ENSMUST00000210967.1', 'ENSMUST00000211037.1', 'ENSMUST00000209927.1', 'ENSMUST00000209467.1', 'ENSMUST00000210918.1', 'ENSMUST00000209815.1']",['protein_coding']
chr7_45127274_45127495_-,9,3771,chr7,45127274,45127495,-,GT-AG,GT,AG,annotated on 5',annotated on 3',1,0,"['ENSMUST00000210191.1', 'ENSMUST00000209212.1', 'ENSMUST00000150350.8', 'ENSMUST00000210134.1', 'ENSMUST00000209626.1', 'ENSMUST00000209467.1', 'ENSMUST00000209965.1', 'ENSMUST00000211438.1', 'ENSMUST00000209812.1', 'ENSMUST00000209927.1', 'ENSMUST00000211037.1', 'ENSMUST00000210967.1', 'ENSMUST00000210918.1', 'ENSMUST00000209815.1', 'ENSMUST00000210073.1', 'ENSMUST00000209711.1']","['ENSMUST00000210191.1', 'ENSMUST00000209212.1', 'ENSMUST00000150350.8', 'ENSMUST00000210134.1', 'ENSMUST00000209626.1', 'ENSMUST00000209467.1', 'ENSMUST00000211438.1', 'ENSMUST00000209812.1', 'ENSMUST00000211037.1', 'ENSMUST00000210967.1', 'ENSMUST00000210918.1', 'ENSMUST00000209815.1', 'ENSMUST00000210073.1', 'ENSMUST00000209711.1']","['ENSMUST00000209965.1', 'ENSMUST00000209927.1']",[],"['retained_intron', 'nonsense_mediated_decay', 'protein_coding', 'processed_transcript']","['ENSMUSG00000089989.10', 'ENSMUSG00000074129.14']","['Gm45713', 'Rpl13a']","['ENSMUST00000210191.1', 'ENSMUST00000209212.1', 'ENSMUST00000150350.8', 'ENSMUST00000210134.1', 'ENSMUST00000209626.1', 'ENSMUST00000209467.1', 'ENSMUST00000209965.1', 'ENSMUST00000211438.1', 'ENSMUST00000209812.1', 'ENSMUST00000209927.1', 'ENSMUST00000211037.1', 'ENSMUST00000210967.1', 'ENSMUST00000210918.1', 'ENSMUST00000209815.1', 'ENSMUST00000210073.1', 'ENSMUST00000209711.1']","['ENSMUST00000210191.1', 'ENSMUST00000209212.1', 'ENSMUST00000150350.8', 'ENSMUST00000210134.1', 'ENSMUST00000209626.1', 'ENSMUST00000209467.1', 'ENSMUST00000211438.1', 'ENSMUST00000209812.1', 'ENSMUST00000211037.1', 'ENSMUST00000210967.1', 'ENSMUST00000210918.1', 'ENSMUST00000209815.1', 'ENSMUST00000210073.1', 'ENSMUST00000209711.1']",['protein_coding']
chr7_45127568_45128699_-,9,2184,chr7,45127568,45128699,-,GT-AG,GT,AG,annotated on 5',annotated on 3',1,0,"['ENSMUST00000210191.1', 'ENSMUST00000209212.1', 'ENSMUST00000150350.8', 'ENSMUST00000210134.1', 'ENSMUST00000209626.1', 'ENSMUST00000209467.1', 'ENSMUST00000209965.1', 'ENSMUST00000211438.1', 'ENSMUST00000209812.1', 'ENSMUST00000209927.1', 'ENSMUST00000210967.1', 'ENSMUST00000210918.1', 'ENSMUST00000209815.1', 'ENSMUST00000211037.1', 'ENSMUST00000209711.1']","['ENSMUST00000210191.1', 'ENSMUST00000209212.1', 'ENSMUST00000150350.8', 'ENSMUST00000210134.1', 'ENSMUST00000211438.1', 'ENSMUST00000209812.1', 'ENSMUST00000209927.1', 'ENSMUST00000210967.1', 'ENSMUST00000210918.1', 'ENSMUST00000209815.1', 'ENSMUST00000211037.1']",[],"['ENSMUST00000209467.1', 'ENSMUST00000209965.1', 'ENSMUST00000209626.1', 'ENSMUST00000209711.1']","['retained_intron', 'nonsense_mediated_decay', 'protein_coding', 'processed_transcript']","['ENSMUSG00000089989.10', 'ENSMUSG00000074129.14']","['Gm45713', 'Rpl13a']","['ENSMUST00000210191.1', 'ENSMUST00000209212.1', 'ENSMUST00000150350.8', 'ENSMUST00000210134.1', 'ENSMUST00000211438.1', 'ENSMUST00000209812.1', 'ENSMUST00000209927.1', 'ENSMUST00000210967.1', 'ENSMUST00000210918.1', 'ENSMUST00000209815.1', 'ENSMUST00000211037.1']","['ENSMUST00000210191.1', 'ENSMUST00000209212.1', 'ENSMUST00000150350.8', 'ENSMUST00000210134.1', 'ENSMUST00000209626.1', 'ENSMUST00000209965.1', 'ENSMUST00000211438.1', 'ENSMUST00000209812.1', 'ENSMUST00000210967.1', 'ENSMUST00000211037.1', 'ENSMUST00000209927.1', 'ENSMUST00000209467.1', 'ENSMUST00000210918.1', 'ENSMUST00000209815.1', 'ENSMUST00000209711.1']",['protein_coding']
chr7_45458283_45458534_-,10,16276,chr7,45458283,45458534,-,GT-AG,GT,AG,annotated on 5',annotated on 3',1,0,"['ENSMUST00000210106.1', 'ENSMUST00000211694.1', 'ENSMUST00000210864.1', 'ENSMUST00000211500.1', 'ENSMUST00000102082.1', 'ENSMUST00000094434.12', 'ENSMUST00000210375.1']","['ENSMUST00000210106.1', 'ENSMUST00000211500.1', 'ENSMUST00000210375.1', 'ENSMUST00000211694.1', 'ENSMUST00000210864.1', 'ENSMUST00000094434.12']",[],['ENSMUST00000102082.1'],"['miRNA', 'retained_intron', 'nonsense_mediated_decay', 'protein_coding', 'processed_transcript']","['ENSMUSG00000050708.16', 'ENSMUSG00000076036.1']","['Ftl1', 'Gm22133']","['ENSMUST00000210106.1', 'ENSMUST00000211500.1', 'ENSMUST00000210375.1', 'ENSMUST00000211694.1', 'ENSMUST00000210864.1', 'ENSMUST00000094434.12']","['ENSMUST00000210106.1', 'ENSMUST00000211500.1', 'ENSMUST00000210375.1', 'ENSMUST00000102082.1', 'ENSMUST00000211694.1', 'ENSMUST00000210864.1', 'ENSMUST00000094434.12']","['miRNA', 'protein_coding']"
chr7_45459230_45459529_-,10,16217,chr7,45459230,45459529,-,GT-AG,GT,AG,annotated on 5',annotated on 3',-60,0,"['ENSMUST00000210106.1', 'ENSMUST00000210864.1', 'ENSMUST00000209541.1', 'ENSMUST00000210375.1', 'ENSMUST00000094434.12']","['ENSMUST00000210106.1', 'ENSMUST00000210864.1', 'ENSMUST00000094434.12']",['ENSMUST00000209541.1'],['ENSMUST00000210375.1'],"['TEC', 'nonsense_mediated_decay', 'protein_coding', 'processed_transcript']","['ENSMUSG00000050708.16', 'ENSMUSG00000110350.1']","['Ftl1', 'Gm10252']","['ENSMUST00000210106.1', 'ENSMUST00000210864.1', 'ENSMUST00000094434.12', 'ENSMUST00000209541.1']","['ENSMUST00000210106.1', 'ENSMUST00000210375.1', 'ENSMUST00000210864.1', 'ENSMUST00000094434.12']","['TEC', 'protein_coding']"
chr7_126797548_126797643_-,8,1042,chr7,126797548,126797643,-,GT-AG,GT,AG,annotated on 5',annotated on 3',25,0,"['ENSMUST00000032934.11', 'ENSMUST00000141355.3', 'ENSMUST00000205336.1', 'ENSMUST00000205324.1', 'ENSMUST00000135707.7', 'ENSMUST00000106348.7', 'ENSMUST00000151137.7', 'ENSMUST00000205890.1', 'ENSMUST00000133514.7', 'ENSMUST00000087566.10', 'ENSMUST00000139657.7']","['ENSMUST00000032934.11', 'ENSMUST00000141355.3', 'ENSMUST00000205336.1', 'ENSMUST00000135707.7', 'ENSMUST00000106348.7', 'ENSMUST00000151137.7', 'ENSMUST00000205890.1', 'ENSMUST00000133514.7', 'ENSMUST00000087566.10', 'ENSMUST00000139657.7']",['ENSMUST00000205324.1'],[],"['retained_intron', 'protein_coding', 'processed_transcript']","['ENSMUSG00000030695.16', 'ENSMUSG00000058966.13']","['Aldoa', 'Fam57b']","['ENSMUST00000032934.11', 'ENSMUST00000141355.3', 'ENSMUST00000205336.1', 'ENSMUST00000205324.1', 'ENSMUST00000135707.7', 'ENSMUST00000106348.7', 'ENSMUST00000151137.7', 'ENSMUST00000205890.1', 'ENSMUST00000133514.7', 'ENSMUST00000087566.10', 'ENSMUST00000139657.7']","['ENSMUST00000032934.11', 'ENSMUST00000141355.3', 'ENSMUST00000205336.1', 'ENSMUST00000135707.7', 'ENSMUST00000106348.7', 'ENSMUST00000151137.7', 'ENSMUST00000205890.1', 'ENSMUST00000133514.7', 'ENSMUST00000087566.10', 'ENSMUST00000139657.7']",['protein_coding']
chr7_126797776_126799044_-,8,849,chr7,126797776,126799044,-,GT-AG,GT,AG,annotated on 5',annotated on 3',1,-84,"['ENSMUST00000032934.11', 'ENSMUST00000141355.3', 'ENSMUST00000205336.1', 'ENSMUST00000205324.1', 'ENSMUST00000147748.1', 'ENSMUST00000143509.7', 'ENSMUST00000106348.7', 'ENSMUST00000205890.1', 'ENSMUST00000135707.7', 'ENSMUST00000151137.7', 'ENSMUST00000133514.7', 'ENSMUST00000087566.10']","['ENSMUST00000087566.10', 'ENSMUST00000032934.11', 'ENSMUST00000205336.1', 'ENSMUST00000147748.1']",[],"['ENSMUST00000141355.3', 'ENSMUST00000205324.1', 'ENSMUST00000143509.7', 'ENSMUST00000106348.7', 'ENSMUST00000205890.1', 'ENSMUST00000135707.7', 'ENSMUST00000151137.7', 'ENSMUST00000133514.7']","['retained_intron', 'protein_coding', 'processed_transcript']","['ENSMUSG00000030695.16', 'ENSMUSG00000058966.13']","['Aldoa', 'Fam57b']","['ENSMUST00000087566.10', 'ENSMUST00000032934.11', 'ENSMUST00000205336.1', 'ENSMUST00000147748.1']","['ENSMUST00000032934.11', 'ENSMUST00000141355.3', 'ENSMUST00000205336.1', 'ENSMUST00000205324.1', 'ENSMUST00000147748.1', 'ENSMUST00000143509.7', 'ENSMUST00000135707.7', 'ENSMUST00000106348.7', 'ENSMUST00000151137.7', 'ENSMUST00000205890.1', 'ENSMUST00000133514.7', 'ENSMUST00000087566.10']",['protein_coding']
chr7_141448031_141448725_+,9,1083,chr7,141448031,141448725,+,GT-AG,GT,AG,annotated on 5',annotated on 3',0,78,"['ENSMUST00000137307.1', 'ENSMUST00000084434.10', 'ENSMUST00000106004.7', 'ENSMUST00000082732.1', 'ENSMUST00000106003.1']","['ENSMUST00000137307.1', 'ENSMUST00000084434.10', 'ENSMUST00000106003.1', 'ENSMUST00000106004.7']",[],['ENSMUST00000082732.1'],"['retained_intron', 'protein_coding', 'snoRNA']","['ENSMUSG00000025508.13', 'ENSMUSG00000064666.1']","['Rplp2', 'Snora52']","['ENSMUST00000137307.1', 'ENSMUST00000084434.10', 'ENSMUST00000106003.1', 'ENSMUST00000106004.7']","['ENSMUST00000137307.1', 'ENSMUST00000106004.7', 'ENSMUST00000082732.1', 'ENSMUST00000106003.1', 'ENSMUST00000084434.10']","['protein_coding', 'snoRNA']"
chr7_142376738_142376832_-,8,14147,chr7,142376738,142376832,-,GT-AG,GT,AG,annotated on 5',annotated on 3',1,0,"['ENSMUST00000133843.7', 'ENSMUST00000066401.6', 'ENSMUST00000209263.1', 'ENSMUST00000151120.8']","['ENSMUST00000066401.6', 'ENSMUST00000209263.1', 'ENSMUST00000151120.8']",['ENSMUST00000133843.7'],[],['protein_coding'],"['ENSMUSG00000110040.1', 'ENSMUSG00000007891.16']","['Gm49369', 'Ctsd']","['ENSMUST00000066401.6', 'ENSMUST00000209263.1', 'ENSMUST00000151120.8', 'ENSMUST00000133843.7']","['ENSMUST00000066401.6', 'ENSMUST00000209263.1', 'ENSMUST00000151120.8']",['protein_coding']
chr7_142376931_142377025_-,8,16495,chr7,142376931,142377025,-,GT-AG,GT,AG,annotated on 5',annotated on 3',1,0,"['ENSMUST00000066401.6', 'ENSMUST00000209263.1', 'ENSMUST00000151120.8', 'ENSMUST00000133843.7']","['ENSMUST00000066401.6', 'ENSMUST00000209263.1', 'ENSMUST00000151120.8', 'ENSMUST00000133843.7']",[],[],['protein_coding'],"['ENSMUSG00000110040.1', 'ENSMUSG00000007891.16']","['Gm49369', 'Ctsd']","['ENSMUST00000066401.6', 'ENSMUST00000209263.1', 'ENSMUST00000151120.8', 'ENSMUST00000133843.7']","['ENSMUST00000066401.6', 'ENSMUST00000209263.1', 'ENSMUST00000151120.8', 'ENSMUST00000133843.7']",['protein_coding']
chr7_142377170_142377332_-,7,12474,chr7,142377170,142377332,-,GT-AG,GT,AG,annotated on 5',annotated on 3',19,0,"['ENSMUST00000066401.6', 'ENSMUST00000209263.1', 'ENSMUST00000151120.8', 'ENSMUST00000133843.7']","['ENSMUST00000066401.6', 'ENSMUST00000209263.1', 'ENSMUST00000151120.8', 'ENSMUST00000133843.7']",[],[],['protein_coding'],"['ENSMUSG00000110040.1', 'ENSMUSG00000007891.16']","['Gm49369', 'Ctsd']","['ENSMUST00000066401.6', 'ENSMUST00000209263.1', 'ENSMUST00000151120.8', 'ENSMUST00000133843.7']","['ENSMUST00000066401.6', 'ENSMUST00000209263.1', 'ENSMUST00000151120.8', 'ENSMUST00000133843.7']",['protein_coding']
chr7_142377455_142380765_-,8,10343,chr7,142377455,142380765,-,GT-AG,GT,AG,annotated on 5',annotated on 3',1,0,"['ENSMUST00000066401.6', 'ENSMUST00000209263.1', 'ENSMUST00000151120.8', 'ENSMUST00000133843.7']","['ENSMUST00000066401.6', 'ENSMUST00000209263.1', 'ENSMUST00000151120.8', 'ENSMUST00000133843.7']",[],[],['protein_coding'],"['ENSMUSG00000110040.1', 'ENSMUSG00000007891.16']","['Gm49369', 'Ctsd']","['ENSMUST00000066401.6', 'ENSMUST00000209263.1', 'ENSMUST00000151120.8', 'ENSMUST00000133843.7']","['ENSMUST00000066401.6', 'ENSMUST00000209263.1', 'ENSMUST00000151120.8', 'ENSMUST00000133843.7']",['protein_coding']
chr7_142380992_142382591_-,7,10780,chr7,142380992,142382591,-,GT-AG,GT,AG,annotated on 5',annotated on 3',1,0,"['ENSMUST00000066401.6', 'ENSMUST00000151120.8', 'ENSMUST00000133843.7']","['ENSMUST00000066401.6', 'ENSMUST00000151120.8', 'ENSMUST00000133843.7']",[],[],['protein_coding'],"['ENSMUSG00000110040.1', 'ENSMUSG00000007891.16']","['Gm49369', 'Ctsd']","['ENSMUST00000066401.6', 'ENSMUST00000151120.8', 'ENSMUST00000133843.7']","['ENSMUST00000066401.6', 'ENSMUST00000151120.8', 'ENSMUST00000133843.7']",['protein_coding']
chr7_142382710_142383417_-,7,10690,chr7,142382710,142383417,-,GT-AG,GT,AG,annotated on 5',annotated on 3',1,0,"['ENSMUST00000133843.7', 'ENSMUST00000066401.6', 'ENSMUST00000151120.8']","['ENSMUST00000066401.6', 'ENSMUST00000151120.8']",[],['ENSMUST00000133843.7'],['protein_coding'],"['ENSMUSG00000110040.1', 'ENSMUSG00000007891.16']","['Gm49369', 'Ctsd']","['ENSMUST00000066401.6', 'ENSMUST00000151120.8']","['ENSMUST00000066401.6', 'ENSMUST00000151120.8', 'ENSMUST00000133843.7']",['protein_coding']
chr8_13172660_13173626_+,7,1663,chr8,13172660,13173626,+,GT-AG,GT,AG,annotated on 5',annotated on 3',-48,1,"['ENSMUST00000209895.1', 'ENSMUST00000033824.7']",['ENSMUST00000033824.7'],['ENSMUST00000209895.1'],[],"['nonsense_mediated_decay', 'protein_coding']","['ENSMUSG00000031447.7', 'ENSMUSG00000038515.10']","['Lamp1', 'Grtp1']","['ENSMUST00000209895.1', 'ENSMUST00000033824.7']",['ENSMUST00000033824.7'],['protein_coding']
chr8_70508528_70509295_-,9,1450,chr8,70508528,70509295,-,GT-AG,GT,AG,annotated on 5',annotated on 3',1,0,"['ENSMUST00000165126.8', 'ENSMUST00000081940.10', 'ENSMUST00000127793.1', 'ENSMUST00000138260.7', 'ENSMUST00000135446.7', 'ENSMUST00000124967.1', 'ENSMUST00000140679.7', 'ENSMUST00000129909.7', 'ENSMUST00000125184.7', 'ENSMUST00000121623.7']","['ENSMUST00000165126.8', 'ENSMUST00000081940.10', 'ENSMUST00000127793.1', 'ENSMUST00000138260.7', 'ENSMUST00000135446.7', 'ENSMUST00000124967.1', 'ENSMUST00000140679.7', 'ENSMUST00000129909.7', 'ENSMUST00000125184.7', 'ENSMUST00000121623.7']",[],[],"['retained_intron', 'protein_coding']","['ENSMUSG00000090137.8', 'ENSMUSG00000055553.16']","['Uba52', 'Kxd1']","['ENSMUST00000165126.8', 'ENSMUST00000081940.10', 'ENSMUST00000127793.1', 'ENSMUST00000138260.7', 'ENSMUST00000135446.7', 'ENSMUST00000124967.1', 'ENSMUST00000140679.7', 'ENSMUST00000129909.7', 'ENSMUST00000125184.7', 'ENSMUST00000121623.7']","['ENSMUST00000165126.8', 'ENSMUST00000081940.10', 'ENSMUST00000127793.1', 'ENSMUST00000138260.7', 'ENSMUST00000135446.7', 'ENSMUST00000124967.1', 'ENSMUST00000140679.7', 'ENSMUST00000129909.7', 'ENSMUST00000125184.7', 'ENSMUST00000121623.7']",['protein_coding']
chr8_70509382_70509520_-,9,1755,chr8,70509382,70509520,-,GT-AG,GT,AG,annotated on 5',annotated on 3',1,0,"['ENSMUST00000165126.8', 'ENSMUST00000081940.10', 'ENSMUST00000138260.7', 'ENSMUST00000135446.7', 'ENSMUST00000124967.1', 'ENSMUST00000140679.7', 'ENSMUST00000129909.7', 'ENSMUST00000125184.7', 'ENSMUST00000121623.7']","['ENSMUST00000165126.8', 'ENSMUST00000081940.10', 'ENSMUST00000138260.7', 'ENSMUST00000135446.7', 'ENSMUST00000124967.1', 'ENSMUST00000140679.7', 'ENSMUST00000129909.7', 'ENSMUST00000125184.7', 'ENSMUST00000121623.7']",[],[],['protein_coding'],"['ENSMUSG00000090137.8', 'ENSMUSG00000055553.16']","['Uba52', 'Kxd1']","['ENSMUST00000165126.8', 'ENSMUST00000081940.10', 'ENSMUST00000138260.7', 'ENSMUST00000135446.7', 'ENSMUST00000124967.1', 'ENSMUST00000140679.7', 'ENSMUST00000129909.7', 'ENSMUST00000125184.7', 'ENSMUST00000121623.7']","['ENSMUST00000165126.8', 'ENSMUST00000081940.10', 'ENSMUST00000138260.7', 'ENSMUST00000135446.7', 'ENSMUST00000124967.1', 'ENSMUST00000140679.7', 'ENSMUST00000129909.7', 'ENSMUST00000125184.7', 'ENSMUST00000121623.7']",['protein_coding']
chr8_70509634_70510337_-,9,1304,chr8,70509634,70510337,-,GT-AG,GT,AG,annotated on 5',annotated on 3',1,0,"['ENSMUST00000165126.8', 'ENSMUST00000081940.10', 'ENSMUST00000127793.1', 'ENSMUST00000138260.7', 'ENSMUST00000135446.7', 'ENSMUST00000140679.7', 'ENSMUST00000129909.7', 'ENSMUST00000125184.7', 'ENSMUST00000121623.7']","['ENSMUST00000081940.10', 'ENSMUST00000127793.1', 'ENSMUST00000125184.7']",[],"['ENSMUST00000165126.8', 'ENSMUST00000138260.7', 'ENSMUST00000135446.7', 'ENSMUST00000140679.7', 'ENSMUST00000129909.7', 'ENSMUST00000121623.7']","['retained_intron', 'protein_coding']","['ENSMUSG00000090137.8', 'ENSMUSG00000055553.16']","['Uba52', 'Kxd1']","['ENSMUST00000081940.10', 'ENSMUST00000127793.1', 'ENSMUST00000125184.7']","['ENSMUST00000165126.8', 'ENSMUST00000081940.10', 'ENSMUST00000127793.1', 'ENSMUST00000138260.7', 'ENSMUST00000135446.7', 'ENSMUST00000140679.7', 'ENSMUST00000129909.7', 'ENSMUST00000125184.7', 'ENSMUST00000121623.7']",['protein_coding']
chr8_70895507_70895599_-,9,8594,chr8,70895507,70895599,-,GT-AG,GT,AG,annotated on 5',annotated on 3',-91,63,"['ENSMUST00000212019.1', 'ENSMUST00000212378.1', 'ENSMUST00000213053.1', 'ENSMUST00000212129.1', 'ENSMUST00000054220.9', 'ENSMUST00000212494.1', 'ENSMUST00000212709.1', 'ENSMUST00000184412.1']","['ENSMUST00000212019.1', 'ENSMUST00000212378.1', 'ENSMUST00000054220.9', 'ENSMUST00000184412.1', 'ENSMUST00000213053.1', 'ENSMUST00000212129.1', 'ENSMUST00000212709.1']",[],['ENSMUST00000212494.1'],"['retained_intron', 'nonsense_mediated_decay', 'protein_coding', 'miRNA']","['ENSMUSG00000045128.9', 'ENSMUSG00000098710.1']","['Rpl18a', 'Mir7067']","['ENSMUST00000212019.1', 'ENSMUST00000212378.1', 'ENSMUST00000054220.9', 'ENSMUST00000184412.1', 'ENSMUST00000213053.1', 'ENSMUST00000212129.1', 'ENSMUST00000212709.1']","['ENSMUST00000212019.1', 'ENSMUST00000212378.1', 'ENSMUST00000054220.9', 'ENSMUST00000212494.1', 'ENSMUST00000184412.1', 'ENSMUST00000213053.1', 'ENSMUST00000212129.1', 'ENSMUST00000212709.1']","['miRNA', 'protein_coding']"
chr8_123103954_123105043_+,10,6253,chr8,123103954,123105043,+,GT-AG,GT,AG,annotated on 5',annotated on 3',0,-68,"['ENSMUST00000184697.1', 'ENSMUST00000212887.1', 'ENSMUST00000000756.5']","['ENSMUST00000212887.1', 'ENSMUST00000000756.5']",[],['ENSMUST00000184697.1'],"['retained_intron', 'miRNA', 'protein_coding']","['ENSMUSG00000098550.1', 'ENSMUSG00000000740.12']","['Mir7079', 'Rpl13']","['ENSMUST00000212887.1', 'ENSMUST00000000756.5']","['ENSMUST00000184697.1', 'ENSMUST00000212887.1', 'ENSMUST00000000756.5']","['miRNA', 'protein_coding']"
chr9_44410052_44410145_+,8,547,chr9,44410052,44410145,+,GT-AG,GT,AG,annotated on 5',annotated on 3',0,80,"['ENSMUST00000215402.1', 'ENSMUST00000214370.1', 'ENSMUST00000216076.1', 'ENSMUST00000216134.1', 'ENSMUST00000053286.8', 'ENSMUST00000080300.8', 'ENSMUST00000215610.1']","['ENSMUST00000080300.8', 'ENSMUST00000216076.1', 'ENSMUST00000215610.1']",[],"['ENSMUST00000053286.8', 'ENSMUST00000214370.1', 'ENSMUST00000216134.1', 'ENSMUST00000215402.1']","['retained_intron', 'protein_coding']","['ENSMUSG00000009927.9', 'ENSMUSG00000043923.8']","['Rps25', 'Ccdc84']","['ENSMUST00000080300.8', 'ENSMUST00000216076.1', 'ENSMUST00000215610.1']","['ENSMUST00000215402.1', 'ENSMUST00000053286.8', 'ENSMUST00000216076.1', 'ENSMUST00000216134.1', 'ENSMUST00000215610.1', 'ENSMUST00000214370.1', 'ENSMUST00000080300.8']",['protein_coding']
chr9_64725582_64726623_-,8,492,chr9,64725582,64726623,-,GT-AG,GT,AG,annotated on 5',annotated on 3',68,0,"['ENSMUST00000166857.1', 'ENSMUST00000169058.7', 'ENSMUST00000165083.1', 'ENSMUST00000167569.7', 'ENSMUST00000197528.1', 'ENSMUST00000172298.7', 'ENSMUST00000171100.1', 'ENSMUST00000004892.6', 'ENSMUST00000168366.1']","['ENSMUST00000172298.7', 'ENSMUST00000171100.1', 'ENSMUST00000169058.7', 'ENSMUST00000168366.1']","['ENSMUST00000197528.1', 'ENSMUST00000004892.6', 'ENSMUST00000165083.1']","['ENSMUST00000166857.1', 'ENSMUST00000167569.7']","['miRNA', 'protein_coding', 'processed_transcript']","['ENSMUSG00000104953.1', 'ENSMUSG00000004771.12']","['Gm47308', 'Rab11a']","['ENSMUST00000169058.7', 'ENSMUST00000165083.1', 'ENSMUST00000197528.1', 'ENSMUST00000172298.7', 'ENSMUST00000171100.1', 'ENSMUST00000004892.6', 'ENSMUST00000168366.1']","['ENSMUST00000166857.1', 'ENSMUST00000169058.7', 'ENSMUST00000172298.7', 'ENSMUST00000171100.1', 'ENSMUST00000167569.7', 'ENSMUST00000168366.1']","['miRNA', 'protein_coding']"
chr9_64726817_64728233_-,6,726,chr9,64726817,64728233,-,GT-AG,GT,AG,annotated on 5',annotated on 3',1,0,"['ENSMUST00000169058.7', 'ENSMUST00000165083.1', 'ENSMUST00000197528.1', 'ENSMUST00000172298.7', 'ENSMUST00000171100.1', 'ENSMUST00000004892.6']","['ENSMUST00000172298.7', 'ENSMUST00000004892.6', 'ENSMUST00000169058.7', 'ENSMUST00000165083.1']",[],"['ENSMUST00000197528.1', 'ENSMUST00000171100.1']","['miRNA', 'protein_coding', 'processed_transcript']","['ENSMUSG00000104953.1', 'ENSMUSG00000004771.12']","['Gm47308', 'Rab11a']","['ENSMUST00000172298.7', 'ENSMUST00000004892.6', 'ENSMUST00000169058.7', 'ENSMUST00000165083.1']","['ENSMUST00000169058.7', 'ENSMUST00000165083.1', 'ENSMUST00000197528.1', 'ENSMUST00000172298.7', 'ENSMUST00000171100.1', 'ENSMUST00000004892.6']","['miRNA', 'protein_coding']"
chr9_103209078_103210494_-,5,1280,chr9,103209078,103210494,-,GT-AG,GT,AG,annotated on 5',annotated on 3',74,0,"['ENSMUST00000112645.7', 'ENSMUST00000166836.1', 'ENSMUST00000168142.7', 'ENSMUST00000190051.1', 'ENSMUST00000035158.15']","['ENSMUST00000112645.7', 'ENSMUST00000190051.1', 'ENSMUST00000035158.15']","['ENSMUST00000166836.1', 'ENSMUST00000168142.7']",[],"['retained_intron', 'protein_coding']","['ENSMUSG00000032554.15', 'ENSMUSG00000090639.1']","['Trf', 'Gm20425']","['ENSMUST00000112645.7', 'ENSMUST00000166836.1', 'ENSMUST00000168142.7', 'ENSMUST00000190051.1', 'ENSMUST00000035158.15']","['ENSMUST00000112645.7', 'ENSMUST00000190051.1', 'ENSMUST00000035158.15']",['protein_coding']
chr9_103217533_103219222_-,5,2726,chr9,103217533,103219222,-,GT-AG,GT,AG,annotated on 5',annotated on 3',1,0,"['ENSMUST00000112645.7', 'ENSMUST00000166836.1', 'ENSMUST00000168142.7', 'ENSMUST00000164377.1', 'ENSMUST00000170904.1', 'ENSMUST00000035158.15']","['ENSMUST00000164377.1', 'ENSMUST00000112645.7', 'ENSMUST00000166836.1', 'ENSMUST00000168142.7', 'ENSMUST00000035158.15']",[],['ENSMUST00000170904.1'],"['nonsense_mediated_decay', 'protein_coding']","['ENSMUSG00000032554.15', 'ENSMUSG00000090639.1']","['Trf', 'Gm20425']","['ENSMUST00000164377.1', 'ENSMUST00000112645.7', 'ENSMUST00000166836.1', 'ENSMUST00000168142.7', 'ENSMUST00000035158.15']","['ENSMUST00000164377.1', 'ENSMUST00000170904.1', 'ENSMUST00000112645.7', 'ENSMUST00000166836.1', 'ENSMUST00000168142.7', 'ENSMUST00000035158.15']",['protein_coding']
chr9_103219255_103219801_-,5,3215,chr9,103219255,103219801,-,GT-AG,GT,AG,annotated on 5',annotated on 3',1,0,"['ENSMUST00000112645.7', 'ENSMUST00000166836.1', 'ENSMUST00000168142.7', 'ENSMUST00000164377.1', 'ENSMUST00000170904.1', 'ENSMUST00000035158.15']","['ENSMUST00000164377.1', 'ENSMUST00000112645.7', 'ENSMUST00000166836.1', 'ENSMUST00000168142.7', 'ENSMUST00000035158.15']",['ENSMUST00000170904.1'],[],"['nonsense_mediated_decay', 'protein_coding']","['ENSMUSG00000032554.15', 'ENSMUSG00000090639.1']","['Trf', 'Gm20425']","['ENSMUST00000164377.1', 'ENSMUST00000170904.1', 'ENSMUST00000112645.7', 'ENSMUST00000166836.1', 'ENSMUST00000168142.7', 'ENSMUST00000035158.15']","['ENSMUST00000164377.1', 'ENSMUST00000112645.7', 'ENSMUST00000166836.1', 'ENSMUST00000168142.7', 'ENSMUST00000035158.15']",['protein_coding']
chr9_103223113_103223583_-,5,2792,chr9,103223113,103223583,-,GT-AG,GT,AG,annotated on 5',annotated on 3',1,0,"['ENSMUST00000112645.7', 'ENSMUST00000166836.1', 'ENSMUST00000035158.15', 'ENSMUST00000126359.1']","['ENSMUST00000112645.7', 'ENSMUST00000166836.1', 'ENSMUST00000035158.15', 'ENSMUST00000126359.1']",[],[],['protein_coding'],"['ENSMUSG00000032554.15', 'ENSMUSG00000090639.1']","['Trf', 'Gm20425']","['ENSMUST00000112645.7', 'ENSMUST00000166836.1', 'ENSMUST00000035158.15', 'ENSMUST00000126359.1']","['ENSMUST00000112645.7', 'ENSMUST00000166836.1', 'ENSMUST00000035158.15', 'ENSMUST00000126359.1']",['protein_coding']
chr9_103223639_103225042_-,5,2469,chr9,103223639,103225042,-,GT-AG,GT,AG,annotated on 5',annotated on 3',1,0,"['ENSMUST00000112645.7', 'ENSMUST00000166836.1', 'ENSMUST00000035158.15', 'ENSMUST00000126359.1']","['ENSMUST00000112645.7', 'ENSMUST00000166836.1', 'ENSMUST00000035158.15', 'ENSMUST00000126359.1']",[],[],['protein_coding'],"['ENSMUSG00000032554.15', 'ENSMUSG00000090639.1']","['Trf', 'Gm20425']","['ENSMUST00000112645.7', 'ENSMUST00000166836.1', 'ENSMUST00000035158.15', 'ENSMUST00000126359.1']","['ENSMUST00000112645.7', 'ENSMUST00000166836.1', 'ENSMUST00000035158.15', 'ENSMUST00000126359.1']",['protein_coding']
chr9_103225175_103225960_-,5,2527,chr9,103225175,103225960,-,GT-AG,GT,AG,annotated on 5',annotated on 3',1,0,"['ENSMUST00000112645.7', 'ENSMUST00000166836.1', 'ENSMUST00000035158.15', 'ENSMUST00000126359.1']","['ENSMUST00000112645.7', 'ENSMUST00000166836.1', 'ENSMUST00000035158.15', 'ENSMUST00000126359.1']",[],[],['protein_coding'],"['ENSMUSG00000032554.15', 'ENSMUSG00000090639.1']","['Trf', 'Gm20425']","['ENSMUST00000112645.7', 'ENSMUST00000166836.1', 'ENSMUST00000035158.15', 'ENSMUST00000126359.1']","['ENSMUST00000112645.7', 'ENSMUST00000166836.1', 'ENSMUST00000035158.15', 'ENSMUST00000126359.1']",['protein_coding']
chr9_103226137_103226837_-,5,2193,chr9,103226137,103226837,-,GT-AG,GT,AG,annotated on 5',annotated on 3',1,0,"['ENSMUST00000112645.7', 'ENSMUST00000166836.1', 'ENSMUST00000165296.7', 'ENSMUST00000126359.1', 'ENSMUST00000035158.15']","['ENSMUST00000126359.1', 'ENSMUST00000112645.7', 'ENSMUST00000166836.1', 'ENSMUST00000165296.7', 'ENSMUST00000035158.15']",[],[],['protein_coding'],"['ENSMUSG00000032554.15', 'ENSMUSG00000090639.1']","['Trf', 'Gm20425']","['ENSMUST00000126359.1', 'ENSMUST00000112645.7', 'ENSMUST00000166836.1', 'ENSMUST00000165296.7', 'ENSMUST00000035158.15']","['ENSMUST00000126359.1', 'ENSMUST00000112645.7', 'ENSMUST00000166836.1', 'ENSMUST00000165296.7', 'ENSMUST00000035158.15']",['protein_coding']
chr9_103226946_103227895_-,5,1204,chr9,103226946,103227895,-,GT-AG,GT,AG,annotated on 5',annotated on 3',1,0,"['ENSMUST00000112645.7', 'ENSMUST00000166836.1', 'ENSMUST00000165296.7', 'ENSMUST00000164377.1', 'ENSMUST00000126359.1', 'ENSMUST00000035158.15']","['ENSMUST00000126359.1', 'ENSMUST00000112645.7', 'ENSMUST00000166836.1', 'ENSMUST00000165296.7', 'ENSMUST00000035158.15']",['ENSMUST00000164377.1'],[],"['nonsense_mediated_decay', 'protein_coding']","['ENSMUSG00000032554.15', 'ENSMUSG00000090639.1']","['Trf', 'Gm20425']","['ENSMUST00000164377.1', 'ENSMUST00000126359.1', 'ENSMUST00000112645.7', 'ENSMUST00000166836.1', 'ENSMUST00000165296.7', 'ENSMUST00000035158.15']","['ENSMUST00000126359.1', 'ENSMUST00000112645.7', 'ENSMUST00000166836.1', 'ENSMUST00000165296.7', 'ENSMUST00000035158.15']",['protein_coding']
chr9_103228068_103230173_-,5,1489,chr9,103228068,103230173,-,GT-AG,GT,AG,annotated on 5',annotated on 3',1,0,"['ENSMUST00000112645.7', 'ENSMUST00000166836.1', 'ENSMUST00000165296.7', 'ENSMUST00000164377.1', 'ENSMUST00000126359.1', 'ENSMUST00000035158.15']","['ENSMUST00000164377.1', 'ENSMUST00000112645.7', 'ENSMUST00000166836.1', 'ENSMUST00000165296.7', 'ENSMUST00000035158.15']",[],['ENSMUST00000126359.1'],"['nonsense_mediated_decay', 'protein_coding']","['ENSMUSG00000032554.15', 'ENSMUSG00000090639.1']","['Trf', 'Gm20425']","['ENSMUST00000164377.1', 'ENSMUST00000112645.7', 'ENSMUST00000166836.1', 'ENSMUST00000165296.7', 'ENSMUST00000035158.15']","['ENSMUST00000164377.1', 'ENSMUST00000126359.1', 'ENSMUST00000112645.7', 'ENSMUST00000166836.1', 'ENSMUST00000165296.7', 'ENSMUST00000035158.15']",['protein_coding']
chr15_98951691_98953450_-,5,465,chr15,98951691,98953450,-,GT-AG,GT,AG,annotated on 5',annotated on 3',1,0,"['ENSMUST00000097014.6', 'ENSMUST00000134214.2']","['ENSMUST00000097014.6', 'ENSMUST00000134214.2']",[],[],['protein_coding'],"['ENSMUSG00000072235.6', 'ENSMUSG00000116358.1']","['Tuba1a', 'Gm49450']","['ENSMUST00000097014.6', 'ENSMUST00000134214.2']","['ENSMUST00000097014.6', 'ENSMUST00000134214.2']",['protein_coding']
chr16_91388116_91391720_+,7,655,chr16,91388116,91391720,+,GT-AG,GT,AG,annotated on 5',annotated on 3',0,1,"['ENSMUST00000134491.8', 'ENSMUST00000160764.1', 'ENSMUST00000161517.7', 'ENSMUST00000117836.7', 'ENSMUST00000089042.6', 'ENSMUST00000023693.13', 'ENSMUST00000139503.1']","['ENSMUST00000139503.1', 'ENSMUST00000134491.8', 'ENSMUST00000117836.7', 'ENSMUST00000089042.6', 'ENSMUST00000023693.13']",[],"['ENSMUST00000160764.1', 'ENSMUST00000161517.7']","['nonsense_mediated_decay', 'protein_coding']","['ENSMUSG00000022971.18', 'ENSMUSG00000093701.7']","['Ifnar2', 'Gm21970']","['ENSMUST00000139503.1', 'ENSMUST00000134491.8', 'ENSMUST00000117836.7', 'ENSMUST00000089042.6', 'ENSMUST00000023693.13']","['ENSMUST00000139503.1', 'ENSMUST00000134491.8', 'ENSMUST00000160764.1', 'ENSMUST00000161517.7', 'ENSMUST00000117836.7', 'ENSMUST00000089042.6', 'ENSMUST00000023693.13']",['protein_coding']
chr16_91391878_91393756_+,6,658,chr16,91391878,91393756,+,GT-AG,GT,AG,annotated on 5',annotated on 3',0,1,"['ENSMUST00000134491.8', 'ENSMUST00000160764.1', 'ENSMUST00000161517.7', 'ENSMUST00000117836.7', 'ENSMUST00000089042.6', 'ENSMUST00000023693.13']","['ENSMUST00000023693.13', 'ENSMUST00000134491.8', 'ENSMUST00000160764.1', 'ENSMUST00000117836.7', 'ENSMUST00000089042.6', 'ENSMUST00000161517.7']",[],[],"['nonsense_mediated_decay', 'protein_coding']","['ENSMUSG00000022971.18', 'ENSMUSG00000093701.7']","['Ifnar2', 'Gm21970']","['ENSMUST00000023693.13', 'ENSMUST00000134491.8', 'ENSMUST00000160764.1', 'ENSMUST00000117836.7', 'ENSMUST00000089042.6', 'ENSMUST00000161517.7']","['ENSMUST00000023693.13', 'ENSMUST00000134491.8', 'ENSMUST00000160764.1', 'ENSMUST00000117836.7', 'ENSMUST00000089042.6', 'ENSMUST00000161517.7']",['protein_coding']
chr15_100645539_100649079_-,5,945,chr15,100645539,100649079,-,GT-AG,GT,AG,annotated on 5',annotated on 3',84,0,"['ENSMUST00000182574.1', 'ENSMUST00000182814.7', 'ENSMUST00000182068.7', 'ENSMUST00000182775.7', 'ENSMUST00000183193.1', 'ENSMUST00000183874.1', 'ENSMUST00000183211.7', 'ENSMUST00000182494.1']","['ENSMUST00000182814.7', 'ENSMUST00000182775.7', 'ENSMUST00000183211.7', 'ENSMUST00000182494.1', 'ENSMUST00000182068.7', 'ENSMUST00000182574.1']","['ENSMUST00000183874.1', 'ENSMUST00000183193.1']",[],"['retained_intron', 'miRNA', 'protein_coding', 'processed_transcript']","['ENSMUSG00000098527.1', 'ENSMUSG00000098112.7']","['Mir6961', 'Bin2']","['ENSMUST00000182814.7', 'ENSMUST00000182775.7', 'ENSMUST00000183874.1', 'ENSMUST00000183211.7', 'ENSMUST00000182494.1', 'ENSMUST00000182068.7', 'ENSMUST00000182574.1', 'ENSMUST00000183193.1']","['ENSMUST00000182814.7', 'ENSMUST00000182775.7', 'ENSMUST00000183211.7', 'ENSMUST00000182494.1', 'ENSMUST00000182068.7', 'ENSMUST00000182574.1']","['miRNA', 'protein_coding']"
chr15_100649162_100650199_-,5,971,chr15,100649162,100650199,-,GT-AG,GT,AG,annotated on 5',annotated on 3',1,67,"['ENSMUST00000182574.1', 'ENSMUST00000182814.7', 'ENSMUST00000183193.1', 'ENSMUST00000182775.7', 'ENSMUST00000182068.7', 'ENSMUST00000183874.1', 'ENSMUST00000183211.7', 'ENSMUST00000182494.1']","['ENSMUST00000182814.7', 'ENSMUST00000182775.7', 'ENSMUST00000183211.7', 'ENSMUST00000182494.1', 'ENSMUST00000183193.1']",[],"['ENSMUST00000183874.1', 'ENSMUST00000182068.7', 'ENSMUST00000182574.1']","['retained_intron', 'miRNA', 'protein_coding', 'processed_transcript']","['ENSMUSG00000098527.1', 'ENSMUSG00000098112.7']","['Mir6961', 'Bin2']","['ENSMUST00000182814.7', 'ENSMUST00000182775.7', 'ENSMUST00000183211.7', 'ENSMUST00000182494.1', 'ENSMUST00000183193.1']","['ENSMUST00000182814.7', 'ENSMUST00000182775.7', 'ENSMUST00000183874.1', 'ENSMUST00000183211.7', 'ENSMUST00000182494.1', 'ENSMUST00000182068.7', 'ENSMUST00000182574.1', 'ENSMUST00000183193.1']","['miRNA', 'protein_coding']"
chr17_34198545_34199232_+,5,704,chr17,34198545,34199232,+,GT-AG,GT,AG,annotated on 5',annotated on 3',0,84,"['ENSMUST00000025196.8', 'ENSMUST00000173770.2', 'ENSMUST00000173441.7']","['ENSMUST00000025196.8', 'ENSMUST00000173441.7']",[],['ENSMUST00000173770.2'],"['protein_coding', 'antisense']","['ENSMUSG00000024338.14', 'ENSMUSG00000092550.2']","['Psmb8', 'Gm20496']","['ENSMUST00000025196.8', 'ENSMUST00000173441.7']","['ENSMUST00000025196.8', 'ENSMUST00000173770.2', 'ENSMUST00000173441.7']","['protein_coding', 'antisense']"
chr17_34200270_34200710_+,5,1437,chr17,34200270,34200710,+,GT-AG,GT,AG,annotated on 5',annotated on 3',-13,1,"['ENSMUST00000025196.8', 'ENSMUST00000172796.1', 'ENSMUST00000173770.2', 'ENSMUST00000173441.7']","['ENSMUST00000025196.8', 'ENSMUST00000173441.7']","['ENSMUST00000172796.1', 'ENSMUST00000173770.2']",[],"['protein_coding', 'antisense']","['ENSMUSG00000024338.14', 'ENSMUSG00000092550.2']","['Psmb8', 'Gm20496']","['ENSMUST00000025196.8', 'ENSMUST00000172796.1', 'ENSMUST00000173770.2', 'ENSMUST00000173441.7']","['ENSMUST00000025196.8', 'ENSMUST00000173441.7']","['protein_coding', 'antisense']"
chr19_10204264_10206423_+,5,341,chr19,10204264,10206423,+,GT-AG,GT,AG,annotated on 5',annotated on 3',0,1,"['ENSMUST00000156291.1', 'ENSMUST00000127878.1', 'ENSMUST00000040372.13', 'ENSMUST00000153854.7', 'ENSMUST00000166412.1']","['ENSMUST00000127878.1', 'ENSMUST00000040372.13', 'ENSMUST00000153854.7']",['ENSMUST00000156291.1'],['ENSMUST00000166412.1'],"['retained_intron', 'protein_coding', 'processed_transcript']","['ENSMUSG00000024742.15', 'ENSMUSG00000036372.14']","['Fen1', 'Tmem258']","['ENSMUST00000127878.1', 'ENSMUST00000040372.13', 'ENSMUST00000153854.7', 'ENSMUST00000156291.1']","['ENSMUST00000127878.1', 'ENSMUST00000040372.13', 'ENSMUST00000153854.7', 'ENSMUST00000166412.1']",['protein_coding']
chr6_126822189_126824935_-,5,612,chr6,126822189,126824935,-,GT-AG,GT,AG,annotated on 5',annotated on 3',-38,0,"['ENSMUST00000201350.1', 'ENSMUST00000205002.2', 'ENSMUST00000088194.6']","['ENSMUST00000205002.2', 'ENSMUST00000088194.6']",['ENSMUST00000201350.1'],[],"['protein_coding', 'antisense']","['ENSMUSG00000107368.1', 'ENSMUSG00000000399.10']","['1700018A23Rik', 'Ndufa9']","['ENSMUST00000201350.1', 'ENSMUST00000205002.2', 'ENSMUST00000088194.6']","['ENSMUST00000205002.2', 'ENSMUST00000088194.6']","['protein_coding', 'antisense']"
