gene_id	junction_id	chromosome	donor_site	acceptor_site	strand	read_count
ENSMUSG00000043716.13	chr1_16101359_16101726_-	chr1	16101726	16101359	-	752
ENSMUSG00000043716.13	chr1_16101936_16102489_-	chr1	16102489	16101936	-	1331
ENSMUSG00000043716.13	chr1_16102599_16102691_-	chr1	16102691	16102599	-	1382
ENSMUSG00000043716.13	chr1_16102829_16103167_-	chr1	16103167	16102829	-	1101
ENSMUSG00000043716.13	chr1_16103334_16103509_-	chr1	16103509	16103334	-	880
ENSMUSG00000043716.13	chr1_16103684_16104364_-	chr1	16104364	16103684	-	798
ENSMUSG00000061518.11	chr1_36692284_36692450_+	chr1	36692284	36692450	+	277
ENSMUSG00000061518.11	chr1_36692550_36693196_+	chr1	36692550	36693196	+	266
ENSMUSG00000026087.11	chr1_37894015_37895329_+	chr1	37894015	37895329	+	640
ENSMUSG00000026087.11	chr1_37895410_37897687_+	chr1	37895410	37897687	+	569
ENSMUSG00000026087.11	chr1_37897834_37898060_+	chr1	37897834	37898060	+	450
ENSMUSG00000058407.12	chr1_37994110_37995632_-	chr1	37995632	37994110	-	414
ENSMUSG00000073702.11	chr1_39367934_39368148_+	chr1	39367934	39368148	+	838
ENSMUSG00000073702.11	chr1_39368255_39370013_+	chr1	39368255	39370013	+	819
ENSMUSG00000073702.11	chr1_39370139_39370953_+	chr1	39370139	39370953	+	961
ENSMUSG00000073702.11	chr1_39371066_39371301_+	chr1	39371066	39371301	+	693
ENSMUSG00000026029.14	chr1_58824247_58827206_+	chr1	58824247	58827206	+	206
ENSMUSG00000026029.14	chr1_58844845_58846621_+	chr1	58844845	58846621	+	276
ENSMUSG00000026021.15	chr1_59655532_59670679_-	chr1	59670679	59655532	-	205
ENSMUSG00000025967.16	chr1_63177291_63177753_+	chr1	63177291	63177753	+	572
ENSMUSG00000025967.16	chr1_63177876_63178438_+	chr1	63177876	63178438	+	693
ENSMUSG00000025967.16	chr1_63178565_63178831_+	chr1	63178565	63178831	+	876
ENSMUSG00000025967.16	chr1_63178898_63179247_+	chr1	63178898	63179247	+	739
ENSMUSG00000025967.16	chr1_63179373_63179457_+	chr1	63179373	63179457	+	790
ENSMUSG00000046330.10	chr1_72711323_72711671_+	chr1	72711323	72711671	+	2962
ENSMUSG00000046330.10	chr1_72711800_72712141_+	chr1	72711800	72712141	+	1964
ENSMUSG00000046330.10	chr1_72712224_72713501_+	chr1	72712224	72713501	+	2895
ENSMUSG00000006304.14	chr1_74236610_74236817_+	chr1	74236610	74236817	+	277
ENSMUSG00000006304.14	chr1_74236899_74246079_+	chr1	74236899	74246079	+	305
ENSMUSG00000006304.14	chr1_74246114_74248131_+	chr1	74246114	74248131	+	329
ENSMUSG00000006304.14	chr1_74248244_74251253_+	chr1	74248244	74251253	+	606
ENSMUSG00000006304.14	chr1_74251299_74254827_+	chr1	74251299	74254827	+	906
ENSMUSG00000006304.14	chr1_74255014_74255957_+	chr1	74255014	74255957	+	1013
ENSMUSG00000006304.14	chr1_74256051_74262458_+	chr1	74256051	74262458	+	860
ENSMUSG00000006304.14	chr1_74262585_74263742_+	chr1	74262585	74263742	+	1225
ENSMUSG00000006304.14	chr1_74263843_74264352_+	chr1	74263843	74264352	+	1152
ENSMUSG00000006304.14	chr1_74264453_74267770_+	chr1	74264453	74267770	+	801
ENSMUSG00000026223.15	chr1_85894789_85903009_+	chr1	85894789	85903009	+	333
ENSMUSG00000026223.15	chr1_85903150_85905213_+	chr1	85903150	85905213	+	979
ENSMUSG00000026223.15	chr1_85905402_85906421_+	chr1	85905402	85906421	+	1174
ENSMUSG00000026223.15	chr1_85906532_85907007_+	chr1	85906532	85907007	+	1186
ENSMUSG00000026223.15	chr1_85907158_85907546_+	chr1	85907158	85907546	+	933
ENSMUSG00000026234.12	chr1_86357452_86358106_-	chr1	86358106	86357452	-	286
ENSMUSG00000026238.14	chr1_86526950_86529172_+	chr1	86526950	86529172	+	816
ENSMUSG00000026238.14	chr1_86529244_86529455_+	chr1	86529244	86529455	+	1161
ENSMUSG00000026238.14	chr1_86529552_86529730_+	chr1	86529552	86529730	+	1242
ENSMUSG00000026238.14	chr1_86529804_86529964_+	chr1	86529804	86529964	+	1231
ENSMUSG00000090553.8	chr1_133604076_133606500_-	chr1	133606500	133604076	-	361
ENSMUSG00000090553.8	chr1_133606579_133608896_-	chr1	133608896	133606579	-	216
ENSMUSG00000090553.8	chr1_133608959_133609717_-	chr1	133609717	133608959	-	246
ENSMUSG00000090553.8	chr1_133609744_133610163_-	chr1	133610163	133609744	-	349
ENSMUSG00000020423.6	chr1_134077703_134078911_-	chr1	134078911	134077703	-	1031
ENSMUSG00000026457.14	chr1_134426095_134428081_+	chr1	134426095	134428081	+	369
ENSMUSG00000026457.14	chr1_134428269_134431056_+	chr1	134428269	134431056	+	262
ENSMUSG00000026457.14	chr1_134431250_134431529_+	chr1	134431250	134431529	+	247
ENSMUSG00000008475.13	chr1_152768933_152771363_+	chr1	152768933	152771363	+	293
ENSMUSG00000008475.13	chr1_152771540_152774259_+	chr1	152771540	152774259	+	385
ENSMUSG00000053332.13	chr1_161036014_161036207_+	chr1	161036014	161036207	+	306
ENSMUSG00000053332.13	chr1_161036579_161036819_+	chr1	161036579	161036819	+	301
ENSMUSG00000053332.13	chr1_161038272_161038456_+	chr1	161038272	161038456	+	433
ENSMUSG00000026568.6	chr1_165461511_165474953_+	chr1	165461511	165474953	+	281
ENSMUSG00000026568.6	chr1_165474994_165478220_+	chr1	165474994	165478220	+	367
ENSMUSG00000026568.6	chr1_165478305_165479466_+	chr1	165478305	165479466	+	346
ENSMUSG00000026568.6	chr1_165479578_165480902_+	chr1	165479578	165480902	+	335
ENSMUSG00000026547.15	chr1_172505327_172505760_+	chr1	172505327	172505760	+	406
ENSMUSG00000026547.15	chr1_172505935_172506185_+	chr1	172505935	172506185	+	771
ENSMUSG00000026547.15	chr1_172506288_172506566_+	chr1	172506288	172506566	+	627
ENSMUSG00000026547.15	chr1_172500332_172505119_+	chr1	172500332	172505119	+	394
ENSMUSG00000060743.12	chr1_180803205_180810116_-	chr1	180810116	180803205	-	1053
ENSMUSG00000060743.12	chr1_180810270_180811798_-	chr1	180811798	180810270	-	969
ENSMUSG00000060743.12	chr1_180811949_180813470_-	chr1	180813470	180811949	-	569
ENSMUSG00000061983.7	chr10_23785273_23785575_-	chr10	23785575	23785273	-	1417
ENSMUSG00000061983.7	chr10_23785677_23785901_-	chr10	23785901	23785677	-	1137
ENSMUSG00000061983.7	chr10_23786004_23786763_-	chr10	23786763	23786004	-	1239
ENSMUSG00000061983.7	chr10_23786880_23786993_-	chr10	23786993	23786880	-	812
ENSMUSG00000061983.7	chr10_23787044_23787155_-	chr10	23787155	23787044	-	792
ENSMUSG00000019804.12	chr10_42502492_42525953_+	chr10	42502492	42525953	+	255
ENSMUSG00000019804.12	chr10_42526049_42533148_+	chr10	42526049	42533148	+	346
ENSMUSG00000019804.12	chr10_42533273_42534652_+	chr10	42533273	42534652	+	334
ENSMUSG00000004207.14	chr10_60277782_60291638_+	chr10	60277782	60291638	+	1982
ENSMUSG00000004207.14	chr10_60291772_60292504_+	chr10	60291772	60292504	+	2701
ENSMUSG00000004207.14	chr10_60292579_60293348_+	chr10	60292579	60293348	+	2155
ENSMUSG00000004207.14	chr10_60293474_60294532_+	chr10	60293474	60294532	+	2875
ENSMUSG00000004207.14	chr10_60294730_60294964_+	chr10	60294730	60294964	+	3765
ENSMUSG00000004207.14	chr10_60295108_60295945_+	chr10	60295108	60295945	+	3406
ENSMUSG00000004207.14	chr10_60296002_60299097_+	chr10	60296002	60299097	+	3779
ENSMUSG00000004207.14	chr10_60299229_60299463_+	chr10	60299229	60299463	+	3233
ENSMUSG00000004207.14	chr10_60299559_60299778_+	chr10	60299559	60299778	+	3375
ENSMUSG00000004207.14	chr10_60300058_60300147_+	chr10	60300058	60300147	+	4003
ENSMUSG00000004207.14	chr10_60300305_60300537_+	chr10	60300305	60300537	+	3169
ENSMUSG00000004207.14	chr10_60300618_60300773_+	chr10	60300618	60300773	+	3847
ENSMUSG00000004207.14	chr10_60300881_60301693_+	chr10	60300881	60301693	+	3689
ENSMUSG00000033307.7	chr10_75859543_75859686_-	chr10	75859686	75859543	-	790
ENSMUSG00000033307.7	chr10_75859859_75860060_-	chr10	75860060	75859859	-	805
ENSMUSG00000009291.13	chr10_77587303_77589633_+	chr10	77587303	77589633	+	571
ENSMUSG00000009291.13	chr10_77589742_77592845_+	chr10	77589742	77592845	+	497
ENSMUSG00000009291.13	chr10_77593017_77593863_+	chr10	77593017	77593863	+	513
ENSMUSG00000009291.13	chr10_77593910_77597027_+	chr10	77593910	77597027	+	701
ENSMUSG00000023175.15	chr10_79704584_79709670_+	chr10	79704584	79709670	+	628
ENSMUSG00000023175.15	chr10_79709827_79710057_+	chr10	79709827	79710057	+	1238
ENSMUSG00000023175.15	chr10_79710140_79710259_+	chr10	79710140	79710259	+	1277
ENSMUSG00000023175.15	chr10_79710402_79710637_+	chr10	79710402	79710637	+	1354
ENSMUSG00000023175.15	chr10_79710920_79711255_+	chr10	79710920	79711255	+	1408
ENSMUSG00000023175.15	chr10_79711280_79711493_+	chr10	79711280	79711493	+	1304
ENSMUSG00000075706.10	chr10_80053715_80054513_+	chr10	80053715	80054513	+	1451
ENSMUSG00000075706.10	chr10_80054608_80054699_+	chr10	80054608	80054699	+	1348
ENSMUSG00000075706.10	chr10_80054844_80054967_+	chr10	80054844	80054967	+	1367
ENSMUSG00000075706.10	chr10_80055119_80055922_+	chr10	80055119	80055922	+	1167
ENSMUSG00000075706.10	chr10_80055947_80056039_+	chr10	80055947	80056039	+	1324
ENSMUSG00000075706.10	chr10_80056099_80056185_+	chr10	80056099	80056185	+	1928
ENSMUSG00000020153.14	chr10_80249491_80252396_+	chr10	80249491	80252396	+	508
ENSMUSG00000020153.14	chr10_80252433_80253073_+	chr10	80252433	80253073	+	720
ENSMUSG00000020153.14	chr10_80253157_80253659_+	chr10	80253157	80253659	+	783
ENSMUSG00000020153.14	chr10_80253783_80254839_+	chr10	80253783	80254839	+	702
ENSMUSG00000020153.14	chr10_80255019_80255089_+	chr10	80255019	80255089	+	710
ENSMUSG00000020153.14	chr10_80255136_80255923_+	chr10	80255136	80255923	+	671
ENSMUSG00000020153.14	chr10_80256012_80256635_+	chr10	80256012	80256635	+	441
ENSMUSG00000063457.14	chr10_80292483_80292774_+	chr10	80292483	80292774	+	704
ENSMUSG00000063457.14	chr10_80292860_80293641_+	chr10	80292860	80293641	+	930
ENSMUSG00000063457.14	chr10_80293876_80293966_+	chr10	80293876	80293966	+	1112
ENSMUSG00000020163.12	chr10_80403155_80404135_-	chr10	80404135	80403155	-	425
ENSMUSG00000020163.12	chr10_80404286_80406695_-	chr10	80406695	80404286	-	473
ENSMUSG00000035242.15	chr10_80826905_80828236_+	chr10	80826905	80828236	+	2165
ENSMUSG00000035242.15	chr10_80828382_80828460_+	chr10	80828382	80828460	+	3738
ENSMUSG00000034994.10	chr10_81180077_81180152_+	chr10	81180077	81180152	+	365
ENSMUSG00000034994.10	chr10_81180411_81180564_+	chr10	81180411	81180564	+	379
ENSMUSG00000034994.10	chr10_81180672_81180803_+	chr10	81180672	81180803	+	418
ENSMUSG00000034994.10	chr10_81181157_81181227_+	chr10	81181157	81181227	+	465
ENSMUSG00000034994.10	chr10_81181410_81181492_+	chr10	81181410	81181492	+	606
ENSMUSG00000034994.10	chr10_81181625_81181888_+	chr10	81181625	81181888	+	390
ENSMUSG00000034994.10	chr10_81178892_81179080_+	chr10	81178892	81179080	+	263
ENSMUSG00000034994.10	chr10_81179259_81179345_+	chr10	81179259	81179345	+	212
ENSMUSG00000034994.10	chr10_81179451_81179543_+	chr10	81179451	81179543	+	200
ENSMUSG00000054452.10	chr10_81561316_81564094_+	chr10	81561316	81564094	+	396
ENSMUSG00000054452.10	chr10_81564158_81564672_+	chr10	81564158	81564672	+	367
ENSMUSG00000054452.10	chr10_81564717_81564847_+	chr10	81564717	81564847	+	329
ENSMUSG00000054452.10	chr10_81564910_81565291_+	chr10	81564910	81565291	+	343
ENSMUSG00000054452.10	chr10_81565366_81565471_+	chr10	81565366	81565471	+	319
ENSMUSG00000020048.13	chr10_86698438_86698583_-	chr10	86698583	86698438	-	347
ENSMUSG00000020048.13	chr10_86698695_86701696_-	chr10	86701696	86698695	-	369
ENSMUSG00000020048.13	chr10_86702028_86702908_-	chr10	86702908	86702028	-	488
ENSMUSG00000020048.13	chr10_86703025_86703459_-	chr10	86703459	86703025	-	354
ENSMUSG00000020048.13	chr10_86703601_86704293_-	chr10	86704293	86703601	-	404
ENSMUSG00000061904.12	chr10_91117124_91117212_-	chr10	91117212	91117124	-	779
ENSMUSG00000061904.12	chr10_91117323_91118043_-	chr10	91118043	91117323	-	904
ENSMUSG00000061904.12	chr10_91118216_91118698_-	chr10	91118698	91118216	-	860
ENSMUSG00000061904.12	chr10_91118880_91119526_-	chr10	91119526	91118880	-	891
ENSMUSG00000061904.12	chr10_91119706_91121921_-	chr10	91121921	91119706	-	1015
ENSMUSG00000061904.12	chr10_91122043_91123557_-	chr10	91123557	91122043	-	492
ENSMUSG00000061904.12	chr10_91123706_91123915_-	chr10	91123915	91123706	-	408
ENSMUSG00000052681.8	chr10_117815780_117817343_-	chr10	117817343	117815780	-	760
ENSMUSG00000052681.8	chr10_117817460_117818465_-	chr10	117818465	117817460	-	810
ENSMUSG00000052681.8	chr10_117820602_117821589_-	chr10	117821589	117820602	-	649
ENSMUSG00000052681.8	chr10_117821646_117822800_-	chr10	117822800	117821646	-	482
ENSMUSG00000006736.9	chr10_127068190_127068268_-	chr10	127068268	127068190	-	441
ENSMUSG00000006736.9	chr10_127068611_127068907_-	chr10	127068907	127068611	-	433
ENSMUSG00000006736.9	chr10_127068988_127069345_-	chr10	127069345	127068988	-	477
ENSMUSG00000025410.10	chr10_127266534_127267413_+	chr10	127266534	127267413	+	234
ENSMUSG00000025410.10	chr10_127274810_127274993_+	chr10	127274810	127274993	+	415
ENSMUSG00000025410.10	chr10_127275055_127275823_+	chr10	127275055	127275823	+	518
ENSMUSG00000025410.10	chr10_127275922_127276383_+	chr10	127275922	127276383	+	511
ENSMUSG00000025410.10	chr10_127276544_127276701_+	chr10	127276544	127276701	+	446
ENSMUSG00000025410.10	chr10_127277525_127277694_+	chr10	127277525	127277694	+	581
ENSMUSG00000025410.10	chr10_127277772_127277866_+	chr10	127277772	127277866	+	628
ENSMUSG00000061315.14	chr10_128035683_128036488_+	chr10	128035683	128036488	+	529
ENSMUSG00000061315.14	chr10_128036560_128046167_+	chr10	128036560	128046167	+	783
ENSMUSG00000061315.14	chr10_128046253_128046728_+	chr10	128046253	128046728	+	784
ENSMUSG00000061315.14	chr10_128046806_128047657_+	chr10	128046806	128047657	+	577
ENSMUSG00000061315.14	chr10_128047804_128047998_+	chr10	128047804	128047998	+	748
ENSMUSG00000061315.14	chr10_128048127_128048244_+	chr10	128048127	128048244	+	685
ENSMUSG00000061315.14	chr10_128048367_128048492_+	chr10	128048367	128048492	+	575
ENSMUSG00000025393.12	chr10_128083453_128083891_+	chr10	128083453	128083891	+	570
ENSMUSG00000025393.12	chr10_128084074_128084296_+	chr10	128084074	128084296	+	936
ENSMUSG00000025393.12	chr10_128084471_128085090_+	chr10	128084471	128085090	+	1112
ENSMUSG00000025393.12	chr10_128085212_128085441_+	chr10	128085212	128085441	+	1445
ENSMUSG00000025393.12	chr10_128085626_128086037_+	chr10	128085626	128086037	+	1714
ENSMUSG00000025393.12	chr10_128086196_128086297_+	chr10	128086196	128086297	+	1577
ENSMUSG00000025393.12	chr10_128086420_128088320_+	chr10	128086420	128088320	+	2008
ENSMUSG00000025393.12	chr10_128088533_128088956_+	chr10	128088533	128088956	+	1177
ENSMUSG00000025393.12	chr10_128089158_128090018_+	chr10	128089158	128090018	+	1143
ENSMUSG00000025381.3	chr10_128323442_128323583_+	chr10	128323442	128323583	+	298
ENSMUSG00000025381.3	chr10_128323699_128326063_+	chr10	128323699	128326063	+	322
ENSMUSG00000025381.3	chr10_128326267_128326576_+	chr10	128326267	128326576	+	242
ENSMUSG00000025381.3	chr10_128326673_128327017_+	chr10	128326673	128327017	+	515
ENSMUSG00000090841.2	chr10_128491033_128492058_-	chr10	128492058	128491033	-	1322
ENSMUSG00000090841.2	chr10_128492136_128492228_-	chr10	128492228	128492136	-	944
ENSMUSG00000090841.2	chr10_128492402_128492601_-	chr10	128492601	128492402	-	1383
ENSMUSG00000090841.2	chr10_128492745_128493538_-	chr10	128493538	128492745	-	1080
ENSMUSG00000090841.2	chr10_128493566_128493808_-	chr10	128493808	128493566	-	1084
ENSMUSG00000093674.7	chr10_128548429_128548657_-	chr10	128548657	128548429	-	1915
ENSMUSG00000093674.7	chr10_128548680_128548948_-	chr10	128548948	128548680	-	1370
ENSMUSG00000093674.7	chr10_128548973_128549087_-	chr10	128549087	128548973	-	971
ENSMUSG00000025362.6	chr10_128624636_128625206_-	chr10	128625206	128624636	-	842
ENSMUSG00000025362.6	chr10_128625337_128626062_-	chr10	128626062	128625337	-	693
ENSMUSG00000025362.6	chr10_128626240_128626475_-	chr10	128626475	128626240	-	819
ENSMUSG00000025351.14	chr10_128909958_128910394_+	chr10	128909958	128910394	+	742
ENSMUSG00000025351.14	chr10_128910471_128911451_+	chr10	128910471	128911451	+	563
ENSMUSG00000025351.14	chr10_128911640_128911794_+	chr10	128911640	128911794	+	911
ENSMUSG00000025351.14	chr10_128911869_128911967_+	chr10	128911869	128911967	+	816
ENSMUSG00000025351.14	chr10_128912063_128912160_+	chr10	128912063	128912160	+	1147
ENSMUSG00000025351.14	chr10_128912301_128912437_+	chr10	128912301	128912437	+	975
ENSMUSG00000025351.14	chr10_128912521_128912674_+	chr10	128912521	128912674	+	594
ENSMUSG00000020484.18	chr11_5521200_5521922_+	chr11	5521200	5521922	+	253
ENSMUSG00000020484.18	chr11_5523467_5524238_+	chr11	5523467	5524238	+	628
ENSMUSG00000020484.18	chr11_5524384_5524684_+	chr11	5524384	5524684	+	508
ENSMUSG00000071866.12	chr11_6415979_6418100_+	chr11	6415979	6418100	+	3186
ENSMUSG00000071866.12	chr11_6418131_6418225_+	chr11	6418131	6418225	+	3176
ENSMUSG00000071866.12	chr11_6418314_6419112_+	chr11	6418314	6419112	+	3779
ENSMUSG00000071866.12	chr11_6419285_6419477_+	chr11	6419285	6419477	+	3952
ENSMUSG00000078974.10	chr11_16501807_16504735_-	chr11	16504735	16501807	-	361
ENSMUSG00000078974.10	chr11_16506472_16508103_-	chr11	16508103	16506472	-	431
ENSMUSG00000020321.15	chr11_21557568_21558461_-	chr11	21558461	21557568	-	358
ENSMUSG00000020321.15	chr11_21558551_21559191_-	chr11	21559191	21558551	-	554
ENSMUSG00000020321.15	chr11_21559305_21559698_-	chr11	21559698	21559305	-	348
ENSMUSG00000020321.15	chr11_21559875_21562864_-	chr11	21562864	21559875	-	400
ENSMUSG00000020321.15	chr11_21562987_21564040_-	chr11	21564040	21562987	-	383
ENSMUSG00000020321.15	chr11_21564216_21565823_-	chr11	21565823	21564216	-	427
ENSMUSG00000020321.15	chr11_21565920_21566619_-	chr11	21566619	21565920	-	366
ENSMUSG00000020321.15	chr11_21566718_21571729_-	chr11	21571729	21566718	-	298
ENSMUSG00000020460.15	chr11_29546029_29546290_-	chr11	29546290	29546029	-	1377
ENSMUSG00000020460.15	chr11_29546422_29546702_-	chr11	29546702	29546422	-	1323
ENSMUSG00000020460.15	chr11_29546788_29547205_-	chr11	29547205	29546788	-	1692
ENSMUSG00000020460.15	chr11_29547260_29547680_-	chr11	29547680	29547260	-	1541
ENSMUSG00000020460.15	chr11_29547745_29547840_-	chr11	29547840	29547745	-	812
ENSMUSG00000057113.13	chr11_33152852_33153985_-	chr11	33153985	33152852	-	372
ENSMUSG00000057113.13	chr11_33154060_33156002_-	chr11	33156002	33154060	-	435
ENSMUSG00000057113.13	chr11_33156747_33156990_-	chr11	33156990	33156747	-	434
ENSMUSG00000057113.13	chr11_33157048_33159933_-	chr11	33159933	33157048	-	737
ENSMUSG00000057113.13	chr11_33159995_33160333_-	chr11	33160333	33159995	-	748
ENSMUSG00000057113.13	chr11_33160440_33160827_-	chr11	33160827	33160440	-	1698
ENSMUSG00000057113.13	chr11_33160921_33161105_-	chr11	33161105	33160921	-	1636
ENSMUSG00000057113.13	chr11_33161225_33161547_-	chr11	33161547	33161225	-	1365
ENSMUSG00000057113.13	chr11_33161627_33162921_-	chr11	33162921	33161627	-	1458
ENSMUSG00000020415.16	chr11_43422986_43424718_-	chr11	43424718	43422986	-	450
ENSMUSG00000020415.16	chr11_43424897_43425582_-	chr11	43425582	43424897	-	399
ENSMUSG00000020372.15	chr11_48800572_48801662_+	chr11	48800572	48801662	+	1710
ENSMUSG00000020372.15	chr11_48801834_48802272_+	chr11	48801834	48802272	+	1619
ENSMUSG00000020372.15	chr11_48802420_48803403_+	chr11	48802420	48803403	+	2450
ENSMUSG00000020372.15	chr11_48803499_48803857_+	chr11	48803499	48803857	+	2079
ENSMUSG00000020372.15	chr11_48803968_48804155_+	chr11	48803968	48804155	+	2336
ENSMUSG00000020372.15	chr11_48804296_48805544_+	chr11	48804296	48805544	+	1523
ENSMUSG00000020372.15	chr11_48805655_48805979_+	chr11	48805655	48805979	+	1541
ENSMUSG00000020376.16	chr11_50095980_50099245_+	chr11	50095980	50099245	+	608
ENSMUSG00000020376.16	chr11_50099339_50104548_+	chr11	50099339	50104548	+	399
ENSMUSG00000020376.16	chr11_50025647_50052775_+	chr11	50025647	50052775	+	588
ENSMUSG00000020376.16	chr11_50052970_50071170_+	chr11	50052970	50071170	+	887
ENSMUSG00000020376.16	chr11_50071421_50085740_+	chr11	50071421	50085740	+	659
ENSMUSG00000020376.16	chr11_50085812_50087378_+	chr11	50085812	50087378	+	581
ENSMUSG00000020376.16	chr11_50087461_50093722_+	chr11	50087461	50093722	+	840
ENSMUSG00000020376.16	chr11_50093819_50095775_+	chr11	50093819	50095775	+	576
ENSMUSG00000015837.15	chr11_50200947_50202398_-	chr11	50202398	50200947	-	530
ENSMUSG00000015837.15	chr11_50202594_50202813_-	chr11	50202813	50202594	-	860
ENSMUSG00000015837.15	chr11_50203034_50206022_-	chr11	50206022	50203034	-	623
ENSMUSG00000015837.15	chr11_50206103_50207159_-	chr11	50207159	50206103	-	525
ENSMUSG00000015837.15	chr11_50207301_50207406_-	chr11	50207406	50207301	-	654
ENSMUSG00000015837.15	chr11_50207636_50207820_-	chr11	50207820	50207636	-	389
ENSMUSG00000015837.15	chr11_50207916_50210552_-	chr11	50210552	50207916	-	404
ENSMUSG00000020358.17	chr11_51602695_51604399_-	chr11	51604399	51602695	-	619
ENSMUSG00000020358.17	chr11_51604817_51605460_-	chr11	51605460	51604817	-	654
ENSMUSG00000020358.17	chr11_51605629_51606339_-	chr11	51606339	51605629	-	354
ENSMUSG00000020390.12	chr11_51986810_51988611_-	chr11	51988611	51986810	-	239
ENSMUSG00000036309.14	chr11_52232118_52236836_+	chr11	52232118	52236836	+	714
ENSMUSG00000036309.14	chr11_52236933_52242586_+	chr11	52236933	52242586	+	313
ENSMUSG00000036309.14	chr11_52242660_52243614_+	chr11	52242660	52243614	+	363
ENSMUSG00000036309.14	chr11_52243758_52244980_+	chr11	52243758	52244980	+	498
ENSMUSG00000036309.14	chr11_52245121_52245984_+	chr11	52245121	52245984	+	434
ENSMUSG00000018585.9	chr11_55454956_55461087_-	chr11	55461087	55454956	-	203
ENSMUSG00000036860.14	chr11_59204757_59205648_+	chr11	59204757	59205648	+	294
ENSMUSG00000048076.14	chr11_59212695_59212820_-	chr11	59212820	59212695	-	605
ENSMUSG00000048076.14	chr11_59212945_59213142_-	chr11	59213142	59212945	-	544
ENSMUSG00000048076.14	chr11_59213253_59213339_-	chr11	59213339	59213253	-	532
ENSMUSG00000048076.14	chr11_59213523_59228172_-	chr11	59228172	59213523	-	313
ENSMUSG00000019505.7	chr11_62551595_62552139_+	chr11	62551595	62552139	+	7981
ENSMUSG00000019505.7	chr11_62552805_62553033_-	chr11	62553033	62552805	-	306
ENSMUSG00000060938.14	chr11_68901624_68902269_+	chr11	68901624	68902269	+	652
ENSMUSG00000060938.14	chr11_68902442_68903178_+	chr11	68902442	68903178	+	595
ENSMUSG00000060938.14	chr11_68903319_68904364_+	chr11	68903319	68904364	+	729
ENSMUSG00000059796.16	chr11_69667617_69667694_-	chr11	69667694	69667617	-	266
ENSMUSG00000059796.16	chr11_69667774_69668021_-	chr11	69668021	69667774	-	229
ENSMUSG00000059796.16	chr11_69668111_69668195_-	chr11	69668195	69668111	-	366
ENSMUSG00000059796.16	chr11_69668333_69668404_-	chr11	69668404	69668333	-	451
ENSMUSG00000059796.16	chr11_69668548_69668643_-	chr11	69668643	69668548	-	331
ENSMUSG00000059796.16	chr11_69668753_69669077_-	chr11	69669077	69668753	-	278
ENSMUSG00000059796.16	chr11_69669246_69670132_-	chr11	69670132	69669246	-	246
ENSMUSG00000059796.16	chr11_69670272_69670614_-	chr11	69670614	69670272	-	314
ENSMUSG00000059796.16	chr11_69670747_69670927_-	chr11	69670927	69670747	-	278
ENSMUSG00000078812.10	chr11_69917341_69917427_-	chr11	69917427	69917341	-	1779
ENSMUSG00000078812.10	chr11_69917501_69917596_-	chr11	69917596	69917501	-	1806
ENSMUSG00000078812.10	chr11_69917728_69917916_-	chr11	69917916	69917728	-	1367
ENSMUSG00000078812.10	chr11_69918021_69919150_-	chr11	69919150	69918021	-	1213
ENSMUSG00000078812.10	chr11_69919336_69921162_-	chr11	69921162	69919336	-	797
ENSMUSG00000018567.14	chr11_69991802_69992364_+	chr11	69991802	69992364	+	519
ENSMUSG00000018567.14	chr11_69992443_69992581_+	chr11	69992443	69992581	+	605
ENSMUSG00000018567.14	chr11_69992700_69994458_+	chr11	69992700	69994458	+	858
ENSMUSG00000018293.4	chr11_70652221_70652786_-	chr11	70652786	70652221	-	3440
ENSMUSG00000018293.4	chr11_70652979_70654348_-	chr11	70654348	70652979	-	3555
ENSMUSG00000020849.13	chr11_75733091_75751880_+	chr11	75733091	75751880	+	281
ENSMUSG00000020849.13	chr11_75752080_75755573_+	chr11	75752080	75755573	+	623
ENSMUSG00000020849.13	chr11_75755680_75756816_+	chr11	75755680	75756816	+	805
ENSMUSG00000020849.13	chr11_75757023_75759291_+	chr11	75757023	75759291	+	655
ENSMUSG00000020849.13	chr11_75759428_75764619_+	chr11	75759428	75764619	+	772
ENSMUSG00000058546.8	chr11_78180997_78181153_-	chr11	78181153	78180997	-	1044
ENSMUSG00000058546.8	chr11_78181223_78181416_-	chr11	78181416	78181223	-	1635
ENSMUSG00000058546.8	chr11_78181593_78182802_-	chr11	78182802	78181593	-	1139
ENSMUSG00000058546.8	chr11_78182986_78183518_-	chr11	78183518	78182986	-	847
ENSMUSG00000020485.14	chr11_87737668_87738166_+	chr11	87737668	87738166	+	436
ENSMUSG00000020485.14	chr11_87742851_87743057_+	chr11	87742851	87743057	+	285
ENSMUSG00000020485.14	chr11_87743111_87743245_+	chr11	87743111	87743245	+	435
ENSMUSG00000038845.11	chr11_95667042_95668036_+	chr11	95667042	95668036	+	290
ENSMUSG00000038845.11	chr11_95668151_95671386_+	chr11	95668151	95671386	+	299
ENSMUSG00000038845.11	chr11_95671548_95675141_+	chr11	95671548	95675141	+	618
ENSMUSG00000038845.11	chr11_95675284_95675569_+	chr11	95675284	95675569	+	423
ENSMUSG00000038845.11	chr11_95675686_95678050_+	chr11	95675686	95678050	+	451
ENSMUSG00000038845.11	chr11_95678146_95679693_+	chr11	95678146	95679693	+	374
ENSMUSG00000006057.15	chr11_96073218_96073522_-	chr11	96073522	96073218	-	286
ENSMUSG00000006057.15	chr11_96073701_96073961_-	chr11	96073961	96073701	-	399
ENSMUSG00000006057.15	chr11_96074039_96074986_-	chr11	96074986	96074039	-	287
ENSMUSG00000006057.15	chr11_96075033_96075626_-	chr11	96075626	96075033	-	232
ENSMUSG00000069744.7	chr11_97703490_97703787_+	chr11	97703490	97703787	+	580
ENSMUSG00000069744.7	chr11_97703972_97706797_+	chr11	97703972	97706797	+	689
ENSMUSG00000069744.7	chr11_97706905_97711101_+	chr11	97706905	97711101	+	572
ENSMUSG00000069744.7	chr11_97711279_97712436_+	chr11	97711279	97712436	+	544
ENSMUSG00000069744.7	chr11_97712531_97713392_+	chr11	97712531	97713392	+	638
ENSMUSG00000071415.6	chr11_97778164_97778264_-	chr11	97778264	97778164	-	1353
ENSMUSG00000071415.6	chr11_97778378_97781333_-	chr11	97781333	97778378	-	958
ENSMUSG00000071415.6	chr11_97781462_97781805_-	chr11	97781805	97781462	-	847
ENSMUSG00000071415.6	chr11_97781889_97782343_-	chr11	97782343	97781889	-	1037
ENSMUSG00000017404.12	chr11_98026990_98027822_+	chr11	98026990	98027822	+	2102
ENSMUSG00000017404.12	chr11_98027929_98028345_+	chr11	98027929	98028345	+	2612
ENSMUSG00000017404.12	chr11_98029885_98030270_+	chr11	98029885	98030270	+	2155
ENSMUSG00000035530.13	chr11_100320160_100320665_+	chr11	100320160	100320665	+	709
ENSMUSG00000035530.13	chr11_100320829_100320947_+	chr11	100320829	100320947	+	1092
ENSMUSG00000035530.13	chr11_100321049_100321316_+	chr11	100321049	100321316	+	995
ENSMUSG00000014195.15	chr11_100591051_100591411_-	chr11	100591411	100591051	-	568
ENSMUSG00000014195.15	chr11_100591565_100592854_-	chr11	100592854	100591565	-	611
ENSMUSG00000014195.15	chr11_100592973_100596165_-	chr11	100596165	100592973	-	662
ENSMUSG00000014195.15	chr11_100596240_100598614_-	chr11	100598614	100596240	-	598
ENSMUSG00000014195.15	chr11_100598728_100599184_-	chr11	100599184	100598728	-	602
ENSMUSG00000014195.15	chr11_100599309_100601727_-	chr11	100601727	100599309	-	592
ENSMUSG00000014195.15	chr11_100601816_100619527_-	chr11	100619527	100601816	-	544
ENSMUSG00000063316.13	chr11_101442456_101442722_+	chr11	101442456	101442722	+	1102
ENSMUSG00000063316.13	chr11_101442805_101443500_+	chr11	101442805	101443500	+	694
ENSMUSG00000063316.13	chr11_101443670_101445219_+	chr11	101443670	101445219	+	996
ENSMUSG00000063316.13	chr11_101445330_101445438_+	chr11	101445330	101445438	+	724
ENSMUSG00000034708.11	chr11_102430540_102432964_+	chr11	102430540	102432964	+	557
ENSMUSG00000034708.11	chr11_102433109_102433224_+	chr11	102433109	102433224	+	833
ENSMUSG00000034708.11	chr11_102433350_102433485_+	chr11	102433350	102433485	+	1210
ENSMUSG00000034708.11	chr11_102433570_102433935_+	chr11	102433570	102433935	+	1248
ENSMUSG00000034708.11	chr11_102434277_102434399_+	chr11	102434277	102434399	+	1178
ENSMUSG00000034708.11	chr11_102434509_102434702_+	chr11	102434509	102434702	+	1466
ENSMUSG00000034708.11	chr11_102434826_102435058_+	chr11	102434826	102435058	+	1696
ENSMUSG00000034708.11	chr11_102435156_102435245_+	chr11	102435156	102435245	+	1455
ENSMUSG00000034708.11	chr11_102435491_102435708_+	chr11	102435491	102435708	+	1993
ENSMUSG00000034708.11	chr11_102435942_102436023_+	chr11	102435942	102436023	+	1854
ENSMUSG00000034708.11	chr11_102436248_102436334_+	chr11	102436248	102436334	+	1438
ENSMUSG00000020612.16	chr11_109653961_109659998_+	chr11	109653961	109659998	+	267
ENSMUSG00000057322.12	chr11_114668609_114668780_+	chr11	114668609	114668780	+	364
ENSMUSG00000057322.12	chr11_114668814_114668905_+	chr11	114668814	114668905	+	523
ENSMUSG00000057322.12	chr11_114668966_114671733_+	chr11	114668966	114671733	+	245
ENSMUSG00000057322.12	chr11_114671856_114672264_+	chr11	114671856	114672264	+	350
ENSMUSG00000034566.10	chr11_115415879_115416014_-	chr11	115416014	115415879	-	854
ENSMUSG00000034566.10	chr11_115416077_115416852_-	chr11	115416852	115416077	-	1115
ENSMUSG00000034566.10	chr11_115416924_115417838_-	chr11	115417838	115416924	-	1636
ENSMUSG00000034566.10	chr11_115417935_115418385_-	chr11	115418385	115417935	-	872
ENSMUSG00000034566.10	chr11_115418516_115419891_-	chr11	115419891	115418516	-	1410
ENSMUSG00000020738.16	chr11_115523769_115530345_-	chr11	115530345	115523769	-	822
ENSMUSG00000020738.16	chr11_115530417_115534551_-	chr11	115534551	115530417	-	975
ENSMUSG00000020738.16	chr11_115534683_115536097_-	chr11	115536097	115534683	-	577
ENSMUSG00000016559.14	chr11_116023535_116023624_-	chr11	116023624	116023535	-	3442
ENSMUSG00000016559.14	chr11_116023778_116023881_-	chr11	116023881	116023778	-	2542
ENSMUSG00000016559.14	chr11_116024019_116024378_-	chr11	116024378	116024019	-	2097
ENSMUSG00000062825.15	chr11_120347875_120347968_-	chr11	120347968	120347875	-	1462
ENSMUSG00000062825.15	chr11_120348097_120348424_-	chr11	120348424	120348097	-	1587
ENSMUSG00000025130.11	chr11_120561260_120562160_-	chr11	120562160	120561260	-	327
ENSMUSG00000025130.11	chr11_120562247_120562363_-	chr11	120562363	120562247	-	392
ENSMUSG00000025130.11	chr11_120562775_120563204_-	chr11	120563204	120562775	-	356
ENSMUSG00000025130.11	chr11_120563405_120563602_-	chr11	120563602	120563405	-	319
ENSMUSG00000025130.11	chr11_120571727_120572656_-	chr11	120572656	120571727	-	206
ENSMUSG00000025130.11	chr11_120563920_120567917_-	chr11	120567917	120563920	-	244
ENSMUSG00000025130.11	chr11_120568055_120568173_-	chr11	120568173	120568055	-	234
ENSMUSG00000025132.13	chr11_120579430_120579515_-	chr11	120579515	120579430	-	616
ENSMUSG00000025132.13	chr11_120579579_120579667_-	chr11	120579667	120579579	-	448
ENSMUSG00000025132.13	chr11_120579744_120579966_-	chr11	120579966	120579744	-	569
ENSMUSG00000025132.13	chr11_120580050_120580181_-	chr11	120580181	120580050	-	482
ENSMUSG00000025132.13	chr11_120580393_120581521_-	chr11	120581521	120580393	-	369
ENSMUSG00000025144.17	chr11_120711895_120713692_-	chr11	120713692	120711895	-	296
ENSMUSG00000020585.4	chr12_8922294_8931627_+	chr12	8922294	8931627	+	790
ENSMUSG00000020585.4	chr12_8931748_8934695_+	chr12	8931748	8934695	+	904
ENSMUSG00000020585.4	chr12_8934772_8934865_+	chr12	8934772	8934865	+	876
ENSMUSG00000020585.4	chr12_8934988_8935986_+	chr12	8934988	8935986	+	855
ENSMUSG00000020585.4	chr12_8936082_8936696_+	chr12	8936082	8936696	+	940
ENSMUSG00000020585.4	chr12_8936795_8938116_+	chr12	8936795	8938116	+	894
ENSMUSG00000020571.12	chr12_17266651_17270395_+	chr12	17266651	17270395	+	967
ENSMUSG00000020571.12	chr12_17270537_17273944_+	chr12	17270537	17273944	+	881
ENSMUSG00000020571.12	chr12_17274002_17274383_+	chr12	17274002	17274383	+	1037
ENSMUSG00000020571.12	chr12_17274510_17277197_+	chr12	17274510	17277197	+	1322
ENSMUSG00000020571.12	chr12_17278644_17278835_+	chr12	17278644	17278835	+	1101
ENSMUSG00000020571.12	chr12_17278950_17279578_+	chr12	17278950	17279578	+	975
ENSMUSG00000020571.12	chr12_17279719_17280377_+	chr12	17279719	17280377	+	1366
ENSMUSG00000020571.12	chr12_17280462_17280566_+	chr12	17280462	17280566	+	900
ENSMUSG00000020571.12	chr12_17280639_17280910_+	chr12	17280639	17280910	+	844
ENSMUSG00000020571.12	chr12_17281069_17283199_+	chr12	17281069	17283199	+	862
ENSMUSG00000020571.12	chr12_17283296_17283937_+	chr12	17283296	17283937	+	849
ENSMUSG00000020571.12	chr12_17277304_17278513_+	chr12	17277304	17278513	+	1245
ENSMUSG00000076432.13	chr12_21391415_21394964_-	chr12	21394964	21391415	-	676
ENSMUSG00000076432.13	chr12_21395060_21396281_-	chr12	21396281	21395060	-	613
ENSMUSG00000076432.13	chr12_21396445_21398240_-	chr12	21398240	21396445	-	346
ENSMUSG00000076432.13	chr12_21398364_21416797_-	chr12	21416797	21398364	-	445
ENSMUSG00000076432.13	chr12_21417131_21417503_-	chr12	21417503	21417131	-	324
ENSMUSG00000061477.4	chr12_28631193_28631623_-	chr12	28631623	28631193	-	1196
ENSMUSG00000061477.4	chr12_28631774_28633767_-	chr12	28633767	28631774	-	1808
ENSMUSG00000061477.4	chr12_28633832_28634208_-	chr12	28634208	28633832	-	1579
ENSMUSG00000061477.4	chr12_28634352_28635415_-	chr12	28635415	28634352	-	1322
ENSMUSG00000061477.4	chr12_28635487_28635579_-	chr12	28635579	28635487	-	1353
ENSMUSG00000061477.4	chr12_28635663_28635855_-	chr12	28635855	28635663	-	1519
ENSMUSG00000020577.17	chr12_36015772_36020489_-	chr12	36020489	36015772	-	282
ENSMUSG00000020577.17	chr12_36020603_36021800_-	chr12	36021800	36020603	-	256
ENSMUSG00000020577.17	chr12_36021914_36022752_-	chr12	36022752	36021914	-	232
ENSMUSG00000020577.17	chr12_36022833_36023904_-	chr12	36023904	36022833	-	401
ENSMUSG00000020577.17	chr12_36024072_36042250_-	chr12	36042250	36024072	-	376
ENSMUSG00000021025.8	chr12_55489969_55490405_-	chr12	55490405	55489969	-	670
ENSMUSG00000021025.8	chr12_55490666_55490770_-	chr12	55490770	55490666	-	778
ENSMUSG00000021025.8	chr12_55490859_55491119_-	chr12	55491119	55490859	-	962
ENSMUSG00000021025.8	chr12_55491330_55491669_-	chr12	55491669	55491330	-	644
ENSMUSG00000021025.8	chr12_55491778_55492299_-	chr12	55492299	55491778	-	532
ENSMUSG00000034892.8	chr12_69157821_69158660_-	chr12	69158660	69157821	-	1718
ENSMUSG00000034892.8	chr12_69158760_69158996_-	chr12	69158996	69158760	-	1036
ENSMUSG00000060073.9	chr12_70974767_70978732_+	chr12	70974767	70978732	+	529
ENSMUSG00000060073.9	chr12_70993080_70993505_+	chr12	70993080	70993505	+	354
ENSMUSG00000060073.9	chr12_70993570_70994350_+	chr12	70993570	70994350	+	328
ENSMUSG00000021134.17	chr12_80946720_80947310_+	chr12	80946720	80947310	+	228
ENSMUSG00000021134.17	chr12_80947381_80947495_+	chr12	80947381	80947495	+	317
ENSMUSG00000021134.17	chr12_80947594_80947795_+	chr12	80947594	80947795	+	234
ENSMUSG00000021134.17	chr12_80947865_80949094_+	chr12	80947865	80949094	+	242
ENSMUSG00000021134.17	chr12_80949168_80949493_+	chr12	80949168	80949493	+	243
ENSMUSG00000021134.17	chr12_80949604_80949719_+	chr12	80949604	80949719	+	235
ENSMUSG00000021242.9	chr12_84757212_84760719_-	chr12	84760719	84757212	-	672
ENSMUSG00000021242.9	chr12_84760892_84765276_-	chr12	84765276	84760892	-	586
ENSMUSG00000021242.9	chr12_84765384_84772785_-	chr12	84772785	84765384	-	219
ENSMUSG00000021248.9	chr12_85343549_85344224_-	chr12	85344224	85343549	-	749
ENSMUSG00000021248.9	chr12_85344351_85350802_-	chr12	85350802	85344351	-	586
ENSMUSG00000021248.9	chr12_85350876_85354794_-	chr12	85354794	85350876	-	639
ENSMUSG00000021248.9	chr12_85354906_85374440_-	chr12	85374440	85354906	-	618
ENSMUSG00000001175.14	chr12_100199716_100202392_+	chr12	100199716	100202392	+	1452
ENSMUSG00000001175.14	chr12_100202423_100203574_+	chr12	100202423	100203574	+	1662
ENSMUSG00000001175.14	chr12_100203718_100205612_+	chr12	100203718	100205612	+	1352
ENSMUSG00000001175.14	chr12_100205719_100206097_+	chr12	100205719	100206097	+	1364
ENSMUSG00000001175.14	chr12_100206233_100206399_+	chr12	100206233	100206399	+	1190
ENSMUSG00000113902.1	chr12_101968210_101969492_-	chr12	101969492	101968210	-	211
ENSMUSG00000113902.1	chr12_101969637_101975659_-	chr12	101975659	101969637	-	328
ENSMUSG00000021270.13	chr12_110694343_110694570_-	chr12	110694570	110694343	-	382
ENSMUSG00000021270.13	chr12_110694704_110695051_-	chr12	110695051	110694704	-	319
ENSMUSG00000021270.13	chr12_110695418_110695518_-	chr12	110695518	110695418	-	447
ENSMUSG00000021282.17	chr12_111540302_111540460_+	chr12	111540302	111540460	+	200
ENSMUSG00000021290.6	chr12_111963353_111966923_-	chr12	111966923	111963353	-	213
ENSMUSG00000006360.11	chr12_113152153_113153280_+	chr12	113152153	113153280	+	679
ENSMUSG00000006360.11	chr12_113153375_113153454_+	chr12	113153375	113153454	+	497
ENSMUSG00000006360.11	chr12_113153512_113153617_+	chr12	113153512	113153617	+	795
ENSMUSG00000006360.11	chr12_113153664_113153774_+	chr12	113153664	113153774	+	1150
ENSMUSG00000025868.6	chr13_54590419_54590723_+	chr13	54590419	54590723	+	276
ENSMUSG00000058569.8	chr13_55593357_55593500_+	chr13	55593357	55593500	+	273
ENSMUSG00000058569.8	chr13_55593601_55594704_+	chr13	55593601	55594704	+	486
ENSMUSG00000058569.8	chr13_55594830_55595467_+	chr13	55594830	55595467	+	487
ENSMUSG00000058569.8	chr13_55595614_55596840_+	chr13	55595614	55596840	+	526
ENSMUSG00000015937.15	chr13_56074392_56083119_-	chr13	56083119	56074392	-	288
ENSMUSG00000015937.15	chr13_56083294_56084195_-	chr13	56084195	56083294	-	575
ENSMUSG00000015937.15	chr13_56084285_56089757_-	chr13	56089757	56084285	-	250
ENSMUSG00000015937.15	chr13_56089857_56096123_-	chr13	56096123	56089857	-	302
ENSMUSG00000015937.15	chr13_56096231_56104301_-	chr13	56104301	56096231	-	310
ENSMUSG00000015937.15	chr13_56104499_56104888_-	chr13	56104888	56104499	-	436
ENSMUSG00000015937.15	chr13_56104995_56128276_-	chr13	56128276	56104995	-	598
ENSMUSG00000015937.15	chr13_56128481_56135345_-	chr13	56135345	56128481	-	280
ENSMUSG00000021546.18	chr13_58393365_58393691_-	chr13	58393691	58393365	-	671
ENSMUSG00000021546.18	chr13_58393774_58393852_-	chr13	58393852	58393774	-	577
ENSMUSG00000021546.18	chr13_58393868_58394075_-	chr13	58394075	58393868	-	662
ENSMUSG00000021546.18	chr13_58394159_58394309_-	chr13	58394309	58394159	-	688
ENSMUSG00000021546.18	chr13_58394364_58394477_-	chr13	58394477	58394364	-	576
ENSMUSG00000021546.18	chr13_58394785_58395164_-	chr13	58395164	58394785	-	1090
ENSMUSG00000021546.18	chr13_58395293_58395573_-	chr13	58395573	58395293	-	608
ENSMUSG00000021546.18	chr13_58395687_58396187_-	chr13	58396187	58395687	-	647
ENSMUSG00000021546.18	chr13_58396259_58396826_-	chr13	58396826	58396259	-	721
ENSMUSG00000021546.18	chr13_58396899_58397752_-	chr13	58397752	58396899	-	909
ENSMUSG00000021546.18	chr13_58397796_58399155_-	chr13	58399155	58397796	-	615
ENSMUSG00000021546.18	chr13_58399212_58399892_-	chr13	58399892	58399212	-	430
ENSMUSG00000021546.18	chr13_58399990_58400332_-	chr13	58400332	58399990	-	236
ENSMUSG00000021477.9	chr13_64364200_64365204_-	chr13	64365204	64364200	-	1912
ENSMUSG00000021477.9	chr13_64365322_64366478_-	chr13	64366478	64365322	-	1975
ENSMUSG00000021477.9	chr13_64366641_64366867_-	chr13	64366867	64366641	-	2321
ENSMUSG00000021477.9	chr13_64367092_64367859_-	chr13	64367859	64367092	-	2286
ENSMUSG00000021477.9	chr13_64368006_64368115_-	chr13	64368115	64368006	-	1638
ENSMUSG00000021477.9	chr13_64368238_64369027_-	chr13	64369027	64368238	-	2115
ENSMUSG00000021477.9	chr13_64369164_64370235_-	chr13	64370235	64369164	-	1190
ENSMUSG00000021520.4	chr13_66900826_66901401_-	chr13	66901401	66900826	-	447
ENSMUSG00000021520.4	chr13_66901568_66902729_-	chr13	66902729	66901568	-	317
ENSMUSG00000021520.4	chr13_66902801_66905292_-	chr13	66905292	66902801	-	456
ENSMUSG00000017778.14	chr13_86044908_86045726_-	chr13	86045726	86044908	-	247
ENSMUSG00000049517.8	chr13_90923199_90923586_+	chr13	90923199	90923586	+	1833
ENSMUSG00000049517.8	chr13_90923746_90924325_+	chr13	90923746	90924325	+	2268
ENSMUSG00000049517.8	chr13_90924446_90924536_+	chr13	90924446	90924536	+	2313
ENSMUSG00000012405.16	chr14_18269316_18269906_-	chr14	18269906	18269316	-	1777
ENSMUSG00000012405.16	chr14_18270043_18270278_-	chr14	18270278	18270043	-	2083
ENSMUSG00000012405.16	chr14_18270460_18270958_-	chr14	18270958	18270460	-	1175
ENSMUSG00000021807.6	chr14_19812237_19812348_-	chr14	19812348	19812237	-	306
ENSMUSG00000021807.6	chr14_19812397_19814536_-	chr14	19814536	19812397	-	361
ENSMUSG00000021807.6	chr14_19814605_19816184_-	chr14	19816184	19814605	-	375
ENSMUSG00000021807.6	chr14_19816273_19817060_-	chr14	19817060	19816273	-	316
ENSMUSG00000021807.6	chr14_19817147_19819906_-	chr14	19819906	19817147	-	274
ENSMUSG00000021807.6	chr14_19820006_19822565_-	chr14	19822565	19820006	-	308
ENSMUSG00000021807.6	chr14_19822690_19823668_-	chr14	19823668	19822690	-	239
ENSMUSG00000021814.17	chr14_20463020_20464608_-	chr14	20464608	20463020	-	284
ENSMUSG00000025290.17	chr14_24490758_24491749_+	chr14	24490758	24491749	+	1378
ENSMUSG00000025290.17	chr14_24491815_24491906_+	chr14	24491815	24491906	+	1708
ENSMUSG00000025290.17	chr14_24492116_24493382_+	chr14	24492116	24493382	+	1219
ENSMUSG00000025290.17	chr14_24493493_24495774_+	chr14	24493493	24495774	+	676
ENSMUSG00000021877.12	chr14_26647023_26653105_+	chr14	26647023	26653105	+	253
ENSMUSG00000021877.12	chr14_26653962_26655895_+	chr14	26653962	26655895	+	312
ENSMUSG00000042682.9	chr14_29968536_29970025_+	chr14	29968536	29970025	+	820
ENSMUSG00000042682.9	chr14_29970116_29971787_+	chr14	29970116	29971787	+	870
ENSMUSG00000042682.9	chr14_29971871_29973360_+	chr14	29971871	29973360	+	687
ENSMUSG00000042682.9	chr14_29973447_29974475_+	chr14	29973447	29974475	+	1028
ENSMUSG00000060373.15	chr14_52075160_52075254_-	chr14	52075254	52075160	-	259
ENSMUSG00000060373.15	chr14_52075726_52077402_-	chr14	52077402	52075726	-	260
ENSMUSG00000060373.15	chr14_52077563_52081259_-	chr14	52081259	52077563	-	515
ENSMUSG00000060373.15	chr14_52081307_52081827_-	chr14	52081827	52081307	-	266
ENSMUSG00000060373.15	chr14_52081903_52084114_-	chr14	52084114	52081903	-	335
ENSMUSG00000022174.8	chr14_54235713_54242698_-	chr14	54242698	54235713	-	730
ENSMUSG00000022174.8	chr14_54242868_54253631_-	chr14	54253631	54242868	-	678
ENSMUSG00000010406.12	chr14_54426960_54427033_+	chr14	54426960	54427033	+	275
ENSMUSG00000010406.12	chr14_54427091_54427170_+	chr14	54427091	54427170	+	315
ENSMUSG00000022175.9	chr14_54469165_54469264_+	chr14	54469165	54469264	+	272
ENSMUSG00000022175.9	chr14_54467650_54467763_+	chr14	54467650	54467763	+	289
ENSMUSG00000022216.17	chr14_55579833_55579930_+	chr14	55579833	55579930	+	427
ENSMUSG00000022216.17	chr14_55580972_55581051_+	chr14	55580972	55581051	+	659
ENSMUSG00000010376.15	chr14_55662625_55663414_-	chr14	55663414	55662625	-	272
ENSMUSG00000010376.15	chr14_55663497_55663811_-	chr14	55663811	55663497	-	241
ENSMUSG00000021963.17	chr14_57798597_57801493_+	chr14	57798597	57801493	+	224
ENSMUSG00000021963.17	chr14_57801616_57801921_+	chr14	57801616	57801921	+	334
ENSMUSG00000021939.8	chr14_63122565_63133315_+	chr14	63122565	63133315	+	2864
ENSMUSG00000021939.8	chr14_63133466_63133964_+	chr14	63133466	63133964	+	3337
ENSMUSG00000021939.8	chr14_63134050_63135607_+	chr14	63134050	63135607	+	4916
ENSMUSG00000021939.8	chr14_63135722_63136406_+	chr14	63135722	63136406	+	3469
ENSMUSG00000021939.8	chr14_63136525_63138032_+	chr14	63136525	63138032	+	4468
ENSMUSG00000021939.8	chr14_63138118_63138350_+	chr14	63138118	63138350	+	5133
ENSMUSG00000021939.8	chr14_63138494_63138998_+	chr14	63138494	63138998	+	4956
ENSMUSG00000021939.8	chr14_63139115_63141733_+	chr14	63139115	63141733	+	4520
ENSMUSG00000021939.8	chr14_63141862_63142231_+	chr14	63141862	63142231	+	5057
ENSMUSG00000022108.8	chr14_73363143_73364541_-	chr14	73364541	73363143	-	7009
ENSMUSG00000022108.8	chr14_73364692_73365751_-	chr14	73365751	73364692	-	13063
ENSMUSG00000022108.8	chr14_73365862_73366320_-	chr14	73366320	73365862	-	9488
ENSMUSG00000022108.8	chr14_73366527_73368298_-	chr14	73368298	73366527	-	11153
ENSMUSG00000022108.8	chr14_73368427_73385009_-	chr14	73385009	73368427	-	6594
ENSMUSG00000060126.14	chr14_75845456_75845616_+	chr14	75845456	75845616	+	876
ENSMUSG00000060126.14	chr14_75845690_75846202_+	chr14	75845690	75846202	+	944
ENSMUSG00000060126.14	chr14_75846393_75846693_+	chr14	75846393	75846693	+	1322
ENSMUSG00000060126.14	chr14_75846799_75847243_+	chr14	75846799	75847243	+	1299
ENSMUSG00000060126.14	chr14_75847360_75848098_+	chr14	75847360	75848098	+	1493
ENSMUSG00000022013.4	chr14_77826470_77840167_-	chr14	77840167	77826470	-	525
ENSMUSG00000022013.4	chr14_77840238_77844395_-	chr14	77844395	77840238	-	622
ENSMUSG00000022013.4	chr14_77844472_77852897_-	chr14	77852897	77844472	-	348
ENSMUSG00000022013.4	chr14_77852971_77856938_-	chr14	77856938	77852971	-	592
ENSMUSG00000022013.4	chr14_77856990_77874797_-	chr14	77874797	77856990	-	464
ENSMUSG00000022136.8	chr14_118970802_118972362_+	chr14	118970802	118972362	+	343
ENSMUSG00000022136.8	chr14_118972468_118972692_+	chr14	118972468	118972692	+	386
ENSMUSG00000022136.8	chr14_118972813_118975131_+	chr14	118972813	118975131	+	222
ENSMUSG00000041841.8	chr15_5116684_5117286_+	chr15	5116684	5117286	+	1336
ENSMUSG00000041841.8	chr15_5117422_5117618_+	chr15	5117422	5117618	+	910
ENSMUSG00000041841.8	chr15_5117703_5118566_+	chr15	5117703	5118566	+	1538
ENSMUSG00000022205.15	chr15_11984297_11986455_-	chr15	11986455	11984297	-	911
ENSMUSG00000022205.15	chr15_11986564_11990958_-	chr15	11990958	11986564	-	946
ENSMUSG00000022205.15	chr15_11991081_11993788_-	chr15	11993788	11991081	-	698
ENSMUSG00000022205.15	chr15_11993861_11995950_-	chr15	11995950	11993861	-	920
ENSMUSG00000046034.8	chr15_27606461_27608591_-	chr15	27608591	27606461	-	1429
ENSMUSG00000046034.8	chr15_27608861_27611511_-	chr15	27611511	27608861	-	1116
ENSMUSG00000046034.8	chr15_27611637_27616323_-	chr15	27616323	27611637	-	681
ENSMUSG00000046034.8	chr15_27616467_27619528_-	chr15	27619528	27616467	-	503
ENSMUSG00000046034.8	chr15_27619623_27623281_-	chr15	27623281	27619623	-	451
ENSMUSG00000046034.8	chr15_27623358_27630457_-	chr15	27630457	27623358	-	349
ENSMUSG00000058600.13	chr15_34440604_34441231_-	chr15	34441231	34440604	-	1179
ENSMUSG00000058600.13	chr15_34441362_34442634_-	chr15	34442634	34441362	-	1454
ENSMUSG00000058600.13	chr15_34443077_34443184_-	chr15	34443184	34443077	-	1438
ENSMUSG00000014313.15	chr15_35932097_35935284_-	chr15	35935284	35932097	-	763
ENSMUSG00000014313.15	chr15_35935413_35937154_-	chr15	35937154	35935413	-	400
ENSMUSG00000014313.15	chr15_35937284_35938124_-	chr15	35938124	35937284	-	705
ENSMUSG00000022283.15	chr15_36596099_36596562_-	chr15	36596562	36596099	-	238
ENSMUSG00000022283.15	chr15_36596655_36596963_-	chr15	36596963	36596655	-	514
ENSMUSG00000022283.15	chr15_36597094_36597456_-	chr15	36597456	36597094	-	335
ENSMUSG00000022285.17	chr15_36772777_36775238_-	chr15	36775238	36772777	-	390
ENSMUSG00000022285.17	chr15_36775334_36775415_-	chr15	36775415	36775334	-	424
ENSMUSG00000022285.17	chr15_36775579_36776245_-	chr15	36776245	36775579	-	293
ENSMUSG00000022285.17	chr15_36776369_36790683_-	chr15	36790683	36776369	-	272
ENSMUSG00000062397.8	chr15_37000923_37001838_-	chr15	37001838	37000923	-	423
ENSMUSG00000062397.8	chr15_37001946_37003685_-	chr15	37003685	37001946	-	491
ENSMUSG00000062397.8	chr15_37003822_37007127_-	chr15	37007127	37003822	-	473
ENSMUSG00000022336.3	chr15_43251614_43252204_-	chr15	43252204	43251614	-	212
ENSMUSG00000022336.3	chr15_43261169_43262598_-	chr15	43262598	43261169	-	302
ENSMUSG00000022336.3	chr15_43262700_43263208_-	chr15	43263208	43262700	-	262
ENSMUSG00000022336.3	chr15_43263335_43265500_-	chr15	43265500	43263335	-	344
ENSMUSG00000022336.3	chr15_43265625_43266133_-	chr15	43266133	43265625	-	287
ENSMUSG00000022336.3	chr15_43266259_43270878_-	chr15	43270878	43266259	-	385
ENSMUSG00000022336.3	chr15_43270983_43272275_-	chr15	43272275	43270983	-	327
ENSMUSG00000022336.3	chr15_43272318_43275236_-	chr15	43275236	43272318	-	280
ENSMUSG00000022312.11	chr15_51786825_51787905_-	chr15	51787905	51786825	-	476
ENSMUSG00000022312.11	chr15_51788038_51789992_-	chr15	51789992	51788038	-	468
ENSMUSG00000022312.11	chr15_51790113_51796387_-	chr15	51796387	51790113	-	567
ENSMUSG00000022312.11	chr15_51796537_51797612_-	chr15	51797612	51796537	-	373
ENSMUSG00000022312.11	chr15_51797712_51799191_-	chr15	51799191	51797712	-	505
ENSMUSG00000022312.11	chr15_51799359_51842467_-	chr15	51842467	51799359	-	402
ENSMUSG00000022354.4	chr15_58937465_58939274_+	chr15	58937465	58939274	+	505
ENSMUSG00000022587.14	chr15_74957877_74958268_+	chr15	74957877	74958268	+	1289
ENSMUSG00000022587.14	chr15_74958388_74958492_+	chr15	74958388	74958492	+	1888
ENSMUSG00000075602.10	chr15_74995479_74996451_-	chr15	74996451	74995479	-	623
ENSMUSG00000075602.10	chr15_74996568_74997534_-	chr15	74997534	74996568	-	562
ENSMUSG00000075602.10	chr15_74997617_74997878_-	chr15	74997878	74997617	-	332
ENSMUSG00000055762.16	chr15_75895591_75895731_-	chr15	75895731	75895591	-	873
ENSMUSG00000002524.17	chr15_76070627_76070748_-	chr15	76070748	76070627	-	820
ENSMUSG00000002524.17	chr15_76070984_76071181_-	chr15	76071181	76070984	-	705
ENSMUSG00000002524.17	chr15_76071317_76071465_-	chr15	76071465	76071317	-	770
ENSMUSG00000002524.17	chr15_76071656_76071739_-	chr15	76071739	76071656	-	625
ENSMUSG00000002524.17	chr15_76071953_76072232_-	chr15	76072232	76071953	-	723
ENSMUSG00000002524.17	chr15_76072325_76072406_-	chr15	76072406	76072325	-	408
ENSMUSG00000002524.17	chr15_76075631_76075736_-	chr15	76075736	76075631	-	396
ENSMUSG00000002524.17	chr15_76077702_76080849_-	chr15	76080849	76077702	-	472
ENSMUSG00000115987.1	chr15_76622350_76622470_-	chr15	76622470	76622350	-	680
ENSMUSG00000115987.1	chr15_76622562_76622654_-	chr15	76622654	76622562	-	1013
ENSMUSG00000115987.1	chr15_76622708_76623170_-	chr15	76623170	76622708	-	1156
ENSMUSG00000003970.9	chr15_76904109_76904302_+	chr15	76904109	76904302	+	1515
ENSMUSG00000003970.9	chr15_76904450_76904538_+	chr15	76904450	76904538	+	2562
ENSMUSG00000003970.9	chr15_76904680_76904817_+	chr15	76904680	76904817	+	3157
ENSMUSG00000003970.9	chr15_76905036_76905855_+	chr15	76905036	76905855	+	2705
ENSMUSG00000003970.9	chr15_76905971_76906120_+	chr15	76905971	76906120	+	2999
ENSMUSG00000060036.14	chr15_80077894_80077986_-	chr15	80077986	80077894	-	2018
ENSMUSG00000060036.14	chr15_80078106_80078330_-	chr15	80078330	80078106	-	2058
ENSMUSG00000060036.14	chr15_80078426_80078706_-	chr15	80078706	80078426	-	3436
ENSMUSG00000060036.14	chr15_80079850_80080365_-	chr15	80080365	80079850	-	2547
ENSMUSG00000060036.14	chr15_80080552_80080895_-	chr15	80080895	80080552	-	2486
ENSMUSG00000060036.14	chr15_80081031_80081614_-	chr15	80081614	80081031	-	2961
ENSMUSG00000060036.14	chr15_80081783_80082389_-	chr15	80082389	80081783	-	1768
ENSMUSG00000060036.14	chr15_80082582_80083323_-	chr15	80083323	80082582	-	1454
ENSMUSG00000022450.6	chr15_82350371_82350978_-	chr15	82350978	82350371	-	258
ENSMUSG00000022450.6	chr15_82351094_82354080_-	chr15	82354080	82351094	-	401
ENSMUSG00000041736.7	chr15_83563644_83571384_+	chr15	83563644	83571384	+	888
ENSMUSG00000041736.7	chr15_83571595_83572199_+	chr15	83571595	83572199	+	1409
ENSMUSG00000041736.7	chr15_83572338_83573769_+	chr15	83572338	83573769	+	1357
ENSMUSG00000023004.8	chr15_98932840_98932972_-	chr15	98932972	98932840	-	814
ENSMUSG00000043091.9	chr15_99034316_99034448_+	chr15	99034316	99034448	+	787
ENSMUSG00000043091.9	chr15_99034597_99037034_+	chr15	99034597	99037034	+	592
ENSMUSG00000023010.15	chr15_99393040_99401579_+	chr15	99393040	99401579	+	680
ENSMUSG00000023010.15	chr15_99401663_99402060_+	chr15	99401663	99402060	+	523
ENSMUSG00000023010.15	chr15_99402169_99404413_+	chr15	99402169	99404413	+	974
ENSMUSG00000023010.15	chr15_99404534_99405716_+	chr15	99404534	99405716	+	692
ENSMUSG00000023010.15	chr15_99405765_99405860_+	chr15	99405765	99405860	+	754
ENSMUSG00000023010.15	chr15_99405958_99406151_+	chr15	99405958	99406151	+	782
ENSMUSG00000023010.15	chr15_99406231_99406576_+	chr15	99406231	99406576	+	896
ENSMUSG00000023010.15	chr15_99406677_99407267_+	chr15	99406677	99407267	+	613
ENSMUSG00000023010.15	chr15_99407343_99408474_+	chr15	99407343	99408474	+	413
ENSMUSG00000000346.9	chr15_100615724_100616912_+	chr15	100615724	100616912	+	461
ENSMUSG00000000346.9	chr15_100617031_100617924_+	chr15	100617031	100617924	+	1013
ENSMUSG00000000346.9	chr15_100618170_100619367_+	chr15	100618170	100619367	+	993
ENSMUSG00000001289.12	chr15_102326260_102326432_+	chr15	102326260	102326432	+	747
ENSMUSG00000001289.12	chr15_102326535_102326817_+	chr15	102326535	102326817	+	776
ENSMUSG00000001289.12	chr15_102326849_102328521_+	chr15	102326849	102328521	+	751
ENSMUSG00000001289.12	chr15_102328596_102328711_+	chr15	102328596	102328711	+	691
ENSMUSG00000001289.12	chr15_102328817_102331272_+	chr15	102328817	102331272	+	825
ENSMUSG00000056851.14	chr15_102490803_102498488_+	chr15	102490803	102498488	+	503
ENSMUSG00000062683.11	chr15_102663128_102665053_-	chr15	102665053	102663128	-	636
ENSMUSG00000062683.11	chr15_102665247_102665762_-	chr15	102665762	102665247	-	618
ENSMUSG00000062683.11	chr15_102665855_102667710_-	chr15	102667710	102665855	-	821
ENSMUSG00000062683.11	chr15_102667779_102671017_-	chr15	102671017	102667779	-	631
ENSMUSG00000000326.13	chr16_18408040_18410682_-	chr16	18410682	18408040	-	629
ENSMUSG00000000326.13	chr16_18410814_18411126_-	chr16	18411126	18410814	-	601
ENSMUSG00000000326.13	chr16_18411320_18411689_-	chr16	18411689	18411320	-	702
ENSMUSG00000022841.15	chr16_20537734_20539307_+	chr16	20537734	20539307	+	376
ENSMUSG00000022841.15	chr16_20539573_20540332_+	chr16	20539573	20540332	+	447
ENSMUSG00000022841.15	chr16_20541110_20541209_+	chr16	20541110	20541209	+	506
ENSMUSG00000022841.15	chr16_20541351_20541746_+	chr16	20541351	20541746	+	389
ENSMUSG00000022841.15	chr16_20541866_20541955_+	chr16	20541866	20541955	+	620
ENSMUSG00000022841.15	chr16_20542091_20542196_+	chr16	20542091	20542196	+	589
ENSMUSG00000022841.15	chr16_20542294_20542638_+	chr16	20542294	20542638	+	758
ENSMUSG00000022841.15	chr16_20542750_20543310_+	chr16	20542750	20543310	+	595
ENSMUSG00000022841.15	chr16_20535601_20537617_+	chr16	20535601	20537617	+	237
ENSMUSG00000060636.14	chr16_33056510_33057135_+	chr16	33056510	33057135	+	445
ENSMUSG00000060636.14	chr16_33057178_33057389_+	chr16	33057178	33057389	+	993
ENSMUSG00000060636.14	chr16_33057542_33058678_+	chr16	33057542	33058678	+	488
ENSMUSG00000060636.14	chr16_33058823_33060097_+	chr16	33058823	33060097	+	781
ENSMUSG00000022820.4	chr16_37647719_37649013_-	chr16	37649013	37647719	-	238
ENSMUSG00000055447.19	chr16_49895461_49896355_+	chr16	49895461	49896355	+	588
ENSMUSG00000055447.19	chr16_49855832_49867764_+	chr16	49855832	49867764	+	211
ENSMUSG00000055447.19	chr16_49868112_49884164_+	chr16	49868112	49884164	+	559
ENSMUSG00000055447.19	chr16_49884254_49894176_+	chr16	49884254	49894176	+	644
ENSMUSG00000055447.19	chr16_49894284_49895368_+	chr16	49894284	49895368	+	576
ENSMUSG00000055447.19	chr16_49896448_49898039_+	chr16	49896448	49898039	+	536
ENSMUSG00000055447.19	chr16_49898132_49906780_+	chr16	49898132	49906780	+	419
ENSMUSG00000055447.19	chr16_49906812_49910868_+	chr16	49906812	49910868	+	422
ENSMUSG00000022890.13	chr16_84827995_84828424_-	chr16	84828424	84827995	-	1041
ENSMUSG00000022890.13	chr16_84828549_84831328_-	chr16	84831328	84828549	-	1021
ENSMUSG00000022890.13	chr16_84831507_84834808_-	chr16	84834808	84831507	-	944
ENSMUSG00000022982.10	chr16_90220929_90222779_+	chr16	90220929	90222779	+	1825
ENSMUSG00000022982.10	chr16_90222876_90224355_+	chr16	90222876	90224355	+	2598
ENSMUSG00000022982.10	chr16_90224425_90225144_+	chr16	90224425	90225144	+	2790
ENSMUSG00000022982.10	chr16_90225262_90226149_+	chr16	90225262	90226149	+	1678
ENSMUSG00000022969.13	chr16_91421890_91424877_+	chr16	91421890	91424877	+	644
ENSMUSG00000022961.18	chr16_91647984_91651629_+	chr16	91647984	91651629	+	211
ENSMUSG00000022961.18	chr16_91651796_91654610_+	chr16	91651796	91654610	+	406
ENSMUSG00000022956.11	chr16_91925391_91925540_-	chr16	91925540	91925391	-	227
ENSMUSG00000096255.2	chr17_6431921_6435007_+	chr17	6431921	6435007	+	211
ENSMUSG00000000579.14	chr17_6601836_6603486_+	chr17	6601836	6603486	+	236
ENSMUSG00000000579.14	chr17_6607151_6607500_+	chr17	6607151	6607500	+	249
ENSMUSG00000095677.2	chr17_6649337_6649686_-	chr17	6649686	6649337	-	209
ENSMUSG00000023861.17	chr17_8296631_8296823_+	chr17	8296631	8296823	+	595
ENSMUSG00000023861.17	chr17_8296956_8297137_+	chr17	8296956	8297137	+	586
ENSMUSG00000073468.11	chr17_8318930_8319418_+	chr17	8318930	8319418	+	1037
ENSMUSG00000073468.11	chr17_8319501_8320599_+	chr17	8319501	8320599	+	1520
ENSMUSG00000073468.11	chr17_8320681_8321799_+	chr17	8320681	8321799	+	1264
ENSMUSG00000073468.11	chr17_8321835_8323276_+	chr17	8321835	8323276	+	1231
ENSMUSG00000073468.11	chr17_8323335_8324433_+	chr17	8323335	8324433	+	1558
ENSMUSG00000073468.11	chr17_8324463_8326954_+	chr17	8324463	8326954	+	1633
ENSMUSG00000014769.10	chr17_15476205_15477314_-	chr17	15477314	15476205	-	932
ENSMUSG00000014769.10	chr17_15477421_15490155_-	chr17	15490155	15477421	-	982
ENSMUSG00000014769.10	chr17_15490285_15493097_-	chr17	15493097	15490285	-	986
ENSMUSG00000014769.10	chr17_15493179_15494415_-	chr17	15494415	15493179	-	580
ENSMUSG00000014769.10	chr17_15494523_15498152_-	chr17	15498152	15494523	-	942
ENSMUSG00000039218.17	chr17_23808173_23808353_+	chr17	23808173	23808353	+	253
ENSMUSG00000055839.6	chr17_23824979_23827467_-	chr17	23827467	23824979	-	300
ENSMUSG00000055839.6	chr17_23827573_23828843_-	chr17	23828843	23827573	-	347
ENSMUSG00000055839.6	chr17_23828978_23829082_-	chr17	23829082	23828978	-	369
ENSMUSG00000044533.15	chr17_24720132_24720272_+	chr17	24720132	24720272	+	1067
ENSMUSG00000044533.15	chr17_24720452_24720533_+	chr17	24720452	24720533	+	1819
ENSMUSG00000044533.15	chr17_24720731_24720968_+	chr17	24720731	24720968	+	1675
ENSMUSG00000044533.15	chr17_24721302_24721622_+	chr17	24721302	24721622	+	1432
ENSMUSG00000044533.15	chr17_24721714_24721802_+	chr17	24721714	24721802	+	1761
ENSMUSG00000040048.14	chr17_24722220_24722380_-	chr17	24722380	24722220	-	278
ENSMUSG00000040048.14	chr17_24722520_24722654_-	chr17	24722654	24722520	-	309
ENSMUSG00000040048.14	chr17_24722793_24724186_-	chr17	24724186	24722793	-	342
ENSMUSG00000015120.15	chr17_25262491_25264765_-	chr17	25264765	25262491	-	751
ENSMUSG00000015120.15	chr17_25264845_25265118_-	chr17	25265118	25264845	-	685
ENSMUSG00000015120.15	chr17_25265228_25268540_-	chr17	25268540	25265228	-	633
ENSMUSG00000015120.15	chr17_25268613_25269191_-	chr17	25269191	25268613	-	571
ENSMUSG00000015120.15	chr17_25269275_25269402_-	chr17	25269402	25269275	-	511
ENSMUSG00000015120.15	chr17_25269479_25273320_-	chr17	25273320	25269479	-	428
ENSMUSG00000024190.6	chr17_26507204_26507573_-	chr17	26507573	26507204	-	1380
ENSMUSG00000024190.6	chr17_26507719_26507956_-	chr17	26507956	26507719	-	943
ENSMUSG00000015575.14	chr17_26676578_26682677_+	chr17	26676578	26682677	+	670
ENSMUSG00000015575.14	chr17_26682725_26695354_+	chr17	26682725	26695354	+	505
ENSMUSG00000015575.14	chr17_26695484_26699211_+	chr17	26695484	26699211	+	771
ENSMUSG00000024217.10	chr17_27840506_27842269_+	chr17	27840506	27842269	+	270
ENSMUSG00000024217.10	chr17_27845272_27847952_+	chr17	27845272	27847952	+	247
ENSMUSG00000024217.10	chr17_27848057_27851637_+	chr17	27848057	27851637	+	279
ENSMUSG00000037805.15	chr17_28328885_28328966_+	chr17	28328885	28328966	+	1325
ENSMUSG00000037805.15	chr17_28329047_28329373_+	chr17	28329047	28329373	+	1103
ENSMUSG00000037805.15	chr17_28329522_28330524_+	chr17	28329522	28330524	+	1739
ENSMUSG00000037805.15	chr17_28330697_28330829_+	chr17	28330697	28330829	+	1462
ENSMUSG00000024038.16	chr17_31520261_31521568_+	chr17	31520261	31521568	+	233
ENSMUSG00000077450.12	chr17_33747813_33748509_-	chr17	33748509	33747813	-	337
ENSMUSG00000077450.12	chr17_33748590_33748866_-	chr17	33748866	33748590	-	318
ENSMUSG00000077450.12	chr17_33749060_33749781_-	chr17	33749781	33749060	-	330
ENSMUSG00000077450.12	chr17_33749977_33760222_-	chr17	33760222	33749977	-	233
ENSMUSG00000067288.12	chr17_33823330_33824298_-	chr17	33824298	33823330	-	993
ENSMUSG00000067288.12	chr17_33824346_33824433_-	chr17	33824433	33824346	-	1465
ENSMUSG00000041881.12	chr17_33824680_33825600_+	chr17	33824680	33825600	+	397
ENSMUSG00000041881.12	chr17_33825650_33829666_+	chr17	33825650	33829666	+	216
ENSMUSG00000041881.12	chr17_33829816_33838098_+	chr17	33829816	33838098	+	239
ENSMUSG00000024308.14	chr17_33920509_33925409_+	chr17	33920509	33925409	+	474
ENSMUSG00000024308.14	chr17_33926349_33926427_+	chr17	33926349	33926427	+	255
ENSMUSG00000024308.14	chr17_33926706_33928139_+	chr17	33926706	33928139	+	252
ENSMUSG00000024308.14	chr17_33926517_33926626_+	chr17	33926517	33926626	+	230
ENSMUSG00000008668.14	chr17_33952118_33952220_-	chr17	33952220	33952118	-	4120
ENSMUSG00000008668.14	chr17_33952312_33952402_-	chr17	33952402	33952312	-	3659
ENSMUSG00000008668.14	chr17_33952591_33955077_-	chr17	33955077	33952591	-	3243
ENSMUSG00000008668.14	chr17_33955176_33955617_-	chr17	33955617	33955176	-	5026
ENSMUSG00000061232.15	chr17_33996503_33996615_-	chr17	33996615	33996503	-	4955
ENSMUSG00000061232.15	chr17_33996654_33996826_-	chr17	33996826	33996654	-	4852
ENSMUSG00000061232.15	chr17_33996859_33997037_-	chr17	33997037	33996859	-	5045
ENSMUSG00000061232.15	chr17_33997157_33997284_-	chr17	33997284	33997157	-	7387
ENSMUSG00000061232.15	chr17_33997560_33999270_-	chr17	33999270	33997560	-	5909
ENSMUSG00000061232.15	chr17_33999546_33999733_-	chr17	33999733	33999546	-	5223
ENSMUSG00000061232.15	chr17_34000003_34000193_-	chr17	34000193	34000003	-	3202
ENSMUSG00000007041.9	chr17_35050486_35052434_+	chr17	35050486	35052434	+	601
ENSMUSG00000007041.9	chr17_35052544_35052780_+	chr17	35052544	35052780	+	1170
ENSMUSG00000007041.9	chr17_35052906_35053032_+	chr17	35052906	35053032	+	726
ENSMUSG00000007041.9	chr17_35053139_35055226_+	chr17	35053139	35055226	+	983
ENSMUSG00000007041.9	chr17_35055408_35058329_+	chr17	35055408	35058329	+	1124
ENSMUSG00000073411.11	chr17_35263186_35263378_+	chr17	35263186	35263378	+	4608
ENSMUSG00000073411.11	chr17_35263648_35263838_+	chr17	35263648	35263838	+	8242
ENSMUSG00000073411.11	chr17_35264114_35265783_+	chr17	35264114	35265783	+	11812
ENSMUSG00000073411.11	chr17_35266059_35266186_+	chr17	35266059	35266186	+	9615
ENSMUSG00000073411.11	chr17_35266303_35266481_+	chr17	35266303	35266481	+	9481
ENSMUSG00000073411.11	chr17_35266514_35266687_+	chr17	35266514	35266687	+	9664
ENSMUSG00000073411.11	chr17_35266726_35266865_+	chr17	35266726	35266865	+	9963
ENSMUSG00000035929.11	chr17_35344854_35382957_-	chr17	35382957	35344854	-	420
ENSMUSG00000067212.8	chr17_36030400_36030577_-	chr17	36030577	36030400	-	401
ENSMUSG00000067212.8	chr17_36031913_36032152_-	chr17	36032152	36031913	-	559
ENSMUSG00000067212.8	chr17_36030231_36030370_-	chr17	36030370	36030231	-	493
ENSMUSG00000067212.8	chr17_36030694_36030821_-	chr17	36030821	36030694	-	570
ENSMUSG00000067212.8	chr17_36031097_36031637_-	chr17	36031637	36031097	-	732
ENSMUSG00000067212.8	chr17_36032422_36032608_-	chr17	36032608	36032422	-	419
ENSMUSG00000023944.14	chr17_45568124_45568228_-	chr17	45568228	45568124	-	921
ENSMUSG00000023944.14	chr17_45568562_45568857_-	chr17	45568857	45568562	-	1046
ENSMUSG00000023944.14	chr17_45569126_45569239_-	chr17	45569239	45569126	-	1644
ENSMUSG00000023944.14	chr17_45569387_45569469_-	chr17	45569469	45569387	-	776
ENSMUSG00000023944.14	chr17_45569826_45570257_-	chr17	45570257	45569826	-	721
ENSMUSG00000023944.14	chr17_45570566_45570665_-	chr17	45570665	45570566	-	1252
ENSMUSG00000023944.14	chr17_45570799_45571017_-	chr17	45571017	45570799	-	1520
ENSMUSG00000023944.14	chr17_45571177_45571412_-	chr17	45571412	45571177	-	1444
ENSMUSG00000023944.14	chr17_45571619_45571764_-	chr17	45571764	45571619	-	924
ENSMUSG00000023944.14	chr17_45571911_45573166_-	chr17	45573166	45571911	-	1477
ENSMUSG00000023973.13	chr17_46737849_46743185_-	chr17	46743185	46737849	-	294
ENSMUSG00000057863.6	chr17_56613448_56613585_+	chr17	56613448	56613585	+	1775
ENSMUSG00000057863.6	chr17_56613680_56613906_+	chr17	56613680	56613906	+	1624
ENSMUSG00000057863.6	chr17_56614041_56614123_+	chr17	56614041	56614123	+	1861
ENSMUSG00000024099.15	chr17_66079587_66080810_-	chr17	66080810	66079587	-	205
ENSMUSG00000024099.15	chr17_66080887_66083397_-	chr17	66083397	66080887	-	301
ENSMUSG00000024099.15	chr17_66083507_66087402_-	chr17	66087402	66083507	-	286
ENSMUSG00000024099.15	chr17_66087571_66089231_-	chr17	66089231	66087571	-	315
ENSMUSG00000024099.15	chr17_66089348_66089430_-	chr17	66089430	66089348	-	318
ENSMUSG00000024099.15	chr17_66089493_66091863_-	chr17	66091863	66089493	-	288
ENSMUSG00000024099.15	chr17_66091929_66101414_-	chr17	66101414	66091929	-	330
ENSMUSG00000036438.12	chr17_87434055_87435075_-	chr17	87435075	87434055	-	1956
ENSMUSG00000036438.12	chr17_87435211_87435603_-	chr17	87435603	87435211	-	1545
ENSMUSG00000036438.12	chr17_87435710_87435790_-	chr17	87435790	87435710	-	2116
ENSMUSG00000036438.12	chr17_87435934_87442695_-	chr17	87442695	87435934	-	999
ENSMUSG00000036438.12	chr17_87442726_87446792_-	chr17	87446792	87442726	-	1687
ENSMUSG00000037058.14	chr18_35613502_35616198_+	chr18	35613502	35616198	+	552
ENSMUSG00000024425.3	chr18_38443004_38447690_+	chr18	38443004	38447690	+	590
ENSMUSG00000024425.3	chr18_38447821_38451554_+	chr18	38447821	38451554	+	608
ENSMUSG00000024425.3	chr18_38452429_38456054_+	chr18	38452429	38456054	+	514
ENSMUSG00000024425.3	chr18_38456121_38460544_+	chr18	38456121	38460544	+	478
ENSMUSG00000024425.3	chr18_38460650_38464276_+	chr18	38460650	38464276	+	264
ENSMUSG00000024425.3	chr18_38419176_38442916_+	chr18	38419176	38442916	+	282
ENSMUSG00000024425.3	chr18_38451642_38452304_+	chr18	38451642	38452304	+	386
ENSMUSG00000024608.10	chr18_60774686_60776400_+	chr18	60774686	60776400	+	2966
ENSMUSG00000024608.10	chr18_60776551_60776929_+	chr18	60776551	60776929	+	2540
ENSMUSG00000024608.10	chr18_60777091_60777812_+	chr18	60777091	60777812	+	3283
ENSMUSG00000024608.10	chr18_60777889_60778430_+	chr18	60777889	60778430	+	3060
ENSMUSG00000024576.14	chr18_61569562_61575409_+	chr18	61569562	61575409	+	242
ENSMUSG00000024576.14	chr18_61575549_61576506_+	chr18	61575549	61576506	+	236
ENSMUSG00000024516.12	chr18_65814957_65816820_+	chr18	65814957	65816820	+	352
ENSMUSG00000024516.12	chr18_65816878_65817459_+	chr18	65816878	65817459	+	211
ENSMUSG00000062328.7	chr18_75000543_75001190_+	chr18	75000543	75001190	+	857
ENSMUSG00000062328.7	chr18_75001243_75001349_+	chr18	75001243	75001349	+	1644
ENSMUSG00000062328.7	chr18_75001390_75001665_+	chr18	75001390	75001665	+	1658
ENSMUSG00000062328.7	chr18_75001800_75002023_+	chr18	75001800	75002023	+	1656
ENSMUSG00000062328.7	chr18_75002122_75002660_+	chr18	75002122	75002660	+	1710
ENSMUSG00000062328.7	chr18_75002852_75003193_+	chr18	75002852	75003193	+	929
ENSMUSG00000025428.15	chr18_77781356_77781798_+	chr18	77781356	77781798	+	495
ENSMUSG00000025428.15	chr18_77781949_77782300_+	chr18	77781949	77782300	+	367
ENSMUSG00000024644.16	chr18_84668685_84668930_-	chr18	84668930	84668685	-	559
ENSMUSG00000024644.16	chr18_84669072_84669796_-	chr18	84669796	84669072	-	328
ENSMUSG00000024644.16	chr18_84669961_84670752_-	chr18	84670752	84669961	-	479
ENSMUSG00000024644.16	chr18_84670913_84672073_-	chr18	84672073	84670913	-	356
ENSMUSG00000024644.16	chr18_84672158_84674976_-	chr18	84674976	84672158	-	503
ENSMUSG00000060803.5	chr19_4035661_4035823_-	chr19	4035823	4035661	-	2489
ENSMUSG00000060803.5	chr19_4035931_4036687_-	chr19	4036687	4035931	-	2429
ENSMUSG00000060803.5	chr19_4036791_4037103_-	chr19	4037103	4036791	-	2070
ENSMUSG00000060803.5	chr19_4037191_4037289_-	chr19	4037289	4037191	-	1701
ENSMUSG00000060803.5	chr19_4037396_4037584_-	chr19	4037584	4037396	-	2512
ENSMUSG00000060803.5	chr19_4037620_4037862_-	chr19	4037862	4037620	-	2164
ENSMUSG00000038155.10	chr19_4040539_4040707_-	chr19	4040707	4040539	-	1317
ENSMUSG00000038155.10	chr19_4041085_4041397_-	chr19	4041397	4041085	-	1151
ENSMUSG00000038155.10	chr19_4041485_4041583_-	chr19	4041583	4041485	-	2058
ENSMUSG00000024835.14	chr19_4149544_4149862_+	chr19	4149544	4149862	+	540
ENSMUSG00000024835.14	chr19_4149985_4150089_+	chr19	4149985	4150089	+	798
ENSMUSG00000024835.14	chr19_4150219_4150439_+	chr19	4150219	4150439	+	911
ENSMUSG00000024835.14	chr19_4150826_4151394_+	chr19	4150826	4151394	+	726
ENSMUSG00000024835.14	chr19_4151499_4151579_+	chr19	4151499	4151579	+	830
ENSMUSG00000024835.14	chr19_4151725_4152521_+	chr19	4151725	4152521	+	836
ENSMUSG00000024835.14	chr19_4152579_4153226_+	chr19	4152579	4153226	+	740
ENSMUSG00000024835.14	chr19_4153490_4153596_+	chr19	4153490	4153596	+	518
ENSMUSG00000040385.6	chr19_4192271_4192744_+	chr19	4192271	4192744	+	765
ENSMUSG00000040385.6	chr19_4192876_4193021_+	chr19	4192876	4193021	+	926
ENSMUSG00000040385.6	chr19_4193252_4193766_+	chr19	4193252	4193766	+	1068
ENSMUSG00000040385.6	chr19_4193871_4194466_+	chr19	4193871	4194466	+	1567
ENSMUSG00000040385.6	chr19_4194690_4194771_+	chr19	4194690	4194771	+	1400
ENSMUSG00000040385.6	chr19_4194906_4194981_+	chr19	4194906	4194981	+	1653
ENSMUSG00000056201.7	chr19_5490602_5492496_+	chr19	5490602	5492496	+	1496
ENSMUSG00000056201.7	chr19_5492804_5493154_+	chr19	5492804	5493154	+	3441
ENSMUSG00000056201.7	chr19_5493231_5493380_+	chr19	5493231	5493380	+	2383
ENSMUSG00000038274.12	chr19_6058001_6058242_+	chr19	6058001	6058242	+	925
ENSMUSG00000038274.12	chr19_6058325_6058427_+	chr19	6058325	6058427	+	1422
ENSMUSG00000038274.12	chr19_6058572_6059143_+	chr19	6058572	6059143	+	1190
ENSMUSG00000038274.12	chr19_6059199_6059348_+	chr19	6059199	6059348	+	1253
ENSMUSG00000024953.16	chr19_6906951_6907065_-	chr19	6907065	6906951	-	1404
ENSMUSG00000024953.16	chr19_6907127_6907241_-	chr19	6907241	6907127	-	1106
ENSMUSG00000024953.16	chr19_6907280_6907541_-	chr19	6907541	6907280	-	1128
ENSMUSG00000024953.16	chr19_6907673_6907981_-	chr19	6907981	6907673	-	1597
ENSMUSG00000024953.16	chr19_6908116_6909458_-	chr19	6909458	6908116	-	1052
ENSMUSG00000038812.16	chr19_6910262_6910362_+	chr19	6910262	6910362	+	585
ENSMUSG00000038812.16	chr19_6910464_6910583_+	chr19	6910464	6910583	+	348
ENSMUSG00000038812.16	chr19_6910673_6910751_+	chr19	6910673	6910751	+	522
ENSMUSG00000035885.4	chr19_7215484_7217398_-	chr19	7217398	7215484	-	957
ENSMUSG00000010095.13	chr19_8708094_8708193_-	chr19	8708193	8708094	-	808
ENSMUSG00000010095.13	chr19_8708277_8709004_-	chr19	8709004	8708277	-	697
ENSMUSG00000010095.13	chr19_8709145_8709229_-	chr19	8709229	8709145	-	595
ENSMUSG00000010095.13	chr19_8709410_8709549_-	chr19	8709549	8709410	-	815
ENSMUSG00000010095.13	chr19_8709608_8709714_-	chr19	8709714	8709608	-	633
ENSMUSG00000010095.13	chr19_8709783_8711833_-	chr19	8711833	8709783	-	722
ENSMUSG00000010095.13	chr19_8711928_8712729_-	chr19	8712729	8711928	-	742
ENSMUSG00000010095.13	chr19_8712903_8713341_-	chr19	8713341	8712903	-	764
ENSMUSG00000024661.6	chr19_9982983_9984180_+	chr19	9982983	9984180	+	9097
ENSMUSG00000024661.6	chr19_9984327_9984559_+	chr19	9984327	9984559	+	8672
ENSMUSG00000024661.6	chr19_9984685_9984780_+	chr19	9984685	9984780	+	9054
ENSMUSG00000025204.10	chr19_44553768_44554930_-	chr19	44554930	44553768	-	463
ENSMUSG00000071528.3	chr19_47086229_47090572_-	chr19	47090572	47086229	-	213
ENSMUSG00000025066.9	chr19_47732988_47733518_+	chr19	47732988	47733518	+	277
ENSMUSG00000039128.13	chr2_5833713_5841952_-	chr2	5841952	5833713	-	464
ENSMUSG00000039128.13	chr2_5842024_5844834_-	chr2	5844834	5842024	-	311
ENSMUSG00000025781.14	chr2_10056161_10056769_-	chr2	10056769	10056161	-	698
ENSMUSG00000025781.14	chr2_10056806_10058995_-	chr2	10058995	10056806	-	720
ENSMUSG00000025781.14	chr2_10059092_10059500_-	chr2	10059500	10059092	-	636
ENSMUSG00000025781.14	chr2_10059656_10063285_-	chr2	10063285	10059656	-	1251
ENSMUSG00000025781.14	chr2_10063350_10063442_-	chr2	10063442	10063350	-	992
ENSMUSG00000025781.14	chr2_10063586_10064106_-	chr2	10064106	10063586	-	933
ENSMUSG00000025781.14	chr2_10064311_10068609_-	chr2	10068609	10064311	-	900
ENSMUSG00000025781.14	chr2_10068741_10069692_-	chr2	10069692	10068741	-	448
ENSMUSG00000025781.14	chr2_10069727_10080347_-	chr2	10080347	10069727	-	686
ENSMUSG00000015092.9	chr2_25558029_25560150_+	chr2	25558029	25560150	+	524
ENSMUSG00000015092.9	chr2_25560202_25560539_+	chr2	25560202	25560539	+	604
ENSMUSG00000015092.9	chr2_25560700_25560968_+	chr2	25560700	25560968	+	460
ENSMUSG00000015092.9	chr2_25561062_25561850_+	chr2	25561062	25561850	+	387
ENSMUSG00000062647.16	chr2_26910830_26911005_+	chr2	26910830	26911005	+	597
ENSMUSG00000062647.16	chr2_26911126_26911421_+	chr2	26911126	26911421	+	901
ENSMUSG00000062647.16	chr2_26911571_26912018_+	chr2	26911571	26912018	+	1463
ENSMUSG00000062647.16	chr2_26912159_26912365_+	chr2	26912159	26912365	+	1119
ENSMUSG00000062647.16	chr2_26912445_26912670_+	chr2	26912445	26912670	+	1350
ENSMUSG00000062647.16	chr2_26912801_26912987_+	chr2	26912801	26912987	+	1172
ENSMUSG00000062647.16	chr2_26913057_26913164_+	chr2	26913057	26913164	+	898
ENSMUSG00000014867.9	chr2_26922171_26924344_-	chr2	26924344	26922171	-	400
ENSMUSG00000014867.9	chr2_26924531_26924952_-	chr2	26924952	26924531	-	445
ENSMUSG00000014867.9	chr2_26924996_26925607_-	chr2	26925607	26924996	-	346
ENSMUSG00000014867.9	chr2_26925684_26926768_-	chr2	26926768	26925684	-	411
ENSMUSG00000044627.11	chr2_32279131_32280708_-	chr2	32280708	32279131	-	224
ENSMUSG00000038900.17	chr2_32961839_32962048_+	chr2	32961839	32962048	+	817
ENSMUSG00000038900.17	chr2_32962122_32962573_+	chr2	32962122	32962573	+	800
ENSMUSG00000038900.17	chr2_32962672_32962984_+	chr2	32962672	32962984	+	1032
ENSMUSG00000038900.17	chr2_32963066_32963496_+	chr2	32963066	32963496	+	1056
ENSMUSG00000038900.17	chr2_32963583_32963740_+	chr2	32963583	32963740	+	1446
ENSMUSG00000038900.17	chr2_32963853_32963990_+	chr2	32963853	32963990	+	465
ENSMUSG00000026864.13	chr2_34772146_34772228_+	chr2	34772146	34772228	+	318
ENSMUSG00000026864.13	chr2_34772446_34772558_+	chr2	34772446	34772558	+	585
ENSMUSG00000026864.13	chr2_34772790_34773169_+	chr2	34772790	34773169	+	651
ENSMUSG00000026864.13	chr2_34773307_34773820_+	chr2	34773307	34773820	+	610
ENSMUSG00000026864.13	chr2_34773933_34774027_+	chr2	34773933	34774027	+	828
ENSMUSG00000026864.13	chr2_34774772_34775065_+	chr2	34774772	34775065	+	1124
ENSMUSG00000026864.13	chr2_34774418_34774534_+	chr2	34774418	34774534	+	1054
ENSMUSG00000026864.13	chr2_34775233_34775550_+	chr2	34775233	34775550	+	943
ENSMUSG00000026878.17	chr2_35186740_35189899_-	chr2	35189899	35186740	-	234
ENSMUSG00000062997.6	chr2_39004188_39004731_-	chr2	39004731	39004188	-	1260
ENSMUSG00000062997.6	chr2_39004868_39005083_-	chr2	39005083	39004868	-	1965
ENSMUSG00000068882.13	chr2_69867379_69867451_+	chr2	69867379	69867451	+	249
ENSMUSG00000018770.9	chr2_73908707_73909183_-	chr2	73909183	73908707	-	399
ENSMUSG00000018770.9	chr2_73909377_73909863_-	chr2	73909863	73909377	-	458
ENSMUSG00000018770.9	chr2_73909941_73910954_-	chr2	73910954	73909941	-	295
ENSMUSG00000018770.9	chr2_73911060_73911251_-	chr2	73911251	73911060	-	348
ENSMUSG00000002102.15	chr2_91054658_91054978_+	chr2	91054658	91054978	+	263
ENSMUSG00000002102.15	chr2_91055104_91055457_+	chr2	91055104	91055457	+	216
ENSMUSG00000002102.15	chr2_91055562_91055647_+	chr2	91055562	91055647	+	310
ENSMUSG00000002102.15	chr2_91055710_91055904_+	chr2	91055710	91055904	+	466
ENSMUSG00000002102.15	chr2_91056042_91056657_+	chr2	91056042	91056657	+	518
ENSMUSG00000002102.15	chr2_91056801_91056911_+	chr2	91056801	91056911	+	647
ENSMUSG00000002102.15	chr2_91057060_91057764_+	chr2	91057060	91057764	+	508
ENSMUSG00000002102.15	chr2_91057861_91058009_+	chr2	91057861	91058009	+	484
ENSMUSG00000002102.15	chr2_91058155_91059045_+	chr2	91058155	91059045	+	453
ENSMUSG00000002102.15	chr2_91059127_91059253_+	chr2	91059127	91059253	+	355
ENSMUSG00000027133.3	chr2_112262077_112262312_+	chr2	112262077	112262312	+	324
ENSMUSG00000027248.13	chr2_121414205_121422448_+	chr2	121414205	121422448	+	1103
ENSMUSG00000027248.13	chr2_121422527_121424524_+	chr2	121422527	121424524	+	1477
ENSMUSG00000027248.13	chr2_121424642_121426594_+	chr2	121424642	121426594	+	1928
ENSMUSG00000027248.13	chr2_121426702_121429453_+	chr2	121426702	121429453	+	1261
ENSMUSG00000027248.13	chr2_121429583_121431651_+	chr2	121429583	121431651	+	1692
ENSMUSG00000027248.13	chr2_121431768_121432273_+	chr2	121431768	121432273	+	1534
ENSMUSG00000027248.13	chr2_121432399_121433516_+	chr2	121432399	121433516	+	1330
ENSMUSG00000027248.13	chr2_121433699_121433984_+	chr2	121433699	121433984	+	1451
ENSMUSG00000027248.13	chr2_121434093_121434788_+	chr2	121434093	121434788	+	1573
ENSMUSG00000027248.13	chr2_121434917_121435920_+	chr2	121434917	121435920	+	1445
ENSMUSG00000027248.13	chr2_121436000_121436356_+	chr2	121436000	121436356	+	1117
ENSMUSG00000027248.13	chr2_121436414_121437585_+	chr2	121436414	121437585	+	1006
ENSMUSG00000074884.12	chr2_121449441_121449974_+	chr2	121449441	121449974	+	1281
ENSMUSG00000027236.8	chr2_122028911_122041155_+	chr2	122028911	122041155	+	431
ENSMUSG00000060802.8	chr2_122147804_122150872_+	chr2	122147804	122150872	+	9129
ENSMUSG00000060802.8	chr2_122151151_122151646_+	chr2	122151151	122151646	+	12901
ENSMUSG00000060802.8	chr2_122151675_122152650_+	chr2	122151675	122152650	+	13759
ENSMUSG00000027404.15	chr2_130171943_130172602_-	chr2	130172602	130171943	-	664
ENSMUSG00000027404.15	chr2_130172728_130173035_-	chr2	130173035	130172728	-	956
ENSMUSG00000027404.15	chr2_130173174_130173606_-	chr2	130173606	130173174	-	860
ENSMUSG00000027404.15	chr2_130173759_130175329_-	chr2	130175329	130173759	-	764
ENSMUSG00000027404.15	chr2_130175441_130177014_-	chr2	130177014	130175441	-	743
ENSMUSG00000027404.15	chr2_130177166_130179233_-	chr2	130179233	130177166	-	293
ENSMUSG00000027447.6	chr2_148872043_148872816_-	chr2	148872816	148872043	-	54657
ENSMUSG00000027447.6	chr2_148872930_148875152_-	chr2	148875152	148872930	-	67341
ENSMUSG00000032046.15	chr2_150833140_150834278_-	chr2	150834278	150833140	-	1335
ENSMUSG00000032046.15	chr2_150834406_150835272_-	chr2	150835272	150834406	-	1720
ENSMUSG00000032046.15	chr2_150837434_150838314_-	chr2	150838314	150837434	-	1269
ENSMUSG00000032046.15	chr2_150838394_150838740_-	chr2	150838740	150838394	-	1742
ENSMUSG00000032046.15	chr2_150839849_150842245_-	chr2	150842245	150839849	-	1759
ENSMUSG00000032046.15	chr2_150842291_150843390_-	chr2	150843390	150842291	-	2004
ENSMUSG00000032046.15	chr2_150843421_150846243_-	chr2	150846243	150843421	-	1921
ENSMUSG00000032046.15	chr2_150848457_150858359_-	chr2	150858359	150848457	-	1081
ENSMUSG00000032966.14	chr2_151542744_151542817_+	chr2	151542744	151542817	+	351
ENSMUSG00000032966.14	chr2_151542865_151557385_+	chr2	151542865	151557385	+	486
ENSMUSG00000032966.14	chr2_151557498_151559457_+	chr2	151557498	151559457	+	536
ENSMUSG00000032966.14	chr2_151559620_151560620_+	chr2	151559620	151560620	+	555
ENSMUSG00000019188.16	chr2_152688962_152689843_+	chr2	152688962	152689843	+	350
ENSMUSG00000047459.14	chr2_155236617_155242730_+	chr2	155236617	155242730	+	461
ENSMUSG00000047459.14	chr2_155242806_155247770_+	chr2	155242806	155247770	+	486
ENSMUSG00000047459.14	chr2_155247938_155249920_+	chr2	155247938	155249920	+	387
ENSMUSG00000027602.9	chr2_155277204_155277474_+	chr2	155277204	155277474	+	526
ENSMUSG00000027620.16	chr2_156177385_156179176_-	chr2	156179176	156177385	-	253
ENSMUSG00000027620.16	chr2_156179240_156179886_-	chr2	156179886	156179240	-	531
ENSMUSG00000027642.15	chr2_157294228_157295253_+	chr2	157294228	157295253	+	230
ENSMUSG00000027642.15	chr2_157316209_157317946_+	chr2	157316209	157317946	+	290
ENSMUSG00000027540.13	chr2_167974890_167975308_+	chr2	167974890	167975308	+	566
ENSMUSG00000016252.7	chr2_174461221_174462499_-	chr2	174462499	174461221	-	223
ENSMUSG00000016252.7	chr2_174462629_174463964_-	chr2	174463964	174462629	-	232
ENSMUSG00000027566.15	chr2_180036573_180036937_-	chr2	180036937	180036573	-	303
ENSMUSG00000027566.15	chr2_180037000_180037382_-	chr2	180037382	180037000	-	683
ENSMUSG00000027566.15	chr2_180037502_180038064_-	chr2	180038064	180037502	-	661
ENSMUSG00000027566.15	chr2_180039479_180042277_-	chr2	180042277	180039479	-	511
ENSMUSG00000039001.12	chr2_180257851_180257985_+	chr2	180257851	180257985	+	370
ENSMUSG00000039001.12	chr2_180258057_180258229_+	chr2	180258057	180258229	+	363
ENSMUSG00000039001.12	chr2_180258285_180258377_+	chr2	180258285	180258377	+	237
ENSMUSG00000027506.15	chr3_8944712_8947480_-	chr3	8947480	8944712	-	329
ENSMUSG00000027506.15	chr3_8947629_8953683_-	chr3	8953683	8947629	-	361
ENSMUSG00000027506.15	chr3_8953799_9004404_-	chr3	9004404	8953799	-	368
ENSMUSG00000027712.13	chr3_36460533_36461880_-	chr3	36461880	36460533	-	605
ENSMUSG00000037152.11	chr3_51408248_51408863_-	chr3	51408863	51408248	-	265
ENSMUSG00000028081.6	chr3_86138110_86138482_-	chr3	86138482	86138110	-	3173
ENSMUSG00000028081.6	chr3_86138592_86139039_-	chr3	86139039	86138592	-	2420
ENSMUSG00000028081.6	chr3_86139248_86141238_-	chr3	86141238	86139248	-	2753
ENSMUSG00000028081.6	chr3_86141426_86141697_-	chr3	86141697	86141426	-	2899
ENSMUSG00000028081.6	chr3_86141801_86142507_-	chr3	86142507	86141801	-	2507
ENSMUSG00000001418.13	chr3_88325201_88325676_+	chr3	88325201	88325676	+	262
ENSMUSG00000001418.13	chr3_88325931_88326114_+	chr3	88325931	88326114	+	391
ENSMUSG00000001418.13	chr3_88326312_88326410_+	chr3	88326312	88326410	+	437
ENSMUSG00000001418.13	chr3_88326629_88327856_+	chr3	88326629	88327856	+	481
ENSMUSG00000001418.13	chr3_88328113_88328202_+	chr3	88328113	88328202	+	456
ENSMUSG00000027940.18	chr3_90079863_90086445_+	chr3	90079863	90086445	+	577
ENSMUSG00000027940.18	chr3_90086579_90087454_+	chr3	90086579	90087454	+	833
ENSMUSG00000027940.18	chr3_90087572_90087673_+	chr3	90087572	90087673	+	1070
ENSMUSG00000027940.18	chr3_90087744_90088400_+	chr3	90087744	90088400	+	928
ENSMUSG00000027940.18	chr3_90088476_90089796_+	chr3	90088476	90089796	+	761
ENSMUSG00000027940.18	chr3_90089859_90090009_+	chr3	90089859	90090009	+	804
ENSMUSG00000027940.18	chr3_90090079_90099527_+	chr3	90090079	90099527	+	1104
ENSMUSG00000090733.6	chr3_90212753_90212933_-	chr3	90212933	90212753	-	3091
ENSMUSG00000090733.6	chr3_90213044_90213192_-	chr3	90213192	90213044	-	2321
ENSMUSG00000005779.12	chr3_94884440_94884670_-	chr3	94884670	94884440	-	363
ENSMUSG00000005779.12	chr3_94884759_94884916_-	chr3	94884916	94884759	-	502
ENSMUSG00000005779.12	chr3_94885033_94885659_-	chr3	94885659	94885033	-	798
ENSMUSG00000005779.12	chr3_94885741_94886074_-	chr3	94886074	94885741	-	707
ENSMUSG00000005779.12	chr3_94886221_94886440_-	chr3	94886440	94886221	-	563
ENSMUSG00000005779.12	chr3_94886647_94886768_-	chr3	94886768	94886647	-	523
ENSMUSG00000038374.10	chr3_96630028_96630301_+	chr3	96630028	96630301	+	261
ENSMUSG00000038374.10	chr3_96630554_96630865_+	chr3	96630554	96630865	+	338
ENSMUSG00000038374.10	chr3_96631002_96631431_+	chr3	96631002	96631431	+	215
ENSMUSG00000038374.10	chr3_96631568_96631688_+	chr3	96631568	96631688	+	293
ENSMUSG00000068798.10	chr3_105728964_105731955_-	chr3	105731955	105728964	-	405
ENSMUSG00000068798.10	chr3_105732071_105737754_-	chr3	105737754	105732071	-	434
ENSMUSG00000068798.10	chr3_105737898_105739513_-	chr3	105739513	105737898	-	474
ENSMUSG00000068798.10	chr3_105739654_105741345_-	chr3	105741345	105739654	-	355
ENSMUSG00000068798.10	chr3_105741402_105745903_-	chr3	105745903	105741402	-	275
ENSMUSG00000068798.10	chr3_105750328_105801238_-	chr3	105801238	105750328	-	214
ENSMUSG00000000563.17	chr3_105943063_105943686_-	chr3	105943686	105943063	-	352
ENSMUSG00000054091.9	chr3_122924656_122925478_+	chr3	122924656	122925478	+	221
ENSMUSG00000062006.12	chr3_130726959_130728747_-	chr3	130728747	130726959	-	1062
ENSMUSG00000062006.12	chr3_130728851_130729050_-	chr3	130729050	130728851	-	1031
ENSMUSG00000062006.12	chr3_130729150_130729228_-	chr3	130729228	130729150	-	1078
ENSMUSG00000062006.12	chr3_130729302_130730317_-	chr3	130730317	130729302	-	976
ENSMUSG00000078578.9	chr3_135439798_135455185_+	chr3	135439798	135455185	+	467
ENSMUSG00000078578.9	chr3_135455249_135455345_+	chr3	135455249	135455345	+	611
ENSMUSG00000078578.9	chr3_135455377_135458797_+	chr3	135455377	135458797	+	542
ENSMUSG00000078578.9	chr3_135458875_135459974_+	chr3	135458875	135459974	+	479
ENSMUSG00000078578.9	chr3_135460080_135462949_+	chr3	135460080	135462949	+	577
ENSMUSG00000078578.9	chr3_135463043_135465194_+	chr3	135463043	135465194	+	806
ENSMUSG00000037894.13	chr3_137865633_137866010_+	chr3	137865633	137866010	+	1899
ENSMUSG00000037072.15	chr3_144570799_144577585_+	chr3	144570799	144577585	+	1141
ENSMUSG00000037072.15	chr3_144577753_144590611_+	chr3	144577753	144590611	+	1064
ENSMUSG00000037072.15	chr3_144590675_144594900_+	chr3	144590675	144594900	+	1076
ENSMUSG00000037072.15	chr3_144594950_144596822_+	chr3	144594950	144596822	+	1315
ENSMUSG00000068523.12	chr3_146500020_146503259_+	chr3	146500020	146503259	+	782
ENSMUSG00000068523.12	chr3_146503399_146505333_+	chr3	146503399	146505333	+	876
ENSMUSG00000028234.6	chr4_3834683_3834935_-	chr4	3834935	3834683	-	1690
ENSMUSG00000028234.6	chr4_3835009_3835191_-	chr4	3835191	3835009	-	1298
ENSMUSG00000028234.6	chr4_3835291_3835483_-	chr4	3835483	3835291	-	2207
ENSMUSG00000028249.15	chr4_6365759_6377076_+	chr4	6365759	6377076	+	368
ENSMUSG00000028249.15	chr4_6377142_6378965_+	chr4	6377142	6378965	+	245
ENSMUSG00000028249.15	chr4_6379047_6380989_+	chr4	6379047	6380989	+	324
ENSMUSG00000028249.15	chr4_6381099_6385025_+	chr4	6381099	6385025	+	473
ENSMUSG00000028249.15	chr4_6385187_6386532_+	chr4	6385187	6386532	+	521
ENSMUSG00000028249.15	chr4_6386708_6392945_+	chr4	6386708	6392945	+	626
ENSMUSG00000028249.15	chr4_6393117_6393636_+	chr4	6393117	6393636	+	794
ENSMUSG00000028249.15	chr4_6393728_6394509_+	chr4	6393728	6394509	+	783
ENSMUSG00000040128.9	chr4_33246507_33247947_-	chr4	33247947	33246507	-	306
ENSMUSG00000028410.13	chr4_40722633_40723702_+	chr4	40722633	40723702	+	205
ENSMUSG00000028409.11	chr4_40738442_40739518_-	chr4	40739518	40738442	-	228
ENSMUSG00000028409.11	chr4_40739686_40743014_-	chr4	40743014	40739686	-	290
ENSMUSG00000028409.11	chr4_40743141_40744030_-	chr4	40744030	40743141	-	231
ENSMUSG00000028409.11	chr4_40744158_40745451_-	chr4	40745451	40744158	-	254
ENSMUSG00000036241.3	chr4_41136246_41174040_+	chr4	41136246	41174040	+	267
ENSMUSG00000036241.3	chr4_41183342_41189151_+	chr4	41183342	41189151	+	317
ENSMUSG00000036241.3	chr4_41189286_41190604_+	chr4	41189286	41190604	+	258
ENSMUSG00000028478.18	chr4_44013008_44018812_+	chr4	44013008	44018812	+	538
ENSMUSG00000028478.18	chr4_44018850_44019873_+	chr4	44018850	44019873	+	691
ENSMUSG00000028478.18	chr4_44025560_44032400_+	chr4	44025560	44032400	+	521
ENSMUSG00000053317.11	chr4_47474753_47474911_+	chr4	47474753	47474911	+	378
ENSMUSG00000053317.11	chr4_47475009_47480130_+	chr4	47475009	47480130	+	218
ENSMUSG00000053317.11	chr4_47480232_47482974_+	chr4	47480232	47482974	+	292
ENSMUSG00000028367.5	chr4_57943967_57945146_-	chr4	57945146	57943967	-	801
ENSMUSG00000028367.5	chr4_57945212_57950838_-	chr4	57950838	57945212	-	764
ENSMUSG00000028367.5	chr4_57950898_57951796_-	chr4	57951796	57950898	-	848
ENSMUSG00000028367.5	chr4_57951901_57956186_-	chr4	57956186	57951901	-	552
ENSMUSG00000028495.14	chr4_86854955_86855866_-	chr4	86855866	86854955	-	2298
ENSMUSG00000028495.14	chr4_86856013_86856145_-	chr4	86856145	86856013	-	2657
ENSMUSG00000028495.14	chr4_86856356_86856727_-	chr4	86856727	86856356	-	2217
ENSMUSG00000028495.14	chr4_86856859_86857320_-	chr4	86857320	86856859	-	1787
ENSMUSG00000028497.12	chr4_88414346_88419698_-	chr4	88419698	88414346	-	401
ENSMUSG00000028497.12	chr4_88419824_88422990_-	chr4	88422990	88419824	-	335
ENSMUSG00000028497.12	chr4_88423097_88426735_-	chr4	88426735	88423097	-	664
ENSMUSG00000028497.12	chr4_88426848_88434938_-	chr4	88434938	88426848	-	493
ENSMUSG00000028497.12	chr4_88435066_88437459_-	chr4	88437459	88435066	-	372
ENSMUSG00000028497.12	chr4_88437563_88438832_-	chr4	88438832	88437563	-	480
ENSMUSG00000028618.11	chr4_107178917_107185777_+	chr4	107178917	107185777	+	1128
ENSMUSG00000028618.11	chr4_107185883_107187618_+	chr4	107185883	107187618	+	1107
ENSMUSG00000028618.11	chr4_107187713_107190534_+	chr4	107187713	107190534	+	1664
ENSMUSG00000028618.11	chr4_107190687_107192461_+	chr4	107190687	107192461	+	1561
ENSMUSG00000028618.11	chr4_107192543_107193298_+	chr4	107192543	107193298	+	1258
ENSMUSG00000028618.11	chr4_107193380_107197505_+	chr4	107193380	107197505	+	1685
ENSMUSG00000028618.11	chr4_107197614_107200367_+	chr4	107197614	107200367	+	1328
ENSMUSG00000063882.12	chr4_116067172_116069862_-	chr4	116069862	116067172	-	682
ENSMUSG00000063882.12	chr4_116070024_116070736_-	chr4	116070736	116070024	-	604
ENSMUSG00000063882.12	chr4_116070757_116074915_-	chr4	116074915	116070757	-	683
ENSMUSG00000028692.14	chr4_116636669_116637761_-	chr4	116637761	116636669	-	982
ENSMUSG00000028692.14	chr4_116637848_116637975_-	chr4	116637975	116637848	-	932
ENSMUSG00000028692.14	chr4_116638048_116638960_-	chr4	116638960	116638048	-	665
ENSMUSG00000028692.14	chr4_116639160_116639809_-	chr4	116639809	116639160	-	1227
ENSMUSG00000028692.14	chr4_116640005_116640990_-	chr4	116640990	116640005	-	1456
ENSMUSG00000028692.14	chr4_116641142_116641857_-	chr4	116641857	116641142	-	1670
ENSMUSG00000028692.14	chr4_116641977_116645503_-	chr4	116645503	116641977	-	1191
ENSMUSG00000028692.14	chr4_116645593_116651338_-	chr4	116651338	116645593	-	968
ENSMUSG00000028691.12	chr4_116685660_116687406_+	chr4	116685660	116687406	+	1239
ENSMUSG00000028691.12	chr4_116687523_116691775_+	chr4	116687523	116691775	+	874
ENSMUSG00000028691.12	chr4_116691929_116692882_+	chr4	116691929	116692882	+	1133
ENSMUSG00000028691.12	chr4_116693005_116693716_+	chr4	116693005	116693716	+	1494
ENSMUSG00000028691.12	chr4_116693847_116699170_+	chr4	116693847	116699170	+	1196
ENSMUSG00000047675.15	chr4_117153987_117154298_-	chr4	117154298	117153987	-	1532
ENSMUSG00000047675.15	chr4_117154428_117154637_-	chr4	117154637	117154428	-	1252
ENSMUSG00000047675.15	chr4_117154813_117155007_-	chr4	117155007	117154813	-	2149
ENSMUSG00000047675.15	chr4_117155107_117155570_-	chr4	117155570	117155107	-	1316
ENSMUSG00000047675.15	chr4_117155677_117156057_-	chr4	117156057	117155677	-	1664
ENSMUSG00000033379.13	chr4_117884641_117885103_-	chr4	117885103	117884641	-	939
ENSMUSG00000033379.13	chr4_117885294_117885628_-	chr4	117885628	117885294	-	802
ENSMUSG00000033379.13	chr4_117885873_117886067_-	chr4	117886067	117885873	-	871
ENSMUSG00000033379.13	chr4_117886145_117886275_-	chr4	117886275	117886145	-	604
ENSMUSG00000033379.13	chr4_117886359_117886589_-	chr4	117886589	117886359	-	448
ENSMUSG00000033379.13	chr4_117886638_117887169_-	chr4	117887169	117886638	-	312
ENSMUSG00000028639.14	chr4_119278367_119278933_-	chr4	119278933	119278367	-	429
ENSMUSG00000028639.14	chr4_119279199_119281569_-	chr4	119281569	119279199	-	950
ENSMUSG00000028639.14	chr4_119281652_119282145_-	chr4	119282145	119281652	-	1224
ENSMUSG00000028639.14	chr4_119282448_119282780_-	chr4	119282780	119282448	-	1307
ENSMUSG00000028639.14	chr4_119282870_119285108_-	chr4	119285108	119282870	-	1201
ENSMUSG00000028639.14	chr4_119285142_119293741_-	chr4	119293741	119285142	-	1110
ENSMUSG00000028639.14	chr4_119293805_119294203_-	chr4	119294203	119293805	-	803
ENSMUSG00000028837.8	chr4_126677845_126684121_+	chr4	126677845	126684121	+	369
ENSMUSG00000028837.8	chr4_126684244_126687028_+	chr4	126684244	126687028	+	356
ENSMUSG00000028837.8	chr4_126687099_126706057_+	chr4	126687099	126706057	+	463
ENSMUSG00000028837.8	chr4_126706220_126707553_+	chr4	126706220	126707553	+	379
ENSMUSG00000028837.8	chr4_126707603_126709478_+	chr4	126707603	126709478	+	311
ENSMUSG00000028790.13	chr4_129720853_129722644_-	chr4	129722644	129720853	-	285
ENSMUSG00000028788.14	chr4_129839678_129842669_+	chr4	129839678	129842669	+	1628
ENSMUSG00000028788.14	chr4_129842762_129845061_+	chr4	129842762	129845061	+	1199
ENSMUSG00000028788.14	chr4_129845192_129846464_+	chr4	129845192	129846464	+	1376
ENSMUSG00000028788.14	chr4_129846539_129847713_+	chr4	129846539	129847713	+	1325
ENSMUSG00000054428.12	chr4_132533387_132533481_-	chr4	132533481	132533387	-	328
ENSMUSG00000028868.13	chr4_133130728_133176440_+	chr4	133130728	133176440	+	282
ENSMUSG00000028868.13	chr4_133176612_133184968_+	chr4	133176612	133184968	+	278
ENSMUSG00000028868.13	chr4_133185103_133185598_+	chr4	133185103	133185598	+	261
ENSMUSG00000028868.13	chr4_133185752_133189077_+	chr4	133185752	133189077	+	288
ENSMUSG00000003038.15	chr4_133966046_133966428_-	chr4	133966428	133966046	-	252
ENSMUSG00000003038.15	chr4_133966479_133966765_-	chr4	133966765	133966479	-	239
ENSMUSG00000003038.15	chr4_133966795_133966956_-	chr4	133966956	133966795	-	215
ENSMUSG00000028843.8	chr4_134127806_134127917_-	chr4	134127917	134127806	-	2705
ENSMUSG00000028843.8	chr4_134128085_134128615_-	chr4	134128615	134128085	-	2128
ENSMUSG00000028822.11	chr4_134898476_134900699_-	chr4	134900699	134898476	-	714
ENSMUSG00000028822.11	chr4_134900760_134903649_-	chr4	134903649	134900760	-	628
ENSMUSG00000028822.11	chr4_134903742_134905343_-	chr4	134905343	134903742	-	850
ENSMUSG00000028822.11	chr4_134905411_134909612_-	chr4	134909612	134905411	-	1256
ENSMUSG00000028822.11	chr4_134909725_134913090_-	chr4	134913090	134909725	-	594
ENSMUSG00000028822.11	chr4_134913195_134914888_-	chr4	134914888	134913195	-	394
ENSMUSG00000037266.18	chr4_134926818_134926930_+	chr4	134926818	134926930	+	370
ENSMUSG00000028821.8	chr4_134936081_134936839_+	chr4	134936081	134936839	+	208
ENSMUSG00000059291.15	chr4_136050016_136050279_-	chr4	136050279	136050016	-	506
ENSMUSG00000059291.15	chr4_136050390_136051170_-	chr4	136051170	136050390	-	1851
ENSMUSG00000059291.15	chr4_136051302_136051613_-	chr4	136051613	136051302	-	1134
ENSMUSG00000059291.15	chr4_136051720_136052566_-	chr4	136052566	136051720	-	1470
ENSMUSG00000059291.15	chr4_136052717_136053347_-	chr4	136053347	136052717	-	1344
ENSMUSG00000006699.17	chr4_137321192_137328712_-	chr4	137328712	137321192	-	649
ENSMUSG00000006699.17	chr4_137328910_137329014_-	chr4	137329014	137328910	-	749
ENSMUSG00000006699.17	chr4_137329124_137332406_-	chr4	137332406	137329124	-	732
ENSMUSG00000006699.17	chr4_137332479_137335974_-	chr4	137335974	137332479	-	675
ENSMUSG00000006699.17	chr4_137336129_137357645_-	chr4	137357645	137336129	-	426
ENSMUSG00000028757.4	chr4_138305038_138305154_+	chr4	138305038	138305154	+	314
ENSMUSG00000028757.4	chr4_138305265_138308242_+	chr4	138305265	138308242	+	417
ENSMUSG00000028757.4	chr4_138308329_138309349_+	chr4	138308329	138309349	+	586
ENSMUSG00000028757.4	chr4_138309453_138309589_+	chr4	138309453	138309589	+	770
ENSMUSG00000028757.4	chr4_138309684_138310183_+	chr4	138309684	138310183	+	1045
ENSMUSG00000028757.4	chr4_138310277_138310602_+	chr4	138310277	138310602	+	872
ENSMUSG00000028757.4	chr4_138310751_138310840_+	chr4	138310751	138310840	+	1080
ENSMUSG00000028757.4	chr4_138310988_138311409_+	chr4	138310988	138311409	+	1342
ENSMUSG00000028757.4	chr4_138311530_138311639_+	chr4	138311530	138311639	+	842
ENSMUSG00000028757.4	chr4_138311746_138311833_+	chr4	138311746	138311833	+	1645
ENSMUSG00000050608.11	chr4_139104012_139104989_-	chr4	139104989	139104012	-	412
ENSMUSG00000050608.11	chr4_139105099_139105855_-	chr4	139105855	139105099	-	340
ENSMUSG00000050608.11	chr4_139105903_139130921_-	chr4	139130921	139105903	-	499
ENSMUSG00000028745.18	chr4_139193028_139238908_+	chr4	139193028	139238908	+	891
ENSMUSG00000028745.18	chr4_139238998_139257260_+	chr4	139238998	139257260	+	833
ENSMUSG00000028745.18	chr4_139257382_139261983_+	chr4	139257382	139261983	+	1410
ENSMUSG00000028745.18	chr4_139262097_139279995_+	chr4	139262097	139279995	+	1420
ENSMUSG00000028745.18	chr4_139280137_139280467_+	chr4	139280137	139280467	+	1172
ENSMUSG00000028745.18	chr4_139280584_139287028_+	chr4	139280584	139287028	+	1415
ENSMUSG00000028745.18	chr4_139287094_139287755_+	chr4	139287094	139287755	+	1511
ENSMUSG00000028745.18	chr4_139287832_139291002_+	chr4	139287832	139291002	+	1271
ENSMUSG00000009863.14	chr4_140966628_140971136_+	chr4	140966628	140971136	+	318
ENSMUSG00000009863.14	chr4_140971222_140972882_+	chr4	140971222	140972882	+	487
ENSMUSG00000009863.14	chr4_140973019_140973663_+	chr4	140973019	140973663	+	592
ENSMUSG00000009863.14	chr4_140973780_140976114_+	chr4	140973780	140976114	+	555
ENSMUSG00000009863.14	chr4_140976216_140977377_+	chr4	140976216	140977377	+	500
ENSMUSG00000009863.14	chr4_140977500_140979024_+	chr4	140977500	140979024	+	434
ENSMUSG00000040659.3	chr4_141859878_141860547_-	chr4	141860547	141859878	-	752
ENSMUSG00000040659.3	chr4_141860682_141861804_-	chr4	141861804	141860682	-	743
ENSMUSG00000066026.14	chr4_144893709_144918650_+	chr4	144893709	144918650	+	409
ENSMUSG00000066026.14	chr4_144918794_144919384_+	chr4	144918794	144919384	+	910
ENSMUSG00000066026.14	chr4_144919504_144919840_+	chr4	144919504	144919840	+	554
ENSMUSG00000066026.14	chr4_144920079_144923905_+	chr4	144920079	144923905	+	1060
ENSMUSG00000066026.14	chr4_144924031_144927134_+	chr4	144924031	144927134	+	941
ENSMUSG00000063524.13	chr4_150237340_150239472_+	chr4	150237340	150239472	+	1627
ENSMUSG00000063524.13	chr4_150239566_150241044_+	chr4	150239566	150241044	+	1541
ENSMUSG00000063524.13	chr4_150241140_150242121_+	chr4	150241140	150242121	+	1738
ENSMUSG00000063524.13	chr4_150242180_150244004_+	chr4	150242180	150244004	+	1627
ENSMUSG00000063524.13	chr4_150244074_150244240_+	chr4	150244074	150244240	+	1991
ENSMUSG00000063524.13	chr4_150244374_150245114_+	chr4	150244374	150245114	+	2128
ENSMUSG00000063524.13	chr4_150245337_150246569_+	chr4	150245337	150246569	+	2786
ENSMUSG00000063524.13	chr4_150246767_150247450_+	chr4	150246767	150247450	+	3423
ENSMUSG00000063524.13	chr4_150247652_150247830_+	chr4	150247652	150247830	+	2524
ENSMUSG00000063524.13	chr4_150247939_150248060_+	chr4	150247939	150248060	+	2767
ENSMUSG00000063524.13	chr4_150248119_150248485_+	chr4	150248119	150248485	+	1780
ENSMUSG00000028936.15	chr4_152325895_152327480_+	chr4	152325895	152327480	+	333
ENSMUSG00000028936.15	chr4_152327585_152330003_+	chr4	152327585	152330003	+	328
ENSMUSG00000028936.15	chr4_152330128_152332279_+	chr4	152330128	152332279	+	216
ENSMUSG00000029064.15	chr4_155551721_155553317_+	chr4	155551721	155553317	+	262
ENSMUSG00000029064.15	chr4_155553519_155555014_+	chr4	155553519	155555014	+	216
ENSMUSG00000029076.14	chr4_156000783_156008786_+	chr4	156000783	156008786	+	219
ENSMUSG00000029076.14	chr4_156009319_156009773_+	chr4	156009319	156009773	+	345
ENSMUSG00000003161.15	chr5_8056639_8057537_+	chr5	8056639	8057537	+	467
ENSMUSG00000003161.15	chr5_8057621_8059352_+	chr5	8057621	8059352	+	213
ENSMUSG00000003161.15	chr5_8059422_8062383_+	chr5	8059422	8062383	+	346
ENSMUSG00000003161.15	chr5_8062427_8063259_+	chr5	8062427	8063259	+	363
ENSMUSG00000003161.15	chr5_8063407_8063636_+	chr5	8063407	8063636	+	467
ENSMUSG00000003161.15	chr5_8063750_8064557_+	chr5	8063750	8064557	+	368
ENSMUSG00000003161.15	chr5_8064616_8067532_+	chr5	8064616	8067532	+	220
ENSMUSG00000028945.9	chr5_24803756_24806998_-	chr5	24806998	24803756	-	497
ENSMUSG00000028945.9	chr5_24807080_24807604_-	chr5	24807604	24807080	-	764
ENSMUSG00000028945.9	chr5_24807652_24807747_-	chr5	24807747	24807652	-	878
ENSMUSG00000028945.9	chr5_24807804_24808352_-	chr5	24808352	24807804	-	800
ENSMUSG00000028945.9	chr5_24808435_24813797_-	chr5	24813797	24808435	-	848
ENSMUSG00000028945.9	chr5_24813865_24817759_-	chr5	24817759	24813865	-	724
ENSMUSG00000028945.9	chr5_24817831_24842184_-	chr5	24842184	24817831	-	668
ENSMUSG00000013622.15	chr5_31048756_31049461_+	chr5	31048756	31049461	+	370
ENSMUSG00000013622.15	chr5_31049580_31052196_+	chr5	31049580	31052196	+	313
ENSMUSG00000013622.15	chr5_31052268_31052461_+	chr5	31052268	31052461	+	504
ENSMUSG00000013622.15	chr5_31052533_31052762_+	chr5	31052533	31052762	+	490
ENSMUSG00000013622.15	chr5_31052884_31053960_+	chr5	31052884	31053960	+	507
ENSMUSG00000013622.15	chr5_31054058_31054262_+	chr5	31054058	31054262	+	362
ENSMUSG00000018965.11	chr5_33019154_33026541_+	chr5	33019154	33026541	+	918
ENSMUSG00000015804.14	chr5_45520484_45522435_+	chr5	45520484	45522435	+	452
ENSMUSG00000015804.14	chr5_45522502_45523421_+	chr5	45522502	45523421	+	455
ENSMUSG00000015804.14	chr5_45523534_45525152_+	chr5	45523534	45525152	+	451
ENSMUSG00000047215.14	chr5_65388441_65388561_-	chr5	65388561	65388441	-	2244
ENSMUSG00000047215.14	chr5_65388679_65389070_-	chr5	65389070	65388679	-	2704
ENSMUSG00000047215.14	chr5_65389151_65389477_-	chr5	65389477	65389151	-	1972
ENSMUSG00000047215.14	chr5_65389610_65390387_-	chr5	65390387	65389610	-	2262
ENSMUSG00000047215.14	chr5_65390483_65390738_-	chr5	65390738	65390483	-	2685
ENSMUSG00000047215.14	chr5_65390854_65390945_-	chr5	65390945	65390854	-	2011
ENSMUSG00000047215.14	chr5_65390992_65391375_-	chr5	65391375	65390992	-	860
ENSMUSG00000037822.12	chr5_65450437_65453185_-	chr5	65453185	65450437	-	612
ENSMUSG00000037822.12	chr5_65453328_65460523_-	chr5	65460523	65453328	-	571
ENSMUSG00000029152.13	chr5_73292976_73294284_+	chr5	73292976	73294284	+	349
ENSMUSG00000029152.13	chr5_73294347_73294925_+	chr5	73294347	73294925	+	541
ENSMUSG00000029152.13	chr5_73295006_73300663_+	chr5	73295006	73300663	+	846
ENSMUSG00000029152.13	chr5_73300717_73303591_+	chr5	73300717	73303591	+	788
ENSMUSG00000029152.13	chr5_73303639_73304548_+	chr5	73303639	73304548	+	636
ENSMUSG00000029152.13	chr5_73304684_73306577_+	chr5	73304684	73306577	+	748
ENSMUSG00000029152.13	chr5_73306753_73310273_+	chr5	73306753	73310273	+	864
ENSMUSG00000029152.13	chr5_73310426_73313442_+	chr5	73310426	73313442	+	772
ENSMUSG00000029484.12	chr5_96793563_96797400_+	chr5	96793563	96797400	+	303
ENSMUSG00000029484.12	chr5_96797453_96811049_+	chr5	96797453	96811049	+	416
ENSMUSG00000029484.12	chr5_96811137_96812841_+	chr5	96811137	96812841	+	380
ENSMUSG00000029484.12	chr5_96812936_96816340_+	chr5	96812936	96816340	+	392
ENSMUSG00000029484.12	chr5_96816454_96820401_+	chr5	96816454	96820401	+	646
ENSMUSG00000029484.12	chr5_96820492_96824886_+	chr5	96820492	96824886	+	984
ENSMUSG00000029484.12	chr5_96824966_96828347_+	chr5	96824966	96828347	+	1011
ENSMUSG00000029484.12	chr5_96828404_96828696_+	chr5	96828404	96828696	+	442
ENSMUSG00000029484.12	chr5_96828790_96830392_+	chr5	96828790	96830392	+	491
ENSMUSG00000029484.12	chr5_96830488_96834774_+	chr5	96830488	96834774	+	523
ENSMUSG00000029484.12	chr5_96834833_96838292_+	chr5	96834833	96838292	+	419
ENSMUSG00000029484.12	chr5_96838415_96845500_+	chr5	96838415	96845500	+	576
ENSMUSG00000058558.12	chr5_107903403_107903665_+	chr5	107903403	107903665	+	1639
ENSMUSG00000058558.12	chr5_107904894_107907188_+	chr5	107904894	107907188	+	1523
ENSMUSG00000058558.12	chr5_107907277_107907896_+	chr5	107907277	107907896	+	1119
ENSMUSG00000063406.11	chr5_108124759_108125900_-	chr5	108125900	108124759	-	947
ENSMUSG00000025825.12	chr5_113772944_113774262_+	chr5	113772944	113774262	+	224
ENSMUSG00000025825.12	chr5_113774376_113775217_+	chr5	113774376	113775217	+	461
ENSMUSG00000025825.12	chr5_113775328_113776770_+	chr5	113775328	113776770	+	690
ENSMUSG00000025825.12	chr5_113776849_113777832_+	chr5	113776849	113777832	+	562
ENSMUSG00000009013.5	chr5_115298833_115300512_-	chr5	115300512	115298833	-	843
ENSMUSG00000009013.5	chr5_115300650_115300831_-	chr5	115300831	115300650	-	865
ENSMUSG00000041697.8	chr5_115345926_115348564_-	chr5	115348564	115345926	-	481
ENSMUSG00000041697.8	chr5_115348707_115348838_-	chr5	115348838	115348707	-	433
ENSMUSG00000067274.10	chr5_115559539_115559786_+	chr5	115559539	115559786	+	3247
ENSMUSG00000067274.10	chr5_115559888_115560740_+	chr5	115559888	115560740	+	4108
ENSMUSG00000067274.10	chr5_115561004_115561098_+	chr5	115561004	115561098	+	5437
ENSMUSG00000067274.10	chr5_115561245_115561332_+	chr5	115561245	115561332	+	5717
ENSMUSG00000067274.10	chr5_115561518_115562425_+	chr5	115561518	115562425	+	6231
ENSMUSG00000067274.10	chr5_115562566_115563282_+	chr5	115562566	115563282	+	3420
ENSMUSG00000029614.13	chr5_121204552_121205405_+	chr5	121204552	121205405	+	955
ENSMUSG00000029614.13	chr5_121205663_121205753_+	chr5	121205663	121205753	+	1993
ENSMUSG00000029614.13	chr5_121205855_121206666_+	chr5	121205855	121206666	+	1482
ENSMUSG00000029614.13	chr5_121206810_121207146_+	chr5	121206810	121207146	+	2362
ENSMUSG00000029614.13	chr5_121207195_121208390_+	chr5	121207195	121208390	+	1799
ENSMUSG00000029614.13	chr5_121208575_121208781_+	chr5	121208575	121208781	+	1405
ENSMUSG00000004455.16	chr5_122169149_122171821_+	chr5	122169149	122171821	+	216
ENSMUSG00000029462.18	chr5_122362271_122362804_+	chr5	122362271	122362804	+	464
ENSMUSG00000029465.14	chr5_122391997_122396816_+	chr5	122391997	122396816	+	367
ENSMUSG00000029465.14	chr5_122396916_122401646_+	chr5	122396916	122401646	+	350
ENSMUSG00000029465.14	chr5_122401723_122403358_+	chr5	122401723	122403358	+	422
ENSMUSG00000029465.14	chr5_122403427_122404123_+	chr5	122403427	122404123	+	478
ENSMUSG00000029465.14	chr5_122404250_122405083_+	chr5	122404250	122405083	+	427
ENSMUSG00000029465.14	chr5_122405178_122405868_+	chr5	122405178	122405868	+	442
ENSMUSG00000023106.15	chr5_123907366_123908099_+	chr5	123907366	123908099	+	208
ENSMUSG00000023106.15	chr5_123908214_123915190_+	chr5	123908214	123915190	+	402
ENSMUSG00000023106.15	chr5_123915210_123917199_+	chr5	123915210	123917199	+	573
ENSMUSG00000029390.13	chr5_124543164_124546895_+	chr5	124543164	124546895	+	398
ENSMUSG00000029390.13	chr5_124547003_124549080_+	chr5	124547003	124549080	+	243
ENSMUSG00000008348.9	chr5_125387301_125387757_-	chr5	125387757	125387301	-	759
ENSMUSG00000008348.9	chr5_125387354_125387582_-	chr5	125387582	125387354	-	1407
ENSMUSG00000008348.9	chr5_125388264_125389696_-	chr5	125389696	125388264	-	3775
ENSMUSG00000029430.13	chr5_129020278_129020527_+	chr5	129020278	129020527	+	714
ENSMUSG00000029430.13	chr5_129020574_129020683_+	chr5	129020574	129020683	+	669
ENSMUSG00000029430.13	chr5_129020768_129020865_+	chr5	129020768	129020865	+	537
ENSMUSG00000029430.13	chr5_129020991_129022002_+	chr5	129020991	129022002	+	996
ENSMUSG00000029430.13	chr5_129022190_129022374_+	chr5	129022190	129022374	+	873
ENSMUSG00000029430.13	chr5_129022545_129022773_+	chr5	129022545	129022773	+	858
ENSMUSG00000070493.3	chr5_129881396_129882428_-	chr5	129882428	129881396	-	1323
ENSMUSG00000070493.3	chr5_129882579_129883933_-	chr5	129883933	129882579	-	1426
ENSMUSG00000070493.3	chr5_129884183_129887197_-	chr5	129887197	129884183	-	787
ENSMUSG00000034173.13	chr5_129899432_129900344_+	chr5	129899432	129900344	+	298
ENSMUSG00000019179.10	chr5_135778801_135783304_+	chr5	135778801	135783304	+	503
ENSMUSG00000019179.10	chr5_135783473_135784183_+	chr5	135783473	135784183	+	733
ENSMUSG00000019179.10	chr5_135784267_135785928_+	chr5	135784267	135785928	+	823
ENSMUSG00000019179.10	chr5_135786038_135786232_+	chr5	135786038	135786232	+	1097
ENSMUSG00000019179.10	chr5_135786358_135787540_+	chr5	135786358	135787540	+	879
ENSMUSG00000019179.10	chr5_135787618_135789200_+	chr5	135787618	135789200	+	694
ENSMUSG00000019179.10	chr5_135789300_135789625_+	chr5	135789300	135789625	+	1277
ENSMUSG00000019179.10	chr5_135789777_135790076_+	chr5	135789777	135790076	+	404
ENSMUSG00000029580.14	chr5_142903941_142904066_-	chr5	142904066	142903941	-	9950
ENSMUSG00000029580.14	chr5_142904248_142904343_-	chr5	142904343	142904248	-	14064
ENSMUSG00000029580.14	chr5_142904782_142905236_-	chr5	142905236	142904782	-	13042
ENSMUSG00000029580.14	chr5_142905278_142905428_-	chr5	142905428	142905278	-	466
ENSMUSG00000029580.14	chr5_142905476_142905563_-	chr5	142905563	142905476	-	7772
ENSMUSG00000029580.14	chr5_142905692_142906651_-	chr5	142906651	142905692	-	8108
ENSMUSG00000001847.14	chr5_143507105_143507326_-	chr5	143507326	143507105	-	858
ENSMUSG00000001847.14	chr5_143507486_143508095_-	chr5	143508095	143507486	-	975
ENSMUSG00000001847.14	chr5_143508158_143514668_-	chr5	143514668	143508158	-	893
ENSMUSG00000001847.14	chr5_143514786_143517157_-	chr5	143517157	143514786	-	859
ENSMUSG00000001847.14	chr5_143517229_143527762_-	chr5	143527762	143517229	-	986
ENSMUSG00000047843.16	chr5_144255519_144255809_+	chr5	144255519	144255809	+	258
ENSMUSG00000047843.16	chr5_144255912_144264008_+	chr5	144255912	144264008	+	362
ENSMUSG00000029622.16	chr5_145114341_145121656_+	chr5	145114341	145121656	+	1222
ENSMUSG00000029622.16	chr5_145121739_145122531_+	chr5	145121739	145122531	+	1300
ENSMUSG00000029622.16	chr5_145122636_145123568_+	chr5	145122636	145123568	+	1810
ENSMUSG00000029622.16	chr5_145123791_145124586_+	chr5	145123791	145124586	+	1517
ENSMUSG00000029622.16	chr5_145124694_145125577_+	chr5	145124694	145125577	+	2157
ENSMUSG00000029622.16	chr5_145125784_145125890_+	chr5	145125784	145125890	+	1854
ENSMUSG00000029622.16	chr5_145125966_145126726_+	chr5	145125966	145126726	+	1648
ENSMUSG00000029622.16	chr5_145126932_145127635_+	chr5	145126932	145127635	+	1538
ENSMUSG00000029622.16	chr5_145127726_145127820_+	chr5	145127726	145127820	+	1511
ENSMUSG00000038690.15	chr5_145183867_145184531_-	chr5	145184531	145183867	-	492
ENSMUSG00000038690.15	chr5_145184648_145187125_-	chr5	145187125	145184648	-	295
ENSMUSG00000038690.15	chr5_145187233_145191502_-	chr5	145191502	145187233	-	518
ENSMUSG00000041453.12	chr5_146833171_146834183_+	chr5	146833171	146834183	+	869
ENSMUSG00000041453.12	chr5_146834262_146834447_+	chr5	146834262	146834447	+	1515
ENSMUSG00000041453.12	chr5_146834509_146834991_+	chr5	146834509	146834991	+	1825
ENSMUSG00000041453.12	chr5_146835104_146835563_+	chr5	146835104	146835563	+	1387
ENSMUSG00000041453.12	chr5_146835714_146835863_+	chr5	146835714	146835863	+	2290
ENSMUSG00000029649.10	chr5_147860691_147862552_+	chr5	147860691	147862552	+	517
ENSMUSG00000029649.10	chr5_147862650_147868722_+	chr5	147862650	147868722	+	300
ENSMUSG00000029649.10	chr5_147868783_147869411_+	chr5	147868783	147869411	+	292
ENSMUSG00000029649.10	chr5_147869513_147872565_+	chr5	147869513	147872565	+	349
ENSMUSG00000029649.10	chr5_147872659_147875463_+	chr5	147872659	147875463	+	492
ENSMUSG00000066551.12	chr5_149048913_149049726_-	chr5	149049726	149048913	-	739
ENSMUSG00000066551.12	chr5_149049901_149050294_-	chr5	149050294	149049901	-	1056
ENSMUSG00000066551.12	chr5_149050440_149050587_-	chr5	149050587	149050440	-	886
ENSMUSG00000066551.12	chr5_149050751_149052899_-	chr5	149052899	149050751	-	1216
ENSMUSG00000042541.10	chr6_6558491_6560407_-	chr6	6560407	6558491	-	461
ENSMUSG00000029632.7	chr6_11900591_11905201_-	chr6	11905201	11900591	-	336
ENSMUSG00000029632.7	chr6_11905262_11906019_-	chr6	11906019	11905262	-	294
ENSMUSG00000029632.7	chr6_11906108_11907323_-	chr6	11907323	11906108	-	319
ENSMUSG00000015733.13	chr6_17648583_17650002_+	chr6	17648583	17650002	+	357
ENSMUSG00000015733.13	chr6_17650054_17654105_+	chr6	17650054	17654105	+	215
ENSMUSG00000015733.13	chr6_17654169_17656237_+	chr6	17654169	17656237	+	345
ENSMUSG00000004285.12	chr6_29467974_29470066_+	chr6	29467974	29470066	+	667
ENSMUSG00000036371.6	chr6_67267409_67271197_+	chr6	67267409	67271197	+	383
ENSMUSG00000036371.6	chr6_67271348_67271886_+	chr6	67271348	67271886	+	460
ENSMUSG00000036371.6	chr6_67272228_67272863_+	chr6	67272228	67272863	+	329
ENSMUSG00000036371.6	chr6_67272938_67277760_+	chr6	67272938	67277760	+	709
ENSMUSG00000036371.6	chr6_67277938_67281647_+	chr6	67277938	67281647	+	291
ENSMUSG00000036371.6	chr6_67281821_67283902_+	chr6	67281821	67283902	+	566
ENSMUSG00000053119.11	chr6_71574236_71577730_+	chr6	71574236	71577730	+	338
ENSMUSG00000050732.9	chr6_72385653_72388261_-	chr6	72388261	72385653	-	832
ENSMUSG00000050732.9	chr6_72388420_72390473_-	chr6	72390473	72388420	-	1364
ENSMUSG00000079523.8	chr6_72957652_72957912_-	chr6	72957912	72957652	-	1467
ENSMUSG00000079523.8	chr6_72958024_72958336_-	chr6	72958336	72958024	-	4111
ENSMUSG00000068328.9	chr6_83056644_83056758_+	chr6	83056644	83056758	+	735
ENSMUSG00000057278.8	chr6_86376619_86378732_+	chr6	86376619	86378732	+	332
ENSMUSG00000057278.8	chr6_86371614_86375676_+	chr6	86371614	86375676	+	320
ENSMUSG00000057278.8	chr6_86375699_86376494_+	chr6	86375699	86376494	+	219
ENSMUSG00000030057.15	chr6_87844156_87845121_-	chr6	87845121	87844156	-	1696
ENSMUSG00000030057.15	chr6_87845320_87845464_-	chr6	87845464	87845320	-	1002
ENSMUSG00000030057.15	chr6_87845557_87845655_-	chr6	87845655	87845557	-	976
ENSMUSG00000030057.15	chr6_87845793_87850903_-	chr6	87850903	87845793	-	775
ENSMUSG00000035199.6	chr6_97210996_97229536_+	chr6	97210996	97229536	+	201
ENSMUSG00000079426.13	chr6_113378208_113380725_+	chr6	113378208	113380725	+	700
ENSMUSG00000079426.13	chr6_113380844_113381962_+	chr6	113380844	113381962	+	742
ENSMUSG00000079426.13	chr6_113382074_113384081_+	chr6	113382074	113384081	+	774
ENSMUSG00000079426.13	chr6_113384177_113385489_+	chr6	113384177	113385489	+	997
ENSMUSG00000079426.13	chr6_113385660_113388770_+	chr6	113385660	113388770	+	936
ENSMUSG00000033940.8	chr6_113604896_113615775_+	chr6	113604896	113615775	+	675
ENSMUSG00000033940.8	chr6_113615858_113616064_+	chr6	113615858	113616064	+	606
ENSMUSG00000057841.5	chr6_115805688_115806985_-	chr6	115806985	115805688	-	2537
ENSMUSG00000057841.5	chr6_115807167_115807801_-	chr6	115807801	115807167	-	1730
ENSMUSG00000057841.5	chr6_115807902_115808697_-	chr6	115808697	115807902	-	2466
ENSMUSG00000007458.14	chr6_122312413_122313258_+	chr6	122312413	122313258	+	261
ENSMUSG00000007458.14	chr6_122313425_122315056_+	chr6	122313425	122315056	+	363
ENSMUSG00000007458.14	chr6_122315166_122315303_+	chr6	122315166	122315303	+	465
ENSMUSG00000007458.14	chr6_122315434_122316049_+	chr6	122315434	122316049	+	489
ENSMUSG00000007458.14	chr6_122316176_122316327_+	chr6	122316176	122316327	+	398
ENSMUSG00000057666.18	chr6_125162101_125162211_-	chr6	125162211	125162101	-	3489
ENSMUSG00000057666.18	chr6_125162393_125162477_-	chr6	125162477	125162393	-	4034
ENSMUSG00000057666.18	chr6_125162708_125162842_-	chr6	125162842	125162708	-	4335
ENSMUSG00000057666.18	chr6_125163040_125163138_-	chr6	125163138	125163040	-	3641
ENSMUSG00000057666.18	chr6_125163436_125165270_-	chr6	125165270	125163436	-	2079
ENSMUSG00000057666.18	chr6_125165311_125165551_-	chr6	125165551	125165311	-	2379
ENSMUSG00000030220.13	chr6_136924326_136926671_-	chr6	136926671	136924326	-	4121
ENSMUSG00000030220.13	chr6_136926735_136929611_-	chr6	136929611	136926735	-	3092
ENSMUSG00000030220.13	chr6_136929688_136932259_-	chr6	136932259	136929688	-	3973
ENSMUSG00000030220.13	chr6_136932343_136933583_-	chr6	136933583	136932343	-	2957
ENSMUSG00000030220.13	chr6_136933773_136941650_-	chr6	136941650	136933773	-	1580
ENSMUSG00000030246.11	chr6_142490604_142492492_-	chr6	142492492	142490604	-	738
ENSMUSG00000006333.14	chr7_3704064_3704326_+	chr7	3704064	3704326	+	3508
ENSMUSG00000006333.14	chr7_3704448_3704645_+	chr7	3704448	3704645	+	3023
ENSMUSG00000006333.14	chr7_3704768_3705732_+	chr7	3704768	3705732	+	3508
ENSMUSG00000006333.14	chr7_3705919_3706650_+	chr7	3705919	3706650	+	3766
ENSMUSG00000030432.12	chr7_4792998_4793320_+	chr7	4792998	4793320	+	841
ENSMUSG00000030432.12	chr7_4793409_4793502_+	chr7	4793409	4793502	+	1125
ENSMUSG00000030432.12	chr7_4793626_4794063_+	chr7	4793626	4794063	+	713
ENSMUSG00000030432.12	chr7_4794182_4794417_+	chr7	4794182	4794417	+	1088
ENSMUSG00000012848.15	chr7_12922388_12922972_+	chr7	12922388	12922972	+	5292
ENSMUSG00000012848.15	chr7_12923081_12925391_+	chr7	12923081	12925391	+	2818
ENSMUSG00000012848.15	chr7_12925601_12925736_+	chr7	12925601	12925736	+	4162
ENSMUSG00000012848.15	chr7_12925865_12926395_+	chr7	12925865	12926395	+	3388
ENSMUSG00000012848.15	chr7_12926494_12926571_+	chr7	12926494	12926571	+	3436
ENSMUSG00000041571.9	chr7_15917539_15919847_-	chr7	15919847	15917539	-	214
ENSMUSG00000041571.9	chr7_15919946_15920042_-	chr7	15920042	15919946	-	241
ENSMUSG00000041571.9	chr7_15920117_15920304_-	chr7	15920304	15920117	-	328
ENSMUSG00000041571.9	chr7_15920358_15920448_-	chr7	15920448	15920358	-	275
ENSMUSG00000041571.9	chr7_15920473_15922251_-	chr7	15922251	15920473	-	305
ENSMUSG00000008036.11	chr7_16738538_16743218_+	chr7	16738538	16743218	+	1056
ENSMUSG00000008036.11	chr7_16743368_16747260_+	chr7	16743368	16747260	+	804
ENSMUSG00000008036.11	chr7_16747374_16748688_+	chr7	16747374	16748688	+	1187
ENSMUSG00000008036.11	chr7_16748748_16748911_+	chr7	16748748	16748911	+	1230
ENSMUSG00000040952.16	chr7_24884667_24885135_+	chr7	24884667	24885135	+	4420
ENSMUSG00000040952.16	chr7_24885206_24885451_+	chr7	24885206	24885451	+	3214
ENSMUSG00000040952.16	chr7_24885552_24888281_+	chr7	24885552	24888281	+	3891
ENSMUSG00000040952.16	chr7_24888465_24888906_+	chr7	24888465	24888906	+	4679
ENSMUSG00000040952.16	chr7_24888961_24889740_+	chr7	24888961	24889740	+	2833
ENSMUSG00000003380.11	chr7_24970188_24971760_-	chr7	24971760	24970188	-	741
ENSMUSG00000003380.11	chr7_24971858_24972101_-	chr7	24972101	24971858	-	925
ENSMUSG00000003380.11	chr7_24972314_24972526_-	chr7	24972526	24972314	-	1049
ENSMUSG00000003363.15	chr7_27532674_27533645_-	chr7	27533645	27532674	-	449
ENSMUSG00000003363.15	chr7_27535928_27537579_-	chr7	27537579	27535928	-	431
ENSMUSG00000003363.15	chr7_27537780_27539349_-	chr7	27539349	27537780	-	486
ENSMUSG00000003363.15	chr7_27539477_27539554_-	chr7	27539554	27539477	-	433
ENSMUSG00000003363.15	chr7_27539669_27541084_-	chr7	27541084	27539669	-	302
ENSMUSG00000003363.15	chr7_27541268_27541685_-	chr7	27541685	27541268	-	355
ENSMUSG00000003363.15	chr7_27541988_27542088_-	chr7	27542088	27541988	-	271
ENSMUSG00000037563.15	chr7_28350851_28350991_+	chr7	28350851	28350991	+	1698
ENSMUSG00000037563.15	chr7_28351093_28352176_+	chr7	28351093	28352176	+	1363
ENSMUSG00000037563.15	chr7_28352273_28352362_+	chr7	28352273	28352362	+	1356
ENSMUSG00000037563.15	chr7_28352410_28352493_+	chr7	28352410	28352493	+	1430
ENSMUSG00000053565.10	chr7_28971438_28972531_-	chr7	28972531	28971438	-	1295
ENSMUSG00000053565.10	chr7_28972657_28974148_-	chr7	28974148	28972657	-	1215
ENSMUSG00000053565.10	chr7_28974226_28974602_-	chr7	28974602	28974226	-	974
ENSMUSG00000053565.10	chr7_28974669_28977200_-	chr7	28977200	28974669	-	1170
ENSMUSG00000053565.10	chr7_28977275_28977869_-	chr7	28977869	28977275	-	1720
ENSMUSG00000053565.10	chr7_28977990_28980443_-	chr7	28980443	28977990	-	1011
ENSMUSG00000053565.10	chr7_28980542_28981673_-	chr7	28981673	28980542	-	606
ENSMUSG00000036835.7	chr7_30562428_30562795_-	chr7	30562795	30562428	-	243
ENSMUSG00000036751.7	chr7_30617162_30623414_-	chr7	30623414	30617162	-	688
ENSMUSG00000036751.7	chr7_30623515_30624499_-	chr7	30624499	30623515	-	573
ENSMUSG00000036751.7	chr7_30624613_30626050_-	chr7	30626050	30624613	-	1084
ENSMUSG00000003429.11	chr7_45122558_45122828_-	chr7	45122828	45122558	-	4019
ENSMUSG00000003429.11	chr7_45123550_45124296_-	chr7	45124296	45123550	-	3397
ENSMUSG00000050708.16	chr7_45458660_45459083_-	chr7	45459083	45458660	-	20053
ENSMUSG00000030824.17	chr7_45495314_45495554_-	chr7	45495554	45495314	-	261
ENSMUSG00000059070.16	chr7_45718139_45719252_+	chr7	45718139	45719252	+	3017
ENSMUSG00000059070.16	chr7_45719339_45719528_+	chr7	45719339	45719528	+	3179
ENSMUSG00000059070.16	chr7_45719636_45719919_+	chr7	45719636	45719919	+	3023
ENSMUSG00000059070.16	chr7_45720018_45720293_+	chr7	45720018	45720293	+	3048
ENSMUSG00000059070.16	chr7_45720487_45720713_+	chr7	45720487	45720713	+	2880
ENSMUSG00000063229.15	chr7_46845917_46847595_+	chr7	46845917	46847595	+	640
ENSMUSG00000063229.15	chr7_46847745_46848972_+	chr7	46847745	46848972	+	711
ENSMUSG00000063229.15	chr7_46849090_46850177_+	chr7	46849090	46850177	+	685
ENSMUSG00000063229.15	chr7_46850351_46850884_+	chr7	46850351	46850884	+	1202
ENSMUSG00000063229.15	chr7_46851058_46851876_+	chr7	46851058	46851876	+	1169
ENSMUSG00000063229.15	chr7_46851994_46853982_+	chr7	46851994	46853982	+	1913
ENSMUSG00000063229.15	chr7_46854106_46854976_+	chr7	46854106	46854976	+	1892
ENSMUSG00000075701.9	chr7_66080466_66083399_+	chr7	66080466	66083399	+	245
ENSMUSG00000025724.12	chr7_80915904_80916174_-	chr7	80916174	80915904	-	604
ENSMUSG00000025724.12	chr7_80916232_80923100_-	chr7	80923100	80916232	-	587
ENSMUSG00000025724.12	chr7_80923220_80927736_-	chr7	80927736	80923220	-	660
ENSMUSG00000025724.12	chr7_80927886_80935026_-	chr7	80935026	80927886	-	423
ENSMUSG00000025724.12	chr7_80935136_80947401_-	chr7	80947401	80935136	-	414
ENSMUSG00000061787.15	chr7_81342849_81343734_-	chr7	81343734	81342849	-	1488
ENSMUSG00000061787.15	chr7_81343800_81344310_-	chr7	81344310	81343800	-	966
ENSMUSG00000061787.15	chr7_81344416_81344856_-	chr7	81344856	81344416	-	1005
ENSMUSG00000061787.15	chr7_81345008_81345201_-	chr7	81345201	81345008	-	993
ENSMUSG00000030647.8	chr7_97400357_97406865_+	chr7	97400357	97406865	+	475
ENSMUSG00000030744.13	chr7_99478951_99479273_-	chr7	99479273	99478951	-	2090
ENSMUSG00000030744.13	chr7_99479470_99479875_-	chr7	99479875	99479470	-	7045
ENSMUSG00000030744.13	chr7_99480063_99481696_-	chr7	99481696	99480063	-	6416
ENSMUSG00000030744.13	chr7_99481791_99482260_-	chr7	99482260	99481791	-	6186
ENSMUSG00000030744.13	chr7_99482354_99482569_-	chr7	99482569	99482354	-	4289
ENSMUSG00000030744.13	chr7_99482700_99483591_-	chr7	99483591	99482700	-	5147
ENSMUSG00000035227.7	chr7_99839883_99844699_-	chr7	99844699	99839883	-	1075
ENSMUSG00000035227.7	chr7_99844834_99848298_-	chr7	99848298	99844834	-	896
ENSMUSG00000035227.7	chr7_99848459_99848975_-	chr7	99848975	99848459	-	1022
ENSMUSG00000035227.7	chr7_99849059_99858763_-	chr7	99858763	99849059	-	334
ENSMUSG00000043866.11	chr7_105743063_105743225_-	chr7	105743225	105743063	-	381
ENSMUSG00000043866.11	chr7_105743340_105743427_-	chr7	105743427	105743340	-	353
ENSMUSG00000043866.11	chr7_105743492_105743829_-	chr7	105743829	105743492	-	482
ENSMUSG00000043866.11	chr7_105743984_105744086_-	chr7	105744086	105743984	-	214
ENSMUSG00000031029.6	chr7_108934807_108937745_+	chr7	108934807	108937745	+	1102
ENSMUSG00000031029.6	chr7_108937816_108938035_+	chr7	108937816	108938035	+	1313
ENSMUSG00000031029.6	chr7_108938115_108938408_+	chr7	108938115	108938408	+	1454
ENSMUSG00000031029.6	chr7_108938546_108940189_+	chr7	108938546	108940189	+	1712
ENSMUSG00000031029.6	chr7_108940281_108940643_+	chr7	108940281	108940643	+	1276
ENSMUSG00000031029.6	chr7_108940780_108940893_+	chr7	108940780	108940893	+	1288
ENSMUSG00000031029.6	chr7_108941007_108941460_+	chr7	108941007	108941460	+	1066
ENSMUSG00000046364.14	chr7_109519222_109519584_+	chr7	109519222	109519584	+	927
ENSMUSG00000046364.14	chr7_109519648_109519917_+	chr7	109519648	109519917	+	1335
ENSMUSG00000046364.14	chr7_109519993_109520467_+	chr7	109519993	109520467	+	1091
ENSMUSG00000046364.14	chr7_109520642_109521600_+	chr7	109520642	109521600	+	1347
ENSMUSG00000090862.3	chr7_116331583_116332378_-	chr7	116332378	116331583	-	2354
ENSMUSG00000090862.3	chr7_116332479_116332928_-	chr7	116332928	116332479	-	2720
ENSMUSG00000090862.3	chr7_116333098_116333695_-	chr7	116333695	116333098	-	1924
ENSMUSG00000090862.3	chr7_116333774_116333899_-	chr7	116333899	116333774	-	2580
ENSMUSG00000090862.3	chr7_116333948_116334084_-	chr7	116334084	116333948	-	2659
ENSMUSG00000008683.16	chr7_118109193_118109932_-	chr7	118109932	118109193	-	1325
ENSMUSG00000008683.16	chr7_118110018_118114784_-	chr7	118114784	118110018	-	896
ENSMUSG00000008683.16	chr7_118114864_118115108_-	chr7	118115108	118114864	-	1023
ENSMUSG00000008683.16	chr7_118115246_118116135_-	chr7	118116135	118115246	-	1041
ENSMUSG00000030654.9	chr7_118120410_118121160_-	chr7	118121160	118120410	-	539
ENSMUSG00000030654.9	chr7_118121245_118121925_-	chr7	118121925	118121245	-	559
ENSMUSG00000030654.9	chr7_118122043_118126395_-	chr7	118126395	118122043	-	578
ENSMUSG00000030654.9	chr7_118126515_118127133_-	chr7	118127133	118126515	-	575
ENSMUSG00000030654.9	chr7_118127267_118129468_-	chr7	118129468	118127267	-	498
ENSMUSG00000030738.11	chr7_126564605_126564702_-	chr7	126564702	126564605	-	271
ENSMUSG00000042675.15	chr7_126777103_126777770_+	chr7	126777103	126777770	+	611
ENSMUSG00000042675.15	chr7_126777953_126778053_+	chr7	126777953	126778053	+	692
ENSMUSG00000042675.15	chr7_126778097_126778305_+	chr7	126778097	126778305	+	834
ENSMUSG00000042675.15	chr7_126778414_126780026_+	chr7	126778414	126780026	+	797
ENSMUSG00000030697.7	chr7_126786291_126786371_-	chr7	126786371	126786291	-	558
ENSMUSG00000030697.7	chr7_126786561_126787219_-	chr7	126787219	126786561	-	680
ENSMUSG00000030697.7	chr7_126787346_126787436_-	chr7	126787436	126787346	-	741
ENSMUSG00000030697.7	chr7_126787610_126788116_-	chr7	126788116	126787610	-	715
ENSMUSG00000030697.7	chr7_126788218_126788383_-	chr7	126788383	126788218	-	705
ENSMUSG00000030697.7	chr7_126788434_126789023_-	chr7	126789023	126788434	-	543
ENSMUSG00000030697.7	chr7_126789075_126792060_-	chr7	126792060	126789075	-	355
ENSMUSG00000030695.16	chr7_126795514_126795612_-	chr7	126795612	126795514	-	1062
ENSMUSG00000030695.16	chr7_126795812_126795949_-	chr7	126795949	126795812	-	1577
ENSMUSG00000030695.16	chr7_126796124_126796216_-	chr7	126796216	126796124	-	1580
ENSMUSG00000030695.16	chr7_126796300_126796594_-	chr7	126796594	126796300	-	1415
ENSMUSG00000030695.16	chr7_126796755_126796853_-	chr7	126796853	126796755	-	1912
ENSMUSG00000030695.16	chr7_126796908_126797336_-	chr7	126797336	126796908	-	1895
ENSMUSG00000030844.11	chr7_128374042_128388963_-	chr7	128388963	128374042	-	463
ENSMUSG00000030844.11	chr7_128389107_128403169_-	chr7	128403169	128389107	-	480
ENSMUSG00000030844.11	chr7_128403256_128404358_-	chr7	128404358	128403256	-	464
ENSMUSG00000038650.15	chr7_141160565_141160649_-	chr7	141160649	141160565	-	590
ENSMUSG00000038650.15	chr7_141163524_141164007_-	chr7	141164007	141163524	-	1472
ENSMUSG00000038650.15	chr7_141164178_141164503_-	chr7	141164503	141164178	-	1057
ENSMUSG00000038650.15	chr7_141164674_141166682_-	chr7	141166682	141164674	-	889
ENSMUSG00000025503.5	chr7_141392318_141396048_+	chr7	141392318	141396048	+	467
ENSMUSG00000025503.5	chr7_141396172_141398494_+	chr7	141396172	141398494	+	671
ENSMUSG00000025503.5	chr7_141398602_141400287_+	chr7	141398602	141400287	+	653
ENSMUSG00000025503.5	chr7_141400419_141401580_+	chr7	141400419	141401580	+	763
ENSMUSG00000025503.5	chr7_141401756_141401871_+	chr7	141401756	141401871	+	755
ENSMUSG00000025503.5	chr7_141402069_141402183_+	chr7	141402069	141402183	+	740
ENSMUSG00000025503.5	chr7_141402329_141402743_+	chr7	141402329	141402743	+	861
ENSMUSG00000025508.13	chr7_141447707_141447907_+	chr7	141447707	141447907	+	1582
ENSMUSG00000025508.13	chr7_141448774_141451003_+	chr7	141448774	141451003	+	1090
ENSMUSG00000025508.13	chr7_141451102_141451231_+	chr7	141451102	141451231	+	1418
ENSMUSG00000025511.14	chr7_141489743_141490761_+	chr7	141489743	141490761	+	265
ENSMUSG00000025511.14	chr7_141490836_141491571_+	chr7	141490836	141491571	+	425
ENSMUSG00000025511.14	chr7_141491673_141491773_+	chr7	141491673	141491773	+	571
ENSMUSG00000025511.14	chr7_141491905_141491979_+	chr7	141491905	141491979	+	608
ENSMUSG00000025511.14	chr7_141492063_141492884_+	chr7	141492063	141492884	+	732
ENSMUSG00000007891.16	chr7_142383541_142385458_-	chr7	142385458	142383541	-	7602
ENSMUSG00000007891.16	chr7_142385618_142387736_-	chr7	142387736	142385618	-	4464
ENSMUSG00000031447.7	chr8_13159434_13165848_+	chr8	13159434	13165848	+	369
ENSMUSG00000031447.7	chr8_13165967_13167157_+	chr8	13165967	13167157	+	1262
ENSMUSG00000031447.7	chr8_13167377_13167806_+	chr8	13167377	13167806	+	1489
ENSMUSG00000031447.7	chr8_13167965_13171204_+	chr8	13167965	13171204	+	1967
ENSMUSG00000031447.7	chr8_13171383_13172540_+	chr8	13171383	13172540	+	2094
ENSMUSG00000031447.7	chr8_13173693_13173779_+	chr8	13173693	13173779	+	2014
ENSMUSG00000031447.7	chr8_13173950_13174418_+	chr8	13173950	13174418	+	2886
ENSMUSG00000031591.14	chr8_41342941_41343518_-	chr8	41343518	41342941	-	527
ENSMUSG00000031591.14	chr8_41343642_41343729_-	chr8	41343729	41343642	-	725
ENSMUSG00000031591.14	chr8_41343861_41346106_-	chr8	41346106	41343861	-	644
ENSMUSG00000031591.14	chr8_41346188_41346295_-	chr8	41346295	41346188	-	585
ENSMUSG00000031591.14	chr8_41347075_41348087_-	chr8	41348087	41347075	-	557
ENSMUSG00000031591.14	chr8_41348133_41349549_-	chr8	41349549	41348133	-	616
ENSMUSG00000031591.14	chr8_41349624_41351893_-	chr8	41351893	41349624	-	708
ENSMUSG00000031591.14	chr8_41351972_41354013_-	chr8	41354013	41351972	-	460
ENSMUSG00000031591.14	chr8_41346350_41346930_-	chr8	41346930	41346350	-	606
ENSMUSG00000031633.4	chr8_46207620_46208397_-	chr8	46208397	46207620	-	810
ENSMUSG00000025521.15	chr8_64956532_64959344_+	chr8	64956532	64959344	+	624
ENSMUSG00000025521.15	chr8_64959609_64964197_+	chr8	64959609	64964197	+	815
ENSMUSG00000025521.15	chr8_64964332_64965538_+	chr8	64964332	64965538	+	639
ENSMUSG00000025521.15	chr8_64965641_64968710_+	chr8	64965641	64968710	+	574
ENSMUSG00000036199.9	chr8_69894410_69894503_-	chr8	69894503	69894410	-	352
ENSMUSG00000036199.9	chr8_69894575_69895241_-	chr8	69895241	69894575	-	411
ENSMUSG00000036199.9	chr8_69895320_69901541_-	chr8	69901541	69895320	-	474
ENSMUSG00000055681.14	chr8_70302932_70304633_+	chr8	70302932	70304633	+	305
ENSMUSG00000055681.14	chr8_70304696_70305634_+	chr8	70304696	70305634	+	716
ENSMUSG00000055681.14	chr8_70305735_70306498_+	chr8	70305735	70306498	+	599
ENSMUSG00000055681.14	chr8_70306651_70307949_+	chr8	70306651	70307949	+	663
ENSMUSG00000055681.14	chr8_70308003_70308494_+	chr8	70308003	70308494	+	661
ENSMUSG00000055681.14	chr8_70308576_70310335_+	chr8	70308576	70310335	+	879
ENSMUSG00000055681.14	chr8_70310491_70311627_+	chr8	70310491	70311627	+	664
ENSMUSG00000055681.14	chr8_70311696_70312705_+	chr8	70311696	70312705	+	639
ENSMUSG00000055681.14	chr8_70312780_70312858_+	chr8	70312780	70312858	+	441
ENSMUSG00000019428.16	chr8_70534614_70534866_+	chr8	70534614	70534866	+	476
ENSMUSG00000045128.9	chr8_70895709_70895915_-	chr8	70895915	70895709	-	7429
ENSMUSG00000045128.9	chr8_70896045_70896132_-	chr8	70896132	70896045	-	5874
ENSMUSG00000045128.9	chr8_70896312_70897358_-	chr8	70897358	70896312	-	7236
ENSMUSG00000002395.14	chr8_71368111_71368549_+	chr8	71368111	71368549	+	344
ENSMUSG00000002395.14	chr8_71369303_71369526_+	chr8	71369303	71369526	+	285
ENSMUSG00000031807.10	chr8_71595201_71596056_+	chr8	71595201	71596056	+	225
ENSMUSG00000031622.16	chr8_72724150_72725536_+	chr8	72724150	72725536	+	266
ENSMUSG00000031622.16	chr8_72725690_72731080_+	chr8	72725690	72731080	+	420
ENSMUSG00000031622.16	chr8_72731278_72733344_+	chr8	72731278	72733344	+	474
ENSMUSG00000031622.16	chr8_72733488_72739368_+	chr8	72733488	72739368	+	354
ENSMUSG00000031683.16	chr8_78808245_78809946_-	chr8	78809946	78808245	-	313
ENSMUSG00000031683.16	chr8_78810060_78812975_-	chr8	78812975	78810060	-	237
ENSMUSG00000031708.16	chr8_83572058_83572231_-	chr8	83572231	83572058	-	552
ENSMUSG00000031708.16	chr8_83572320_83572397_-	chr8	83572397	83572320	-	407
ENSMUSG00000031708.16	chr8_83572455_83572548_-	chr8	83572548	83572455	-	552
ENSMUSG00000031708.16	chr8_83572753_83572840_-	chr8	83572840	83572753	-	745
ENSMUSG00000031708.16	chr8_83572946_83573027_-	chr8	83573027	83572946	-	580
ENSMUSG00000031708.16	chr8_83573143_83573219_-	chr8	83573219	83573143	-	531
ENSMUSG00000031708.16	chr8_83573922_83574477_-	chr8	83574477	83573922	-	214
ENSMUSG00000031708.16	chr8_83574528_83594339_-	chr8	83594339	83574528	-	327
ENSMUSG00000003814.8	chr8_84842844_84842943_-	chr8	84842943	84842844	-	1084
ENSMUSG00000003814.8	chr8_84844208_84844377_-	chr8	84844377	84844208	-	1341
ENSMUSG00000003814.8	chr8_84844491_84844573_-	chr8	84844573	84844491	-	1552
ENSMUSG00000003814.8	chr8_84844783_84844870_-	chr8	84844870	84844783	-	1470
ENSMUSG00000003814.8	chr8_84844965_84845861_-	chr8	84845861	84844965	-	1270
ENSMUSG00000003814.8	chr8_84846065_84846249_-	chr8	84846249	84846065	-	812
ENSMUSG00000003814.8	chr8_84846351_84846707_-	chr8	84846707	84846351	-	619
ENSMUSG00000003814.8	chr8_84843036_84844064_-	chr8	84844064	84843036	-	1300
ENSMUSG00000031770.16	chr8_94392524_94393795_+	chr8	94392524	94393795	+	738
ENSMUSG00000031839.7	chr8_119344620_119344935_+	chr8	119344620	119344935	+	588
ENSMUSG00000031839.7	chr8_119345002_119345612_+	chr8	119345002	119345612	+	550
ENSMUSG00000031839.7	chr8_119345733_119348035_+	chr8	119345733	119348035	+	347
ENSMUSG00000031827.13	chr8_119810355_119822653_-	chr8	119822653	119810355	-	719
ENSMUSG00000031827.13	chr8_119822811_119840141_-	chr8	119840141	119822811	-	634
ENSMUSG00000031827.13	chr8_119840224_119840323_-	chr8	119840323	119840224	-	400
ENSMUSG00000031818.12	chr8_120668355_120669308_+	chr8	120668355	120669308	+	3024
ENSMUSG00000031818.12	chr8_120669382_120672724_+	chr8	120669382	120672724	+	2147
ENSMUSG00000031818.12	chr8_120672892_120673220_+	chr8	120672892	120673220	+	2876
ENSMUSG00000031818.12	chr8_120673352_120673970_+	chr8	120673352	120673970	+	4084
ENSMUSG00000006519.11	chr8_122425087_122426185_-	chr8	122426185	122425087	-	2827
ENSMUSG00000006519.11	chr8_122426267_122426935_-	chr8	122426935	122426267	-	3549
ENSMUSG00000006519.11	chr8_122427019_122427228_-	chr8	122427228	122427019	-	2911
ENSMUSG00000006519.11	chr8_122427303_122427654_-	chr8	122427654	122427303	-	3062
ENSMUSG00000006519.11	chr8_122427724_122432809_-	chr8	122432809	122427724	-	2586
ENSMUSG00000015013.9	chr8_122611693_122613065_+	chr8	122611693	122613065	+	494
ENSMUSG00000015013.9	chr8_122614387_122615390_+	chr8	122614387	122615390	+	477
ENSMUSG00000000740.12	chr8_123102445_123102652_+	chr8	123102445	123102652	+	9724
ENSMUSG00000000740.12	chr8_123102762_123102844_+	chr8	123102762	123102844	+	6423
ENSMUSG00000000740.12	chr8_123102986_123103182_+	chr8	123102986	123103182	+	8367
ENSMUSG00000000740.12	chr8_123103356_123103897_+	chr8	123103356	123103897	+	7347
ENSMUSG00000093904.2	chr8_126935059_126937039_-	chr8	126937039	126935059	-	277
ENSMUSG00000093904.2	chr8_126937182_126939871_-	chr8	126939871	126937182	-	428
ENSMUSG00000093904.2	chr8_126939953_126941178_-	chr8	126941178	126939953	-	266
ENSMUSG00000084786.9	chr9_20644893_20645192_+	chr9	20644893	20645192	+	413
ENSMUSG00000084786.9	chr9_20645259_20645405_+	chr9	20645259	20645405	+	248
ENSMUSG00000084786.9	chr9_20645659_20646615_+	chr9	20645659	20646615	+	318
ENSMUSG00000070319.6	chr9_20894442_20894632_-	chr9	20894632	20894442	-	432
ENSMUSG00000070319.6	chr9_20894739_20894832_-	chr9	20894832	20894739	-	512
ENSMUSG00000070319.6	chr9_20894969_20895088_-	chr9	20895088	20894969	-	375
ENSMUSG00000070319.6	chr9_20895196_20895827_-	chr9	20895827	20895196	-	634
ENSMUSG00000070319.6	chr9_20896017_20896115_-	chr9	20896115	20896017	-	510
ENSMUSG00000070319.6	chr9_20896220_20897706_-	chr9	20897706	20896220	-	525
ENSMUSG00000070319.6	chr9_20897766_20897887_-	chr9	20897887	20897766	-	514
ENSMUSG00000070319.6	chr9_20897976_20898083_-	chr9	20898083	20897976	-	367
ENSMUSG00000070319.6	chr9_20898167_20898377_-	chr9	20898377	20898167	-	382
ENSMUSG00000070319.6	chr9_20898424_20898543_-	chr9	20898543	20898424	-	447
ENSMUSG00000001833.17	chr9_25264207_25265393_+	chr9	25264207	25265393	+	316
ENSMUSG00000001833.17	chr9_25265496_25277543_+	chr9	25265496	25277543	+	371
ENSMUSG00000001833.17	chr9_25277650_25286667_+	chr9	25277650	25286667	+	533
ENSMUSG00000001833.17	chr9_25286768_25288183_+	chr9	25286768	25288183	+	311
ENSMUSG00000001833.17	chr9_25288318_25293684_+	chr9	25288318	25293684	+	606
ENSMUSG00000001833.17	chr9_25293802_25296394_+	chr9	25293802	25296394	+	280
ENSMUSG00000001833.17	chr9_25296487_25297811_+	chr9	25296487	25297811	+	398
ENSMUSG00000001833.17	chr9_25297908_25299491_+	chr9	25297908	25299491	+	296
ENSMUSG00000001833.17	chr9_25299543_25301411_+	chr9	25299543	25301411	+	358
ENSMUSG00000001833.17	chr9_25301537_25303716_+	chr9	25301537	25303716	+	272
ENSMUSG00000015656.17	chr9_40801348_40801917_+	chr9	40801348	40801917	+	576
ENSMUSG00000015656.17	chr9_40802127_40802417_+	chr9	40802127	40802417	+	548
ENSMUSG00000015656.17	chr9_40802623_40802738_+	chr9	40802623	40802738	+	738
ENSMUSG00000015656.17	chr9_40802891_40802973_+	chr9	40802891	40802973	+	934
ENSMUSG00000015656.17	chr9_40803529_40803739_+	chr9	40803529	40803739	+	915
ENSMUSG00000015656.17	chr9_40803942_40804164_+	chr9	40803942	40804164	+	1646
ENSMUSG00000015656.17	chr9_40804363_40804462_+	chr9	40804363	40804462	+	1393
ENSMUSG00000015656.17	chr9_40804695_40804931_+	chr9	40804695	40804931	+	1046
ENSMUSG00000009927.9	chr9_44407757_44407987_+	chr9	44407757	44407987	+	1583
ENSMUSG00000009927.9	chr9_44408083_44408685_+	chr9	44408083	44408685	+	823
ENSMUSG00000009927.9	chr9_44408869_44409953_+	chr9	44408869	44409953	+	1265
ENSMUSG00000038717.8	chr9_44913466_44914650_-	chr9	44914650	44913466	-	624
ENSMUSG00000038717.8	chr9_44914811_44920609_-	chr9	44920609	44914811	-	699
ENSMUSG00000032294.17	chr9_59656649_59665199_+	chr9	59656649	59665199	+	307
ENSMUSG00000032294.17	chr9_59665954_59668548_+	chr9	59665954	59668548	+	443
ENSMUSG00000032294.17	chr9_59668680_59668912_+	chr9	59668680	59668912	+	643
ENSMUSG00000032294.17	chr9_59669099_59670466_+	chr9	59669099	59670466	+	558
ENSMUSG00000032294.17	chr9_59670737_59671574_+	chr9	59670737	59671574	+	658
ENSMUSG00000032294.17	chr9_59671725_59671920_+	chr9	59671725	59671920	+	944
ENSMUSG00000032294.17	chr9_59672073_59675567_+	chr9	59672073	59675567	+	1047
ENSMUSG00000032294.17	chr9_59675734_59678043_+	chr9	59675734	59678043	+	1056
ENSMUSG00000032294.17	chr9_59678225_59678727_+	chr9	59678225	59678727	+	1482
ENSMUSG00000007892.8	chr9_61913521_61913887_-	chr9	61913887	61913521	-	2521
ENSMUSG00000007892.8	chr9_61913962_61914356_-	chr9	61914356	61913962	-	2053
ENSMUSG00000032399.8	chr9_64173433_64174823_+	chr9	64173433	64174823	+	1911
ENSMUSG00000032399.8	chr9_64174995_64175193_+	chr9	64174995	64175193	+	1799
ENSMUSG00000032399.8	chr9_64175300_64175583_+	chr9	64175300	64175583	+	2345
ENSMUSG00000032399.8	chr9_64175722_64176091_+	chr9	64175722	64176091	+	2580
ENSMUSG00000032399.8	chr9_64176216_64176940_+	chr9	64176216	64176940	+	2288
ENSMUSG00000032399.8	chr9_64177070_64177320_+	chr9	64177070	64177320	+	2456
ENSMUSG00000032399.8	chr9_64177477_64177720_+	chr9	64177477	64177720	+	2289
ENSMUSG00000032399.8	chr9_64177804_64177896_+	chr9	64177804	64177896	+	2293
ENSMUSG00000032399.8	chr9_64178017_64178222_+	chr9	64178017	64178222	+	1282
ENSMUSG00000004771.12	chr9_64716988_64725501_-	chr9	64725501	64716988	-	499
ENSMUSG00000004771.12	chr9_64728429_64737583_-	chr9	64737583	64728429	-	238
ENSMUSG00000032383.7	chr9_66060400_66061466_+	chr9	66060400	66061466	+	1166
ENSMUSG00000032383.7	chr9_66061580_66062988_+	chr9	66061580	66062988	+	1221
ENSMUSG00000032383.7	chr9_66063082_66065486_+	chr9	66063082	66065486	+	1402
ENSMUSG00000032383.7	chr9_66065671_66066294_+	chr9	66065671	66066294	+	1180
ENSMUSG00000032231.14	chr9_69486563_69487552_+	chr9	69486563	69487552	+	1413
ENSMUSG00000032231.14	chr9_69489774_69491445_+	chr9	69489774	69491445	+	1271
ENSMUSG00000007656.13	chr9_75037961_75052232_+	chr9	75037961	75052232	+	313
ENSMUSG00000007656.13	chr9_75052355_75056634_+	chr9	75052355	75056634	+	223
ENSMUSG00000037742.14	chr9_78478858_78478957_-	chr9	78478957	78478858	-	6784
ENSMUSG00000037742.14	chr9_78479192_78479277_-	chr9	78479277	78479192	-	10784
ENSMUSG00000037742.14	chr9_78479534_78479623_-	chr9	78479623	78479534	-	9694
ENSMUSG00000037742.14	chr9_78479774_78479851_-	chr9	78479851	78479774	-	8860
ENSMUSG00000037742.14	chr9_78480148_78480240_-	chr9	78480240	78480148	-	7924
ENSMUSG00000037742.14	chr9_78480420_78480510_-	chr9	78480510	78480420	-	3177
ENSMUSG00000037742.14	chr9_78480688_78481638_-	chr9	78481638	78480688	-	2383
ENSMUSG00000032330.7	chr9_79755605_79756276_-	chr9	79756276	79755605	-	221
ENSMUSG00000032330.7	chr9_79756361_79758489_-	chr9	79758489	79756361	-	209
ENSMUSG00000032330.7	chr9_79758579_79759639_-	chr9	79759639	79758579	-	285
ENSMUSG00000032359.14	chr9_90054634_90060478_+	chr9	90054634	90060478	+	1436
ENSMUSG00000032359.14	chr9_90060510_90061518_+	chr9	90060510	90061518	+	1548
ENSMUSG00000032359.14	chr9_90061624_90062716_+	chr9	90061624	90062716	+	1904
ENSMUSG00000032359.14	chr9_90062787_90064152_+	chr9	90062787	90064152	+	2180
ENSMUSG00000032359.14	chr9_90064257_90064506_+	chr9	90064257	90064506	+	2774
ENSMUSG00000032359.14	chr9_90064593_90065391_+	chr9	90064593	90065391	+	2774
ENSMUSG00000032359.14	chr9_90065447_90067026_+	chr9	90065447	90067026	+	3181
ENSMUSG00000032359.14	chr9_90067108_90068404_+	chr9	90067108	90068404	+	4377
ENSMUSG00000032359.14	chr9_90068473_90071818_+	chr9	90068473	90071818	+	3932
ENSMUSG00000032359.14	chr9_90071925_90074867_+	chr9	90071925	90074867	+	3736
ENSMUSG00000032359.14	chr9_90074993_90075681_+	chr9	90074993	90075681	+	3896
ENSMUSG00000062270.14	chr9_90093818_90094354_-	chr9	90094354	90093818	-	320
ENSMUSG00000062270.14	chr9_90100523_90102299_-	chr9	90102299	90100523	-	209
ENSMUSG00000062270.14	chr9_90095209_90096502_-	chr9	90096502	90095209	-	228
ENSMUSG00000020253.15	chr9_106195470_106195786_-	chr9	106195786	106195470	-	412
ENSMUSG00000020253.15	chr9_106195938_106196049_-	chr9	106196049	106195938	-	626
ENSMUSG00000020253.15	chr9_106196157_106196367_-	chr9	106196367	106196157	-	737
ENSMUSG00000020253.15	chr9_106196431_106196592_-	chr9	106196592	106196431	-	505
ENSMUSG00000020253.15	chr9_106196711_106196803_-	chr9	106196803	106196711	-	418
ENSMUSG00000020253.15	chr9_106196888_106197226_-	chr9	106197226	106196888	-	660
ENSMUSG00000023277.13	chr9_106203284_106206888_+	chr9	106203284	106206888	+	230
ENSMUSG00000023277.13	chr9_106206966_106211718_+	chr9	106206966	106211718	+	209
ENSMUSG00000023277.13	chr9_106211897_106212255_+	chr9	106211897	106212255	+	322
ENSMUSG00000023277.13	chr9_106212351_106212731_+	chr9	106212351	106212731	+	510
ENSMUSG00000023277.13	chr9_106212836_106212937_+	chr9	106212836	106212937	+	368
ENSMUSG00000023277.13	chr9_106213063_106214100_+	chr9	106213063	106214100	+	432
ENSMUSG00000023277.13	chr9_106214251_106214355_+	chr9	106214251	106214355	+	711
ENSMUSG00000023277.13	chr9_106214477_106214827_+	chr9	106214477	106214827	+	562
ENSMUSG00000048758.14	chr9_106430014_106430307_+	chr9	106430014	106430307	+	925
ENSMUSG00000048758.14	chr9_106430372_106431068_+	chr9	106430372	106431068	+	1042
ENSMUSG00000032575.16	chr9_106889225_106890160_-	chr9	106890160	106889225	-	368
ENSMUSG00000032575.16	chr9_106890302_106891070_-	chr9	106891070	106890302	-	331
ENSMUSG00000032575.16	chr9_106891198_106891813_-	chr9	106891813	106891198	-	277
ENSMUSG00000032562.13	chr9_107615098_107615611_-	chr9	107615611	107615098	-	1303
ENSMUSG00000032562.13	chr9_107615825_107616154_-	chr9	107616154	107615825	-	1226
ENSMUSG00000032562.13	chr9_107616308_107616413_-	chr9	107616413	107616308	-	1339
ENSMUSG00000032562.13	chr9_107616543_107616934_-	chr9	107616934	107616543	-	1484
ENSMUSG00000032562.13	chr9_107617063_107619696_-	chr9	107619696	107617063	-	1491
ENSMUSG00000032562.13	chr9_107619857_107620046_-	chr9	107620046	107619857	-	1322
ENSMUSG00000032562.13	chr9_107620188_107620419_-	chr9	107620419	107620188	-	722
ENSMUSG00000032562.13	chr9_107620462_107635099_-	chr9	107635099	107620462	-	519
ENSMUSG00000007815.13	chr9_108306553_108315307_+	chr9	108306553	108315307	+	528
ENSMUSG00000007815.13	chr9_108315382_108327583_+	chr9	108315382	108327583	+	828
ENSMUSG00000007815.13	chr9_108327741_108330870_+	chr9	108327741	108330870	+	974
ENSMUSG00000007815.13	chr9_108330991_108335050_+	chr9	108330991	108335050	+	808
ENSMUSG00000007815.13	chr9_108335181_108336647_+	chr9	108335181	108336647	+	935
ENSMUSG00000063856.7	chr9_108339558_108339776_+	chr9	108339558	108339776	+	4486
ENSMUSG00000062867.13	chr9_108561698_108561782_+	chr9	108561698	108561782	+	225
ENSMUSG00000062867.13	chr9_108562380_108562791_+	chr9	108562380	108562791	+	250
ENSMUSG00000025651.14	chr9_108936787_108937015_+	chr9	108936787	108937015	+	601
ENSMUSG00000025651.14	chr9_108937156_108942083_+	chr9	108937156	108942083	+	823
ENSMUSG00000025651.14	chr9_108942170_108944043_+	chr9	108942170	108944043	+	727
ENSMUSG00000025651.14	chr9_108944173_108944689_+	chr9	108944173	108944689	+	1472
ENSMUSG00000025651.14	chr9_108944888_108945359_+	chr9	108944888	108945359	+	1380
ENSMUSG00000025651.14	chr9_108945439_108946937_+	chr9	108945439	108946937	+	1396
ENSMUSG00000025651.14	chr9_108947053_108947335_+	chr9	108947053	108947335	+	1401
ENSMUSG00000025651.14	chr9_108947479_108947597_+	chr9	108947479	108947597	+	1403
ENSMUSG00000025651.14	chr9_108947758_108947855_+	chr9	108947758	108947855	+	1385
ENSMUSG00000025651.14	chr9_108947941_108948544_+	chr9	108947941	108948544	+	1119
ENSMUSG00000025651.14	chr9_108948633_108948938_+	chr9	108948633	108948938	+	904
ENSMUSG00000025651.14	chr9_108949014_108949434_+	chr9	108949014	108949434	+	798
ENSMUSG00000091537.2	chr9_109078425_109082001_-	chr9	109082001	109078425	-	217
ENSMUSG00000091537.2	chr9_109082089_109082170_-	chr9	109082170	109082089	-	274
ENSMUSG00000091537.2	chr9_109082226_109082326_-	chr9	109082326	109082226	-	385
ENSMUSG00000032518.6	chr9_120127830_120128456_+	chr9	120127830	120128456	+	4738
ENSMUSG00000032518.6	chr9_120128622_120129157_+	chr9	120128622	120129157	+	3956
ENSMUSG00000032518.6	chr9_120129276_120130117_+	chr9	120129276	120130117	+	4554
ENSMUSG00000032518.6	chr9_120130896_120130999_+	chr9	120130896	120130999	+	5250
ENSMUSG00000032518.6	chr9_120131165_120131399_+	chr9	120131165	120131399	+	7348
ENSMUSG00000025794.9	chr9_120571541_120572095_+	chr9	120571541	120572095	+	1318
ENSMUSG00000025794.9	chr9_120572197_120572767_+	chr9	120572197	120572767	+	1720
ENSMUSG00000025794.9	chr9_120572862_120573575_+	chr9	120572862	120573575	+	2774
ENSMUSG00000025794.9	chr9_120573675_120573763_+	chr9	120573675	120573763	+	2102
ENSMUSG00000025794.9	chr9_120573817_120574094_+	chr9	120573817	120574094	+	1568
ENSMUSG00000031007.2	chrX_12607080_12608834_+	chrX	12607080	12608834	+	617
ENSMUSG00000031007.2	chrX_12608954_12615681_+	chrX	12608954	12615681	+	746
ENSMUSG00000079641.3	chrX_37082749_37083984_-	chrX	37083984	37082749	-	332
ENSMUSG00000079641.3	chrX_37084088_37085124_-	chrX	37085124	37084088	-	747
ENSMUSG00000016427.7	chrX_37187741_37189873_-	chrX	37189873	37187741	-	205
ENSMUSG00000016427.7	chrX_37189963_37190988_-	chrX	37190988	37189963	-	294
ENSMUSG00000016534.15	chrX_38424431_38425362_-	chrX	38425362	38424431	-	470
ENSMUSG00000016534.15	chrX_38431040_38431849_-	chrX	38431849	38431040	-	562
ENSMUSG00000016534.15	chrX_38432061_38435395_-	chrX	38435395	38432061	-	565
ENSMUSG00000016534.15	chrX_38435554_38440130_-	chrX	38440130	38435554	-	599
ENSMUSG00000016534.15	chrX_38440344_38442024_-	chrX	38442024	38440344	-	427
ENSMUSG00000016534.15	chrX_38442140_38456248_-	chrX	38456248	38442140	-	370
ENSMUSG00000002014.12	chrX_73788953_73789799_+	chrX	73788953	73789799	+	708
ENSMUSG00000002014.12	chrX_73789874_73790030_+	chrX	73789874	73790030	+	595
ENSMUSG00000002014.12	chrX_73790120_73790358_+	chrX	73790120	73790358	+	402
ENSMUSG00000002014.12	chrX_73790424_73790653_+	chrX	73790424	73790653	+	489
ENSMUSG00000008682.13	chrX_74270874_74270978_+	chrX	74270874	74270978	+	925
ENSMUSG00000008682.13	chrX_74271024_74271659_+	chrX	74271024	74271659	+	3016
ENSMUSG00000008682.13	chrX_74271718_74271799_+	chrX	74271718	74271799	+	3607
ENSMUSG00000008682.13	chrX_74271907_74272178_+	chrX	74271907	74272178	+	2487
ENSMUSG00000008682.13	chrX_74272317_74272671_+	chrX	74272317	74272671	+	3829
ENSMUSG00000008682.13	chrX_74272834_74272914_+	chrX	74272834	74272914	+	2585
ENSMUSG00000019087.13	chrX_74297321_74297622_+	chrX	74297321	74297622	+	467
ENSMUSG00000019087.13	chrX_74297749_74300249_+	chrX	74297749	74300249	+	806
ENSMUSG00000019087.13	chrX_74300324_74300577_+	chrX	74300324	74300577	+	824
ENSMUSG00000019087.13	chrX_74300771_74301323_+	chrX	74300771	74301323	+	686
ENSMUSG00000019087.13	chrX_74301364_74301935_+	chrX	74301364	74301935	+	887
ENSMUSG00000019087.13	chrX_74302021_74302361_+	chrX	74302021	74302361	+	1188
ENSMUSG00000019087.13	chrX_74302600_74303221_+	chrX	74302600	74303221	+	784
ENSMUSG00000019087.13	chrX_74303269_74303357_+	chrX	74303269	74303357	+	692
ENSMUSG00000019087.13	chrX_74303586_74303796_+	chrX	74303586	74303796	+	787
ENSMUSG00000031400.10	chrX_74410297_74410396_-	chrX	74410396	74410297	-	543
ENSMUSG00000031400.10	chrX_74410489_74410582_-	chrX	74410582	74410489	-	333
ENSMUSG00000031320.9	chrX_102185131_102185502_-	chrX	102185502	102185131	-	2123
ENSMUSG00000031320.9	chrX_102185660_102186395_-	chrX	102186395	102185660	-	2192
ENSMUSG00000031320.9	chrX_102186567_102187354_-	chrX	102187354	102186567	-	2069
ENSMUSG00000031320.9	chrX_102187452_102187821_-	chrX	102187821	102187452	-	1678
ENSMUSG00000031320.9	chrX_102188002_102188293_-	chrX	102188293	102188002	-	1219
ENSMUSG00000031320.9	chrX_102188371_102189297_-	chrX	102189297	102188371	-	1040
ENSMUSG00000031231.4	chrX_106019703_106021745_+	chrX	106019703	106021745	+	391
ENSMUSG00000079435.9	chrX_134585719_134586077_+	chrX	134585719	134586077	+	360
ENSMUSG00000079435.9	chrX_134586183_134586510_+	chrX	134586183	134586510	+	484
ENSMUSG00000079435.9	chrX_134586578_134587450_+	chrX	134586578	134587450	+	361
ENSMUSG00000079435.9	chrX_134587573_134587936_+	chrX	134587573	134587936	+	408
ENSMUSG00000025283.15	chrX_155213667_155213896_-	chrX	155213896	155213667	-	1539
ENSMUSG00000025283.15	chrX_155213937_155214032_-	chrX	155214032	155213937	-	1862
ENSMUSG00000025283.15	chrX_155214134_155215600_-	chrX	155215600	155214134	-	1460
ENSMUSG00000025283.15	chrX_155215684_155215784_-	chrX	155215784	155215684	-	1342
ENSMUSG00000025283.15	chrX_155215836_155216102_-	chrX	155216102	155215836	-	1115
ENSMUSG00000049775.16	chrX_167207535_167207936_-	chrX	167207936	167207535	-	11655
ENSMUSG00000049775.16	chrX_167208051_167209105_-	chrX	167209105	167208051	-	27056
ENSMUSG00000026111.15	chr1_37431576_37432550_+	chr1	37431576	37432550	+	1054
ENSMUSG00000058715.11	chr1_171229927_171230066_-	chr1	171230066	171229927	-	4570
ENSMUSG00000058715.11	chr1_171230087_171230995_-	chr1	171230995	171230087	-	4773
ENSMUSG00000058715.11	chr1_171231031_171231176_-	chr1	171231176	171231031	-	5812
ENSMUSG00000018593.13	chr11_55395613_55395800_-	chr11	55395800	55395613	-	3626
ENSMUSG00000018593.13	chr11_55399325_55401950_-	chr11	55401950	55399325	-	4788
ENSMUSG00000018593.13	chr11_55402071_55405179_-	chr11	55405179	55402071	-	3850
ENSMUSG00000018593.13	chr11_55407279_55409927_-	chr11	55409927	55407279	-	1357
ENSMUSG00000001270.9	chr12_111671579_111671765_-	chr12	111671765	111671579	-	591
ENSMUSG00000021665.9	chr13_97176589_97176796_-	chr13	97176796	97176589	-	14695
ENSMUSG00000021665.9	chr13_97176901_97177055_-	chr13	97177055	97176901	-	8488
ENSMUSG00000021665.9	chr13_97177146_97177879_-	chr13	97177879	97177146	-	8847
ENSMUSG00000021665.9	chr13_97178054_97179343_-	chr13	97179343	97178054	-	13571
ENSMUSG00000021665.9	chr13_97182013_97183676_-	chr13	97183676	97182013	-	16475
ENSMUSG00000021665.9	chr13_97183806_97185567_-	chr13	97185567	97183806	-	15330
ENSMUSG00000021665.9	chr13_97191278_97194121_-	chr13	97194121	97191278	-	13133
ENSMUSG00000064373.12	chr15_3271052_3274660_+	chr15	3271052	3274660	+	1179
ENSMUSG00000064373.12	chr15_3274876_3275566_+	chr15	3274876	3275566	+	1589
ENSMUSG00000064373.12	chr15_3275779_3277156_+	chr15	3275779	3277156	+	2987
ENSMUSG00000064373.12	chr15_3277274_3279101_+	chr15	3277274	3279101	+	2397
ENSMUSG00000022372.14	chr15_66789785_66792224_-	chr15	66792224	66789785	-	314
ENSMUSG00000022971.18	chr16_91373074_91383860_+	chr16	91373074	91383860	+	678
ENSMUSG00000022971.18	chr16_91383953_91384982_+	chr16	91383953	91384982	+	798
ENSMUSG00000022971.18	chr16_91385024_91385941_+	chr16	91385024	91385941	+	853
ENSMUSG00000022971.18	chr16_91386065_91387943_+	chr16	91386065	91387943	+	952
ENSMUSG00000024758.14	chr19_7432590_7434930_-	chr19	7434930	7432590	-	385
ENSMUSG00000017760.16	chr2_164835311_164835629_+	chr2	164835311	164835629	+	3534
ENSMUSG00000017760.16	chr2_164836511_164836985_+	chr2	164836511	164836985	+	3587
ENSMUSG00000017760.16	chr2_164837077_164837181_+	chr2	164837077	164837181	+	3615
ENSMUSG00000017760.16	chr2_164837257_164837356_+	chr2	164837257	164837356	+	3541
ENSMUSG00000038393.14	chr3_96560094_96560207_+	chr3	96560094	96560207	+	201
ENSMUSG00000038393.14	chr3_96560359_96560478_+	chr3	96560359	96560478	+	210
ENSMUSG00000040747.9	chr3_106763292_106767326_-	chr3	106767326	106763292	-	853
ENSMUSG00000040747.9	chr3_106770760_106789966_-	chr3	106789966	106770760	-	635
ENSMUSG00000029723.16	chr5_137751368_137758683_+	chr5	137751368	137758683	+	280
ENSMUSG00000029911.14	chr6_40476507_40476747_+	chr6	40476507	40476747	+	220
ENSMUSG00000029810.15	chr6_48834139_48834506_-	chr6	48834506	48834139	-	776
ENSMUSG00000029810.15	chr6_48834626_48835444_-	chr6	48835444	48834626	-	1297
ENSMUSG00000029810.15	chr6_48835675_48835905_-	chr6	48835905	48835675	-	623
ENSMUSG00000029810.15	chr6_48835962_48836226_-	chr6	48836226	48835962	-	844
ENSMUSG00000029810.15	chr6_48836337_48838171_-	chr6	48838171	48836337	-	1096
ENSMUSG00000002985.16	chr7_19697103_19697478_-	chr7	19697478	19697103	-	6700
ENSMUSG00000002985.16	chr7_19698253_19699010_-	chr7	19699010	19698253	-	4982
ENSMUSG00000018819.10	chr7_142484625_142486346_+	chr7	142484625	142486346	+	772
ENSMUSG00000037706.17	chr7_143053066_143062492_+	chr7	143053066	143062492	+	3995
ENSMUSG00000037706.17	chr7_143062607_143065208_+	chr7	143062607	143065208	+	6288
ENSMUSG00000037706.17	chr7_143065306_143065942_+	chr7	143065306	143065942	+	6004
ENSMUSG00000037706.17	chr7_143066017_143066247_+	chr7	143066017	143066247	+	6012
ENSMUSG00000037706.17	chr7_143066352_143066660_+	chr7	143066352	143066660	+	8861
ENSMUSG00000037706.17	chr7_143066762_143067146_+	chr7	143066762	143067146	+	6490
ENSMUSG00000037706.17	chr7_143067233_143067311_+	chr7	143067233	143067311	+	6703
ENSMUSG00000031613.9	chr8_56294712_56294938_+	chr8	56294712	56294938	+	270
ENSMUSG00000031613.9	chr8_56298462_56307593_+	chr8	56298462	56307593	+	411
ENSMUSG00000031613.9	chr8_56307690_56317749_+	chr8	56307690	56317749	+	372
ENSMUSG00000031613.9	chr8_56317826_56318992_+	chr8	56317826	56318992	+	302
ENSMUSG00000031613.9	chr8_56319156_56320057_+	chr8	56319156	56320057	+	459
ENSMUSG00000034880.7	chr8_71465067_71465249_+	chr8	71465067	71465249	+	464
ENSMUSG00000040813.16	chr9_106659307_106662359_-	chr9	106662359	106659307	-	543
ENSMUSG00000040813.16	chr9_106662528_106673516_-	chr9	106673516	106662528	-	449
ENSMUSG00000040813.16	chr9_106673738_106681867_-	chr9	106681867	106673738	-	428
ENSMUSG00000040813.16	chr9_106682163_106684928_-	chr9	106684928	106682163	-	398
ENSMUSG00000026656.15	chr1_170966700_170967979_-	chr1	170967979	170966700	-	1095
ENSMUSG00000059498.13	chr1_171051852_171053938_-	chr1	171053938	171051852	-	2035
ENSMUSG00000059498.13	chr1_171054193_171057690_-	chr1	171057690	171054193	-	1204
ENSMUSG00000059498.13	chr1_171057948_171058585_-	chr1	171058585	171057948	-	434
ENSMUSG00000059498.13	chr1_171058606_171059268_-	chr1	171059268	171058606	-	537
ENSMUSG00000020009.13	chr10_19592197_19597415_+	chr10	19592197	19597415	+	839
ENSMUSG00000020009.13	chr10_19597530_19601319_+	chr10	19597530	19601319	+	1549
ENSMUSG00000020009.13	chr10_19601483_19603753_+	chr10	19601483	19603753	+	1007
ENSMUSG00000020009.13	chr10_19603932_19606233_+	chr10	19603932	19606233	+	1533
ENSMUSG00000020009.13	chr10_19606420_19607256_+	chr10	19606420	19607256	+	873
ENSMUSG00000020009.13	chr10_19607381_19609136_+	chr10	19607381	19609136	+	1206
ENSMUSG00000018774.13	chr11_69664921_69665034_-	chr11	69665034	69664921	-	2069
ENSMUSG00000021190.14	chr12_102395814_102398182_-	chr12	102398182	102395814	-	3716
ENSMUSG00000021190.14	chr12_102403502_102404259_-	chr12	102404259	102403502	-	3329
ENSMUSG00000056069.10	chr15_27657071_27658044_-	chr15	27658044	27657071	-	704
ENSMUSG00000056069.10	chr15_27658314_27659889_-	chr15	27659889	27658314	-	1232
ENSMUSG00000056069.10	chr15_27660018_27662338_-	chr15	27662338	27660018	-	795
ENSMUSG00000056069.10	chr15_27662488_27664343_-	chr15	27664343	27662488	-	797
ENSMUSG00000056069.10	chr15_27664435_27664536_-	chr15	27664536	27664435	-	819
ENSMUSG00000056069.10	chr15_27664568_27664653_-	chr15	27664653	27664568	-	808
ENSMUSG00000056069.10	chr15_27664813_27681396_-	chr15	27681396	27664813	-	457
ENSMUSG00000098112.7	chr15_100641564_100644812_-	chr15	100644812	100641564	-	1170
ENSMUSG00000098112.7	chr15_100650275_100651958_-	chr15	100651958	100650275	-	1054
ENSMUSG00000098112.7	chr15_100652044_100652384_-	chr15	100652384	100652044	-	977
ENSMUSG00000098112.7	chr15_100652492_100656194_-	chr15	100656194	100652492	-	889
ENSMUSG00000098112.7	chr15_100656290_100656709_-	chr15	100656709	100656290	-	704
ENSMUSG00000098112.7	chr15_100656804_100657059_-	chr15	100657059	100656804	-	639
ENSMUSG00000098112.7	chr15_100657114_100662516_-	chr15	100662516	100657114	-	344
ENSMUSG00000098112.7	chr15_100662597_100669412_-	chr15	100669412	100662597	-	350
ENSMUSG00000022901.13	chr16_36607147_36615235_-	chr16	36615235	36607147	-	389
ENSMUSG00000024338.14	chr17_34199380_34199570_+	chr17	34199380	34199570	+	1238
ENSMUSG00000024338.14	chr17_34200915_34201177_+	chr17	34200915	34201177	+	982
ENSMUSG00000036372.14	chr19_10207300_10207716_+	chr19	10207300	10207716	+	313
ENSMUSG00000017707.9	chr2_163626477_163627871_-	chr2	163627871	163626477	-	236
ENSMUSG00000016256.10	chr2_174427982_174428577_-	chr2	174428577	174427982	-	5090
ENSMUSG00000016256.10	chr2_174428743_174429055_-	chr2	174429055	174428743	-	6063
ENSMUSG00000016256.10	chr2_174429206_174433487_-	chr2	174433487	174429206	-	5710
ENSMUSG00000016256.10	chr2_174433667_174438164_-	chr2	174438164	174433667	-	4580
ENSMUSG00000016256.10	chr2_174438328_174438749_-	chr2	174438749	174438328	-	3447
ENSMUSG00000038642.10	chr3_95526925_95529436_+	chr3	95526925	95529436	+	10355
ENSMUSG00000038642.10	chr3_95545563_95546795_+	chr3	95545563	95546795	+	8914
ENSMUSG00000038642.10	chr3_95546961_95550052_+	chr3	95546961	95550052	+	12220
ENSMUSG00000028581.17	chr4_130913434_130926104_+	chr4	130913434	130926104	+	2221
ENSMUSG00000028581.17	chr4_130926198_130926770_+	chr4	130926198	130926770	+	2950
ENSMUSG00000028581.17	chr4_130926847_130928636_+	chr4	130926847	130928636	+	2674
ENSMUSG00000028581.17	chr4_130928762_130929419_+	chr4	130928762	130929419	+	3542
ENSMUSG00000028581.17	chr4_130929542_130930770_+	chr4	130929542	130930770	+	4028
ENSMUSG00000028581.17	chr4_130930866_130932016_+	chr4	130930866	130932016	+	4072
ENSMUSG00000028581.17	chr4_130932109_130934460_+	chr4	130932109	130934460	+	4212
ENSMUSG00000000682.7	chr4_134093900_134094933_-	chr4	134094933	134093900	-	967
ENSMUSG00000036887.5	chr4_136897844_136898745_-	chr4	136898745	136897844	-	6263
ENSMUSG00000048163.13	chr5_113820248_113830348_-	chr5	113830348	113820248	-	2810
ENSMUSG00000042079.13	chr6_117917598_117919098_+	chr6	117917598	117919098	+	239
ENSMUSG00000042079.13	chr6_117919159_117923707_+	chr6	117919159	117923707	+	379
ENSMUSG00000030579.10	chr7_30413899_30414341_+	chr7	30413899	30414341	+	6896
ENSMUSG00000030579.10	chr7_30414368_30414503_+	chr7	30414368	30414503	+	4882
ENSMUSG00000030579.10	chr7_30414650_30415631_+	chr7	30414650	30415631	+	5037
ENSMUSG00000030579.10	chr7_30415675_30417343_+	chr7	30415675	30417343	+	6385
ENSMUSG00000033685.13	chr7_100493465_100494213_+	chr7	100493465	100494213	+	351
ENSMUSG00000033685.13	chr7_100494375_100496725_+	chr7	100494375	100496725	+	336
ENSMUSG00000033685.13	chr7_100496948_100497094_+	chr7	100496948	100497094	+	833
ENSMUSG00000033685.13	chr7_100497305_100498077_+	chr7	100497305	100498077	+	883
ENSMUSG00000033685.13	chr7_100498272_100498347_+	chr7	100498272	100498347	+	1086
ENSMUSG00000033685.13	chr7_100498449_100498735_+	chr7	100498449	100498735	+	714
ENSMUSG00000033685.13	chr7_100498916_100499235_+	chr7	100498916	100499235	+	1070
ENSMUSG00000030707.15	chr7_126699985_126700256_-	chr7	126700256	126699985	-	2145
ENSMUSG00000030707.15	chr7_126700472_126700583_-	chr7	126700583	126700472	-	2801
ENSMUSG00000030707.15	chr7_126700641_126700739_-	chr7	126700739	126700641	-	2807
ENSMUSG00000030707.15	chr7_126700885_126700991_-	chr7	126700991	126700885	-	3225
ENSMUSG00000030707.15	chr7_126701096_126701289_-	chr7	126701289	126701096	-	3070
ENSMUSG00000030707.15	chr7_126701409_126701517_-	chr7	126701517	126701409	-	3162
ENSMUSG00000030707.15	chr7_126701702_126701789_-	chr7	126701789	126701702	-	3628
ENSMUSG00000030707.15	chr7_126701919_126702005_-	chr7	126702005	126701919	-	4142
ENSMUSG00000030707.15	chr7_126702128_126702975_-	chr7	126702975	126702128	-	2510
ENSMUSG00000030707.15	chr7_126703174_126704651_-	chr7	126704651	126703174	-	1886
ENSMUSG00000031532.6	chr8_34154836_34161194_+	chr8	34154836	34161194	+	361
ENSMUSG00000031532.6	chr8_34161373_34165140_+	chr8	34161373	34165140	+	823
ENSMUSG00000031532.6	chr8_34165540_34167718_+	chr8	34165540	34167718	+	801
ENSMUSG00000031532.6	chr8_34167857_34168456_+	chr8	34167857	34168456	+	707
ENSMUSG00000031532.6	chr8_34168611_34170095_+	chr8	34168611	34170095	+	1061
ENSMUSG00000005142.10	chr8_85097054_85097401_+	chr8	85097054	85097401	+	204
ENSMUSG00000031897.9	chr8_105935905_105935995_-	chr8	105935995	105935905	-	829
ENSMUSG00000031897.9	chr8_105936147_105936695_-	chr8	105936695	105936147	-	924
ENSMUSG00000031897.9	chr8_105936754_105936865_-	chr8	105936865	105936754	-	967
ENSMUSG00000031897.9	chr8_105936981_105937240_-	chr8	105937240	105936981	-	1000
ENSMUSG00000031897.9	chr8_105937591_105937678_-	chr8	105937678	105937591	-	758
ENSMUSG00000031897.9	chr8_105937766_105937954_-	chr8	105937954	105937766	-	760
ENSMUSG00000025232.8	chr9_59539976_59554132_+	chr9	59539976	59554132	+	1494
ENSMUSG00000025232.8	chr9_59554225_59555338_+	chr9	59554225	59555338	+	2523
ENSMUSG00000025232.8	chr9_59555404_59556871_+	chr9	59555404	59556871	+	2483
ENSMUSG00000025232.8	chr9_59556918_59557287_+	chr9	59556918	59557287	+	2305
ENSMUSG00000025232.8	chr9_59557398_59558033_+	chr9	59557398	59558033	+	2339
ENSMUSG00000025232.8	chr9_59558135_59559323_+	chr9	59558135	59559323	+	2321
ENSMUSG00000025232.8	chr9_59559456_59560896_+	chr9	59559456	59560896	+	3263
ENSMUSG00000025232.8	chr9_59561077_59561942_+	chr9	59561077	59561942	+	2359
ENSMUSG00000025232.8	chr9_59562026_59562295_+	chr9	59562026	59562295	+	3072
ENSMUSG00000025232.8	chr9_59562368_59562866_+	chr9	59562368	59562866	+	3298
ENSMUSG00000025232.8	chr9_59563050_59563223_+	chr9	59563050	59563223	+	4064
ENSMUSG00000025232.8	chr9_59563314_59563882_+	chr9	59563314	59563882	+	3857
ENSMUSG00000025232.8	chr9_59563987_59564820_+	chr9	59563987	59564820	+	3413
ENSMUSG00000020101.14	chr10_60368725_60368901_+	chr10	60368725	60368901	+	1140
ENSMUSG00000000399.10	chr6_126834496_126836218_-	chr6	126836218	126834496	-	622
ENSMUSG00000004667.18	chr10_80036301_80036526_-	chr10	80036526	80036301	-	589
ENSMUSG00000004667.18	chr10_80036598_80036763_-	chr10	80036763	80036598	-	691
ENSMUSG00000004667.18	chr10_80036842_80036914_-	chr10	80036914	80036842	-	736
ENSMUSG00000004667.18	chr10_80036973_80037187_-	chr10	80037187	80036973	-	783
ENSMUSG00000004667.18	chr10_80037384_80038438_-	chr10	80038438	80037384	-	719
ENSMUSG00000004667.18	chr10_80038613_80039582_-	chr10	80039582	80038613	-	575
ENSMUSG00000025647.16	chr9_109056505_109056649_+	chr9	109056505	109056649	+	1857
